clause_id,document_id,clause_text,model_a_labels,model_b_labels,model_c_labels,final_pseudo_labels,model_a_confidence,model_b_confidence,model_c_confidence,average_confidence,agreement_score,pseudo_label_quality,reason,label_source,label_party_identification,label_purpose,label_nda_type,label_definition_of_confidential_information,label_confidentiality_obligations,label_authorized_disclosure,label_non-confidential_information,label_liability_for_damages,label_competition_rights,label_term_and_termination,label_intellectual_property,label_employees,label_governing_law_and_jurisdiction,label_additional_information
0859334b76224ff82c1312ae7b2b5da1_clause_000,0859334b76224ff82c1312ae7b2b5da1,EX-99.15 2 exhibit-ndaexecutionversion.htm,"[""Additional Information""]","[""Additional Information""]","[""Additional Information""]","[""Additional Information""]",0.98,0.95,1.0,0.9767,1.0,HIGH_CONFIDENCE,The text contains document header and filing metadata rather than substantive legal terms. | The text is an SEC exhibit header or metadata document reference and does not contain substantive contractual clauses. | The clause text is a file header or ,llm_pseudo_label,0,0,0,0,0,0,0,0,0,0,0,0,0,1
0859334b76224ff82c1312ae7b2b5da1_clause_001,0859334b76224ff82c1312ae7b2b5da1,EXECUTION VERSION,"[""Additional Information""]","[""Additional Information""]","[""Additional Information""]","[""Additional Information""]",0.99,0.95,1.0,0.98,1.0,HIGH_CONFIDENCE,The text 'EXECUTION VERSION' is a boilerplate document header indicating the version status and does not fall into any specific substantive NDA category. | The text 'EXECUTION VERSION' is an administrative document label that does not fit any substan,llm_pseudo_label,0,0,0,0,0,0,0,0,0,0,0,0,0,1
0859334b76224ff82c1312ae7b2b5da1_clause_002,0859334b76224ff82c1312ae7b2b5da1,NON-DISCLOSURE AND CONFIDENTIALITY AGREEMENT,"[""NDA Type""]","[""Additional Information""]","[""NDA Type""]","[""NDA Type""]",0.95,0.9,1.0,0.95,0.3333,DISAGREEMENT,"The clause text is the title of the document, identifying the agreement type as a Non-Disclosure and Confidentiality Agreement. | The clause is the title of the agreement and does not contain substantive provisions belonging to the other specific cat",llm_pseudo_label,0,0,1,0,0,0,0,0,0,0,0,0,0,0
0859334b76224ff82c1312ae7b2b5da1_clause_003,0859334b76224ff82c1312ae7b2b5da1,"THIS NON-DISCLOSURE AND CONFIDENTIALITY AGREEMENT (this “Agreement”) is made effective as of
February 18, 2013, by and between Central European Distribution Corporation, a Delaware corporation (“CEDC”) and
W&L Enterprises Ltd. (the “Recipient”).","[""Party Identification"", ""NDA Type""]","[""Party Identification""]","[""Party Identification"", ""NDA Type""]","[""NDA Type"", ""Party Identification""]",0.95,1.0,0.95,0.9667,0.6667,MEDIUM_CONFIDENCE,"The clause identifies the contracting parties and specifies the agreement type (Non-Disclosure Agreement) with a designated Recipient. | The clause explicitly identifies the parties entering into the agreement, CEDC and W&L Enterprises Ltd., and defi",llm_pseudo_label,1,0,1,0,0,0,0,0,0,0,0,0,0,0
0859334b76224ff82c1312ae7b2b5da1_clause_004,0859334b76224ff82c1312ae7b2b5da1,"WHEREAS, CEDC has issued (i) 3.00% Convertible Notes due 2013 (the “Convertible Notes”) and (ii) $380
million 9.125% Senior Secured Notes due 2016 and €430 ($556.6 million) 8.875% Senior Secured Notes due 2016
(collectively, the “2016 Notes” and together with the Convertible Notes, the “Notes”).","[""Additional Information""]","[""Party Identification""]","[""Additional Information""]","[""Additional Information""]",0.9,0.9,0.9,0.9,0.3333,DISAGREEMENT,This recital clause provides factual background regarding debt securities issued by CEDC and does not fit any specific operational NDA category. | The clause identifies specific financial instruments and the associated party (CEDC) involved in the tr,llm_pseudo_label,0,0,0,0,0,0,0,0,0,0,0,0,0,1
0859334b76224ff82c1312ae7b2b5da1_clause_005,0859334b76224ff82c1312ae7b2b5da1,"WHEREAS, the Recipient holds 7,517,549 shares of CEDC’s outstanding common stock (the “Common
Stock”).","[""Party Identification""]","[""Party Identification""]","[""Party Identification""]","[""Party Identification""]",0.9,0.95,0.9,0.9167,1.0,HIGH_CONFIDENCE,"The clause provides context identifying the Recipient and its existing shareholding in CEDC. | The clause identifies the Recipient by their specific shareholding stake in the company, which establishes the identity and context of the party. | N/A - M",llm_pseudo_label,1,0,0,0,0,0,0,0,0,0,0,0,0,0
0859334b76224ff82c1312ae7b2b5da1_clause_006,0859334b76224ff82c1312ae7b2b5da1,"WHEREAS the Recipient and CEDC wish to enter into discussions with respect to a potential restructuring of the
Notes and Common Stock (a “Restructuring”).","[""Purpose"", ""Party Identification""]","[""Party Identification"", ""Purpose""]","[""Purpose"", ""Party Identification""]","[""Party Identification"", ""Purpose""]",0.95,0.98,0.95,0.96,1.0,HIGH_CONFIDENCE,The clause identifies the parties involved and specifies the underlying purpose for entering into discussions regarding a potential restructuring. | The clause identifies the involved parties (Recipient and CEDC) and explicitly states the business pu,llm_pseudo_label,1,1,0,0,0,0,0,0,0,0,0,0,0,0
0859334b76224ff82c1312ae7b2b5da1_clause_007,0859334b76224ff82c1312ae7b2b5da1,"WHEREAS, CEDC, in such discussions, may disclose certain confidential information to the Recipient in order
to initiate, facilitate, and/or progress such restructuring discussions (the “Purpose”).","[""Purpose"", ""Party Identification""]","[""Purpose""]","[""Purpose"", ""Party Identification""]","[""Party Identification"", ""Purpose""]",0.95,1.0,0.95,0.9667,0.6667,MEDIUM_CONFIDENCE,The clause explicitly defines the Purpose of the information exchange and identifies the parties involved (CEDC and Recipient). | The clause explicitly defines the objective of the disclosure as the 'Purpose' for restructuring discussions. | N/A - Mo,llm_pseudo_label,1,1,0,0,0,0,0,0,0,0,0,0,0,0
0859334b76224ff82c1312ae7b2b5da1_clause_008,0859334b76224ff82c1312ae7b2b5da1,"NOW THEREFORE, in consideration for receiving certain confidential information and other good and valuable
consideration, the receipt and sufficiency of which are hereby acknowledged, the parties hereto agree as follows:","[""Additional Information""]","[""Additional Information""]","[""Additional Information""]","[""Additional Information""]",0.95,0.98,0.95,0.96,1.0,HIGH_CONFIDENCE,"This clause represents introductory transition language and acknowledgment of consideration, which does not fit into specific substantive NDA categories. | This clause serves as the preamble or introductory recital regarding consideration and does no",llm_pseudo_label,0,0,0,0,0,0,0,0,0,0,0,0,0,1
0859334b76224ff82c1312ae7b2b5da1_clause_009,0859334b76224ff82c1312ae7b2b5da1,1. Scope of Confidential Information.,"[""Definition of Confidential Information""]","[""Definition of Confidential Information""]","[""Definition of Confidential Information""]","[""Definition of Confidential Information""]",0.95,1.0,0.95,0.9667,1.0,HIGH_CONFIDENCE,The text serves as a section heading introducing the definition and scope of Confidential Information. | The clause text explicitly indicates it defines the scope of what constitutes Confidential Information. | N/A - Model unavailable,llm_pseudo_label,0,0,0,1,0,0,0,0,0,0,0,0,0,0
0859334b76224ff82c1312ae7b2b5da1_clause_010,0859334b76224ff82c1312ae7b2b5da1,"1.1 Subject to Section 1.2 below, “Confidential Information” means confidential, secret, proprietary or other non-public
information pertaining to the business, operations, brands, marketing plans, financial matters, legal matters, products,
projects, business plans or practices, research and development, product development, intellectual property, financial
models, trademarks, trade secrets, accounting and financing data, and methods of production, distribution or
procurement, suppliers, distributors, consultants, advisors or employees, directors or officers of CEDC or any of its
Subsidiaries (defined below) (together, the “CEDC Group”) that is disclosed or otherwise made available, either orally or
in writing, by any member of the CEDC Group to the Recipient or its affiliates, agents, or advisors (including, without
limitation, financial advisors, attorneys, banks and other sources of equity and debt financing and accountants)
(collectively, “Representatives”).","[""Definition of Confidential Information""]","[""Definition of Confidential Information""]","[""Definition of Confidential Information""]","[""Definition of Confidential Information""]",0.98,1.0,0.98,0.9867,1.0,HIGH_CONFIDENCE,"The clause explicitly defines the scope, nature, and types of non-public information that constitute Confidential Information. | The clause explicitly defines the scope and meaning of 'Confidential Information' for the purposes of the agreement. | N/",llm_pseudo_label,0,0,0,1,0,0,0,0,0,0,0,0,0,0
0859334b76224ff82c1312ae7b2b5da1_clause_011,0859334b76224ff82c1312ae7b2b5da1,"1.2 Notwithstanding anything herein to the contrary, Confidential Information shall not include any information that (a)
is or becomes publicly available (other than through a breach of this Agreement by the Recipient), (b) is in the
possession of or known to the Recipient or its Representatives prior to such information having been furnished to
Recipient hereunder, (c) is independently conceived, developed or discovered by the Recipient or on its behalf, (d) is
made available to the Recipient or its Representatives by any person other than a member of the CEDC Group without
any known breach of any obligation of confidentiality of such other person, or (e) is the subject of a written confirmation
from CEDC or any of its Subsidiaries or any member of the CEDC Group stating that any such information is not
Confidential Information. In clarification of the foregoing, a general disclosure in the public domain will not cause more
specific (but related) information to be excluded as Confidential Information under one of the above exceptions.","[""Non-Confidential Information""]","[""Non-Confidential Information""]","[""Non-Confidential Information""]","[""Non-Confidential Information""]",0.98,1.0,0.98,0.9867,1.0,HIGH_CONFIDENCE,"The clause defines standard exclusions from Confidential Information, such as publicly available information, prior knowledge, and independent development. | The clause explicitly lists the specific circumstances and criteria under which information ",llm_pseudo_label,0,0,0,0,0,0,1,0,0,0,0,0,0,0
0859334b76224ff82c1312ae7b2b5da1_clause_012,0859334b76224ff82c1312ae7b2b5da1,"1.3 “Subsidiary” of any entity means any other entity in which such first entity owns or Controls, directly or
indirectly, an amount of the voting securities, other voting interests or voting partnership interests sufficient to elect at
least a majority of such other entity’s board of directors or other governing body (or, if there are no such voting interests,
50% or more of the equity interests of such other entity). For purposes of this Section 1.3, “Control” means the
possession, directly or indirectly, of the power to direct or cause the direction of the management and policies of an
individual, corporation, partnership, limited partnership or limited liability company, whether through the ownership of
voting securities, by contract or otherwise.","[""Party Identification""]","[""Party Identification""]","[""Party Identification""]","[""Party Identification""]",0.85,0.98,0.85,0.8933,1.0,HIGH_CONFIDENCE,"This clause defines the terms 'Subsidiary' and 'Control', which serve to identify and define the corporate scope of the entities/parties covered under the agreement. | This clause defines 'Subsidiary' and 'Control', which are terms used to clarify an",llm_pseudo_label,1,0,0,0,0,0,0,0,0,0,0,0,0,0
0859334b76224ff82c1312ae7b2b5da1_clause_013,0859334b76224ff82c1312ae7b2b5da1,2. Use and Disclosure of Confidential Information.,"[""Confidentiality Obligations""]","[""Confidentiality Obligations""]","[""Confidentiality Obligations"", ""Authorized Disclosure""]","[""Confidentiality Obligations""]",0.95,0.9,0.95,0.9333,0.6667,MEDIUM_CONFIDENCE,"The clause heading introduces restrictions on the use and disclosure of confidential information, which constitutes confidentiality obligations. | The clause is a heading for the section governing how Confidential Information may be used and disclose",llm_pseudo_label,0,0,0,0,1,0,0,0,0,0,0,0,0,0
0859334b76224ff82c1312ae7b2b5da1_clause_014,0859334b76224ff82c1312ae7b2b5da1,"2.1 The Recipient agrees that all Confidential Information will be held and maintained by it in the strictest confidence,
will be used by it solely and exclusively for the purpose of evaluating, negotiating and implementing a Restructuring,
and will not, directly or indirectly, be used or disclosed by it for any other purpose whatsoever. CEDC acknowledges that
Recipient is engaged in businesses similar to those conducted by CEDC and the CEDC Group or other industries in the
ordinary course of Recipient’s business. The Recipient will use reasonable care to maintain the confidentiality of
Confidential Information, provided that such care shall be at least as great as the precautions taken by the Recipient to
protect its own confidential information of similar nature.","[""Purpose"", ""Confidentiality Obligations"", ""Competition Rights""]","[""Purpose"", ""Confidentiality Obligations"", ""Competition Rights""]","[""Purpose"", ""Confidentiality Obligations"", ""Competition Rights""]","[""Competition Rights"", ""Purpose"", ""Confidentiality Obligations""]",0.95,0.95,0.98,0.96,1.0,HIGH_CONFIDENCE,"The clause dictates the standard and obligation of confidentiality, limits use strictly to the evaluation/negotiation of a Restructuring, and acknowledges the recipient's involvement in similar busine | The clause defines the permitted purpose of the",llm_pseudo_label,0,1,0,0,1,0,0,0,1,0,0,0,0,0
0859334b76224ff82c1312ae7b2b5da1_clause_015,0859334b76224ff82c1312ae7b2b5da1,"2.2 The Recipient agrees that it will not, without the prior written consent of CEDC, directly or indirectly, disclose all or
any portion of the Confidential Information, or the substance thereof, to any third party other than its Representatives in
connection with the Purpose, except, subject to Section 2.3 below, to the extent required by applicable law or legal
process.","[""Confidentiality Obligations"", ""Authorized Disclosure""]","[""Confidentiality Obligations"", ""Authorized Disclosure""]","[""Confidentiality Obligations"", ""Authorized Disclosure""]","[""Confidentiality Obligations"", ""Authorized Disclosure""]",0.95,0.95,0.98,0.96,1.0,HIGH_CONFIDENCE,The clause restricts the recipient from disclosing confidential information while defining allowed exceptions for Representatives and disclosures required by law. | The clause outlines the recipient's obligation not to disclose confidential informati,llm_pseudo_label,0,0,0,0,1,1,0,0,0,0,0,0,0,0
0859334b76224ff82c1312ae7b2b5da1_clause_016,0859334b76224ff82c1312ae7b2b5da1,"2.3 The Recipient agrees that if the Recipient is required by any law, court or governmental order to disclose any
Confidential Information, the Recipient will provide CEDC, to the extent practicable and legally permissible, with
prompt written notice of such requirement so that CEDC or the applicable member of the CEDC Group may seek an
appropriate protective order with respect thereto. If such an order is not obtained, only that portion of the Confidential
Information shall be furnished that is legally required to be furnished, at the sole expense of CEDC or one of its
Subsidiaries, and the Recipient shall exercise commercial efforts to obtain reliable assurances that confidential treatment
will be accorded such Confidential Information. Notwithstanding the foregoing, notice to CEDC shall not be required
where disclosure is made (i) in response to a request by a regulatory or self-regulatory authority, or (ii) in connection
with a routine audit or examination by a bank examiner or auditor, and such request, audit or examination does not
reference CEDC or this Agreement.","[""Authorized Disclosure""]","[""Authorized Disclosure""]","[""Authorized Disclosure""]","[""Authorized Disclosure""]",0.95,0.98,1.0,0.9767,1.0,HIGH_CONFIDENCE,"The clause specifies the conditions and procedures for legally compelled or authorized disclosures of Confidential Information. | The clause outlines the terms and procedures for permitted disclosures required by law, court order, or regulatory autho",llm_pseudo_label,0,0,0,0,0,1,0,0,0,0,0,0,0,0
0859334b76224ff82c1312ae7b2b5da1_clause_017,0859334b76224ff82c1312ae7b2b5da1,"2.4 The Recipient shall ensure that each of its Representatives who are either provided with Confidential Information, or
otherwise have access to such Confidential Information, are informed of its confidential nature and are directed to abide
by the terms of this Agreement applicable to Representatives or appropriate duties or obligations of confidentiality
imposing confidentiality obligations on such Representatives (except that there shall be no requirement to so inform
where the Representative to whom the information is to be disclosed is subject to professional obligations to maintain the
confidentiality of the Confidential Information or is otherwise bound by requirements of confidentiality in relation to the
Confidential Information). The Recipient agrees to be liable for any breach of this Agreement by the Recipient or its
affiliates or Representatives. The Recipient shall use reasonable efforts to provide written notice to CEDC of any use or
disclosure of Confidential Information in breach of this Agreement of which Recipient is aware, including without
limitation written details regarding the circumstances and the identity of the individuals or entities who as a result
received or may have received access to such Confidential Information.
-2-","[""Confidentiality Obligations"", ""Authorized Disclosure"", ""Liability for Damages""]","[""Additional Information""]","[""Confidentiality Obligations"", ""Liability for Damages"", ""Employees""]","[""Liability for Damages"", ""Confidentiality Obligations""]",0.95,0.0,0.98,0.6433,0.1667,DISAGREEMENT,"The clause dictates rules for sharing confidential information with representatives (Authorized Disclosure), imposes confidentiality duties and breach notification obligations (Confidentiality Obligat | API call failed after 3 retries | The clause ou",llm_pseudo_label,0,0,0,0,1,0,0,1,0,0,0,0,0,0
0859334b76224ff82c1312ae7b2b5da1_clause_018,0859334b76224ff82c1312ae7b2b5da1,3. Certain Rights and Limitations.,"[""Additional Information""]","[""Additional Information""]","[""Additional Information""]","[""Additional Information""]",0.95,0.0,0.9,0.6167,1.0,MEDIUM_CONFIDENCE,"The text is a section heading without substantive content matching any specific category. | API call failed after 3 retries | The clause text is a heading or title without substantive content defining specific legal obligations, making 'Additional In",llm_pseudo_label,0,0,0,0,0,0,0,0,0,0,0,0,0,1
0859334b76224ff82c1312ae7b2b5da1_clause_019,0859334b76224ff82c1312ae7b2b5da1,"3.1 The parties hereto are independent of one another and this Agreement does not create any agency, partnership or
similar relationship between the parties hereto. CEDC acknowledges that neither the Recipient nor any of its affiliates,
nor its or their Representatives, will be deemed to have made any representation or warranty or commitment with respect
to the Purpose except as may be set forth in one or more final, legally binding definitive agreements. Except as otherwise
provided by CEDC, the Recipient (i) acknowledges that neither CEDC nor any of its Representatives make any
representation or warranty hereunder, either express or implied, as to the truth, accuracy or completeness of any
Confidential Information, provided, however, that CEDC, the CEDC Group and any of their Representatives shall use
good faith efforts to ensure that all Confidential Information furnished to Recipient hereunder is true, accurate and
complete to the best of their knowledge, and (ii) agrees, to the fullest extent permitted by law that in the absence of fraud
or willful misconduct on their part neither CEDC nor any of its Subsidiaries or Representatives shall have any liability to
the Recipient or its Representatives on any basis (including, without limitation, in contract, tort, under federal or state
securities laws or otherwise) as a result of the review by the Recipient or its Representatives or the use of the
Confidential Information by the Recipient or its Representatives in accordance with the provisions of this Agreement.","[""Liability for Damages"", ""Additional Information""]","[""Additional Information""]","[""Liability for Damages"", ""Additional Information""]","[""Additional Information"", ""Liability for Damages""]",0.95,0.0,0.95,0.6333,0.6667,MEDIUM_CONFIDENCE,"The clause limits liability and disclaims warranties regarding the accuracy and use of Confidential Information, while also establishing an independent contractor relationship between the parties. | API call failed after 3 retries | The clause explic",llm_pseudo_label,0,0,0,0,0,0,0,1,0,0,0,0,0,1
0859334b76224ff82c1312ae7b2b5da1_clause_020,0859334b76224ff82c1312ae7b2b5da1,"3.2 The Recipient agrees that, upon written request by CEDC, all Confidential Information (and all copies, summaries
and notes of the contents or parts thereof) and all Company property received by the Recipient shall, as soon as
reasonably practicable, be either returned to CEDC or, to the extent technically practicable, destroyed (at the Recipient’s
or its Representatives’ option), except that Recipient and its Representatives may retain copies of Confidential
Information as is required to comply with applicable law or regulation or professional standards or internal compliance
requirements. The Recipient’s obligations under Section 2 hereof shall survive the return of such tangible embodiments
of Confidential Information until termination of this Agreement. Notwithstanding anything to the contrary in this
Agreement, neither Recipient nor any of its Representatives shall be required to delete electronically stored Confidential
Information to the extent such deletion would be technologically impracticable or inconsistent with the archival records
retention policy of the Recipient or its Representatives.","[""Confidentiality Obligations"", ""Term and Termination""]","[""Additional Information""]","[""Confidentiality Obligations"", ""Term and Termination""]","[""Term and Termination"", ""Confidentiality Obligations""]",0.95,0.0,0.95,0.6333,0.3333,DISAGREEMENT,The clause details the obligation to return or destroy Confidential Information upon request and specifies the survival of confidentiality obligations relative to the agreement's termination. | API call failed after 3 retries | The clause mandates th,llm_pseudo_label,0,0,0,0,1,0,0,0,0,1,0,0,0,0
0859334b76224ff82c1312ae7b2b5da1_clause_021,0859334b76224ff82c1312ae7b2b5da1,"3.3 The Recipient shall not remove, obscure, overprint, deface or destroy any notice of confidentiality, copyright,
trademark, logo, legend or other notices of ownership or confidentiality from any originals or copies of Confidential
Information the Recipient obtains from the CEDC Group.","[""Confidentiality Obligations"", ""Intellectual Property""]","[""Additional Information""]","[""Confidentiality Obligations"", ""Intellectual Property""]","[""Intellectual Property"", ""Confidentiality Obligations""]",0.95,0.0,0.95,0.6333,0.3333,DISAGREEMENT,The clause restricts the recipient from altering or removing confidentiality markings and ownership notices such as copyrights and trademarks. | API call failed after 3 retries | The clause mandates the preservation of ownership and confidentiality n,llm_pseudo_label,0,0,0,0,1,0,0,0,0,0,1,0,0,0
0859334b76224ff82c1312ae7b2b5da1_clause_022,0859334b76224ff82c1312ae7b2b5da1,"-3-

3.4 CEDC understands and acknowledges that the Recipient and an affiliate of the Recipient are currently reporting
persons with respect to CEDC’s common stock on a Schedule 13D under the provisions of §§ 240.13d-1(a) and 13d-2(a)
of the United States Securities Exchange Act of 1934, among others, and that accordingly the Recipient and its affiliate
will have ongoing disclosure obligations thereunder, which shall not be restricted or limited by this Agreement, including
that this Agreement shall be disclosed and publicly filed as an amendment to such Schedule 13D.","[""Authorized Disclosure""]","[""Additional Information""]","[""Authorized Disclosure""]","[""Authorized Disclosure""]",0.95,0.0,0.98,0.6433,0.3333,DISAGREEMENT,"The clause permits disclosures required by law, specifically ongoing regulatory reporting obligations and filing the agreement under Schedule 13D of the Securities Exchange Act. | API call failed after 3 retries | The clause explicitly permits the di",llm_pseudo_label,0,0,0,0,0,1,0,0,0,0,0,0,0,0
0859334b76224ff82c1312ae7b2b5da1_clause_023,0859334b76224ff82c1312ae7b2b5da1,"4. Remedies. The Recipient acknowledges that a breach of any of the terms of this Agreement may cause irreparable
harm to CEDC for which CEDC may not be adequately compensated by money damages. Accordingly, the Recipient
agrees that, in addition to all other remedies available to CEDC, including any member of the CEDC Group, in an action
at law, in the event of any breach or threatened breach by the Recipient of the terms of this Agreement, CEDC shall,
without the necessity of proving actual damages or posting any bond or other security, be entitled to seek temporary and
permanent injunctive relief, including, but not limited to, specific performance of the terms of this Agreement. Each
party's rights and obligations under this Agreement are cumulative and are in addition to and not in limitation of such
party's rights and obligations under law, equity or any other written agreement.","[""Liability for Damages""]","[""Additional Information""]","[""Liability for Damages""]","[""Liability for Damages""]",0.95,0.0,1.0,0.65,0.3333,DISAGREEMENT,"The clause specifies remedies for breach, including equitable relief, injunctive remedies, and damages. | API call failed after 3 retries | The clause explicitly addresses remedies, injunctive relief, and legal consequences arising from a breach of t",llm_pseudo_label,0,0,0,0,0,0,0,1,0,0,0,0,0,0
0859334b76224ff82c1312ae7b2b5da1_clause_024,0859334b76224ff82c1312ae7b2b5da1,"5. Miscellaneous.

5.1 This Agreement shall be governed by and construed and take effect as an enforceable contract in accordance with
the laws of the State of New York governing such agreements, without regard to conflicts-of-law principles thereof that
would require applicability of any other law. The parties hereto agree that any dispute between them relating to this
Agreement will be resolved solely in the manner set forth in clause (i) below:","[""Governing Law and Jurisdiction""]","[""Additional Information""]","[""Governing Law and Jurisdiction""]","[""Governing Law and Jurisdiction""]",0.98,0.0,1.0,0.66,0.3333,DISAGREEMENT,The clause specifies the governing law of the agreement (laws of the State of New York) and mentions dispute resolution. | API call failed after 3 retries | The clause explicitly states the governing law of the State of New York and addresses the res,llm_pseudo_label,0,0,0,0,0,0,0,0,0,0,0,0,1,0
0859334b76224ff82c1312ae7b2b5da1_clause_025,0859334b76224ff82c1312ae7b2b5da1,"(i) Each of the parties hereto irrevocably submits to the jurisdiction of the United States District Court located in
the State of New York and in the Borough of Manhattan, and all appellate courts relating thereto, for the purpose
of any suit, action, proceeding or judgment relating to or arising out of this Agreement. Service of process in
connection with any such suit, action or proceeding may be served on each party hereto anywhere in the world by
the same methods as are specified for the giving of notices under this Agreement. Each party hereto irrevocably
waives any objection to the laying of venue of any such suit, action or proceeding brought in such courts and
irrevocably waives any claim that any such suit, action or proceeding brought in any such court has been brought
in an inconvenient forum. EACH OF THE PARTIES HERETO WAIVES ANY RIGHT TO REQUEST A","[""Governing Law and Jurisdiction""]","[""Additional Information""]","[""Governing Law and Jurisdiction""]","[""Governing Law and Jurisdiction""]",0.98,0.0,1.0,0.66,0.3333,DISAGREEMENT,"The clause specifies the court jurisdiction, venue, service of process, and waiver of forum objections for legal disputes arising from the agreement. | API call failed after 3 retries | The clause explicitly addresses jurisdictional submission, venue",llm_pseudo_label,0,0,0,0,0,0,0,0,0,0,0,0,1,0
0859334b76224ff82c1312ae7b2b5da1_clause_026,0859334b76224ff82c1312ae7b2b5da1,"TRIAL BY JURY IN ANY LITIGATION WITH RESPECT TO THIS AGREEMENT AND REPRESENTS
THAT COUNSEL HAS BEEN CONSULTED SPECIFICALLY AS TO THIS WAIVER.","[""Governing Law and Jurisdiction""]","[""Additional Information""]","[""Governing Law and Jurisdiction""]","[""Governing Law and Jurisdiction""]",0.95,0.0,0.9,0.6167,0.3333,DISAGREEMENT,"This clause contains a jury trial waiver pertaining to legal litigation under the agreement, which falls under dispute resolution and jurisdiction terms. | API call failed after 3 retries | Jury trial waivers are procedural elements typically include",llm_pseudo_label,0,0,0,0,0,0,0,0,0,0,0,0,1,0
0859334b76224ff82c1312ae7b2b5da1_clause_027,0859334b76224ff82c1312ae7b2b5da1,"5.2 Any notices or other correspondence (hereinafter collectively referred to as “correspondence”) required or permitted
to be given hereunder shall be in writing and shall be sent by postage prepaid first class mail, courier or facsimile or
delivered by hand to the party to whom such correspondence is required or permitted to be given hereunder, and shall be
deemed sufficient upon receipt when delivered personally or by courier, overnight delivery service or confirmed
facsimile, or three (3) Business Days after being deposited in the regular mail as certified or registered mail (airmail if
sent internationally) with postage prepaid, if such notice is addressed to the party to be notified at such party’s address or
facsimile number as set forth below:
-4-","[""Additional Information""]","[""Additional Information""]","[""Additional Information""]","[""Additional Information""]",0.95,0.0,1.0,0.65,1.0,MEDIUM_CONFIDENCE,This clause specifies the boilerplate procedures and requirements for delivering legal notices and correspondence under the agreement. | API call failed after 3 retries | The clause defines the procedures and methods for sending formal notices betwee,llm_pseudo_label,0,0,0,0,0,0,0,0,0,0,0,0,0,1
0859334b76224ff82c1312ae7b2b5da1_clause_028,0859334b76224ff82c1312ae7b2b5da1,(a) All correspondence to the CEDC Group shall be addressed as follows:,"[""Additional Information""]","[""Additional Information""]","[""Additional Information""]","[""Additional Information""]",0.95,0.0,0.9,0.6167,1.0,MEDIUM_CONFIDENCE,"The clause contains instructions for addressing correspondence and notices, which falls under general administrative provisions. | API call failed after 3 retries | This clause provides administrative contact details and does not fit into the substan",llm_pseudo_label,0,0,0,0,0,0,0,0,0,0,0,0,0,1
0859334b76224ff82c1312ae7b2b5da1_clause_029,0859334b76224ff82c1312ae7b2b5da1,"Central European Distribution Corporation
Bobrowiecka 6
00-728 Warsaw
Poland
Attention: Grant Winterton
Facsimile: +48 22 456 60 01","[""Party Identification""]","[""Additional Information""]","[""Party Identification""]","[""Party Identification""]",0.95,0.0,1.0,0.65,0.3333,DISAGREEMENT,"The clause provides party name, address, and contact details for notice purposes. | API call failed after 3 retries | The clause provides the name and address of a specific entity, which serves to identify one of the parties involved in the agreement",llm_pseudo_label,1,0,0,0,0,0,0,0,0,0,0,0,0,0
0859334b76224ff82c1312ae7b2b5da1_clause_030,0859334b76224ff82c1312ae7b2b5da1,"with a copy to

Skadden, Arps, Slate, Meagher & Flom (UK) LLP
40 Bank St., Canary Wharf
London E14 5DS
UK
Attention: Scott Simpson, Esq.
Facsimile: +44 20 7519 7070","[""Additional Information""]","[""Additional Information""]","[""Additional Information""]","[""Additional Information""]",0.0,0.0,0.98,0.3267,1.0,LOW_CONFIDENCE,"API call failed after 3 retries | API call failed after 3 retries | The clause provides contact information for notices or correspondence, which does not fall into the primary substantive categories of an NDA.",llm_pseudo_label,0,0,0,0,0,0,0,0,0,0,0,0,0,1
0859334b76224ff82c1312ae7b2b5da1_clause_031,0859334b76224ff82c1312ae7b2b5da1,(b) All correspondence to the Recipient shall be addressed as follows:,"[""Additional Information""]","[""Additional Information""]","[""Additional Information""]","[""Additional Information""]",0.0,0.0,0.95,0.3167,1.0,LOW_CONFIDENCE,API call failed after 3 retries | API call failed after 3 retries | The clause provides administrative contact details rather than substantive legal obligations or definitions.,llm_pseudo_label,0,0,0,0,0,0,0,0,0,0,0,0,0,1
0859334b76224ff82c1312ae7b2b5da1_clause_032,0859334b76224ff82c1312ae7b2b5da1,"W&L Enterprises Ltd.
Craigmuir Chambers,
P.O. Box 71,
Road Town,
Tortola,
British Virgin Islands
Attention: Mark Kaufman
Facsimile: +7-495-232-6138","[""Additional Information""]","[""Additional Information""]","[""Party Identification""]","[""Additional Information""]",0.0,0.0,1.0,0.3333,0.3333,DISAGREEMENT,"API call failed after 3 retries | API call failed after 3 retries | The clause explicitly identifies a specific party, its address, and contact information.",llm_pseudo_label,0,0,0,0,0,0,0,0,0,0,0,0,0,1
0859334b76224ff82c1312ae7b2b5da1_clause_033,0859334b76224ff82c1312ae7b2b5da1,"with copies to

Darrois Villey Maillot Brochier A.A.R.P.I.
69, avenue Victor Hugo
Paris 75783
France
Attention: Ben Burman, Esq.
Facsimile: + 33 1 45 02 49 59","[""Additional Information""]","[""Additional Information""]","[""Additional Information""]","[""Additional Information""]",0.0,0.0,1.0,0.3333,1.0,LOW_CONFIDENCE,"API call failed after 3 retries | API call failed after 3 retries | The clause provides contact and notice information for a legal representative, which does not fall under the specific operational or legal categories provided.",llm_pseudo_label,0,0,0,0,0,0,0,0,0,0,0,0,0,1
0859334b76224ff82c1312ae7b2b5da1_clause_034,0859334b76224ff82c1312ae7b2b5da1,"and

Wachtell, Lipton Rosen & Katz
51 West 52nd Street
New York, New York 10019
Attention: Adam Emmerich, Esq.
Facsimile: (212) 403-2234","[""Additional Information""]","[""Additional Information""]","[""Party Identification""]","[""Additional Information""]",0.0,0.0,0.98,0.3267,0.3333,DISAGREEMENT,API call failed after 3 retries | API call failed after 3 retries | The clause provides contact information and identity for a specific party involved in the agreement.,llm_pseudo_label,0,0,0,0,0,0,0,0,0,0,0,0,0,1
0859334b76224ff82c1312ae7b2b5da1_clause_035,0859334b76224ff82c1312ae7b2b5da1,"-5-

(c) Either party may change the address to which correspondence to it is to be addressed by written notification
as provided for herein.","[""Additional Information""]","[""Additional Information""]","[""Additional Information""]","[""Additional Information""]",0.0,0.0,0.95,0.3167,1.0,LOW_CONFIDENCE,"API call failed after 3 retries | API call failed after 3 retries | The clause pertains to administrative procedures for changing contact addresses, which does not fall under specific core NDA categories.",llm_pseudo_label,0,0,0,0,0,0,0,0,0,0,0,0,0,1
0859334b76224ff82c1312ae7b2b5da1_clause_036,0859334b76224ff82c1312ae7b2b5da1,"5.3 This Agreement contains the complete and exclusive agreement of the parties with respect to the subject matter
hereof and supersedes all prior and contemporaneous agreements and understandings whether written or oral, express or
implied. This Agreement shall be binding upon and inure to the benefit of the parties, and their respective successors
and permitted assigns, including without limitation the heirs, executors and legal representatives of each such party. The
Recipient acknowledges and agrees that all members of the CEDC Group are third party beneficiaries of this
Agreement. Except where expressly indicated otherwise, the words “written” or “in writing” shall include, but not be
limited to, written or printed documents, electronic and facsimile transmissions and computer disks or tapes (whether
machine or user readable). If any provision of this Agreement is held invalid, illegal or unenforceable by a court of
competent jurisdiction, such shall not affect any other provision of this Agreement, which shall remain in full force and
effect to the fullest extent permitted by applicable law. Upon such determination of invalidity or unenforceability, the
parties shall negotiate in good faith to modify this Agreement so as to effect the original intent of the parties as closely as
possible in a reasonably acceptable manner in order that the transactions contemplated hereby may be consummated as
originally contemplated to the fullest extent possible. No amendment, modification or alteration of the terms of this
Agreement shall be effective unless made in writing and executed by both parties hereto. A failure or delay in exercising
any right in respect to this Agreement will not be presumed to operate as a waiver, and a single or partial exercise of any
right will not be presumed to preclude any subsequent or further exercise of that right or the exercise of any other right.
Any such waiver shall be effective only in the specific instance and for the purpose given. This Agreement may be
signed in one or more counterparts, each of which shall be deemed to be an original for all purposes.","[""Additional Information""]","[""Additional Information""]","[""Additional Information""]","[""Additional Information""]",0.0,0.0,0.98,0.3267,1.0,LOW_CONFIDENCE,"API call failed after 3 retries | API call failed after 3 retries | This clause contains standard boilerplate provisions such as integration, severability, amendments, waivers, and counterparts, which fall under general contractual miscellaneous term",llm_pseudo_label,0,0,0,0,0,0,0,0,0,0,0,0,0,1
0859334b76224ff82c1312ae7b2b5da1_clause_037,0859334b76224ff82c1312ae7b2b5da1,"6. Securities Laws. The Recipient acknowledges that it is aware (and, if applicable, that its Representatives who are
apprised of this matter have been advised) that the United States securities laws prohibit any person who has material
non-public information about a company from purchasing or selling securities of such company, or from communicating
such information to any other person under circumstances in which it is reasonably foreseeable that such person is likely
to purchase or sell such securities. The Recipient agrees that, to the extent that it has actually received Confidential
Information pursuant to this Agreement that constitutes material non-public information, it will not trade any securities
of CEDC or any of its Subsidiaries prior to the termination of this Agreement and that it will not use any Confidential
Information in contravention of the United States securities laws.","[""Additional Information""]","[""Additional Information""]","[""Confidentiality Obligations"", ""Additional Information""]","[""Additional Information""]",0.0,0.0,0.95,0.3167,0.6667,LOW_CONFIDENCE,API call failed after 3 retries | API call failed after 3 retries | The clause restricts the use of Confidential Information for securities trading and mandates compliance with insider trading laws.,llm_pseudo_label,0,0,0,0,0,0,0,0,0,0,0,0,0,1
0859334b76224ff82c1312ae7b2b5da1_clause_038,0859334b76224ff82c1312ae7b2b5da1,"7. Termination.

7.1 The provisions of this Agreement shall continue in full force and effect at all times until the earliest to occur of (i)
the filing of an exchange offer, offering memorandum or disclosure statement with respect to the 2016 Notes or
Convertible Notes, provided that, to the extent CEDC and the Recipient continue discussions on the terms of a
Restructuring following such filing, this period shall extend until the filing of an amended exchange offer, offering
memorandum or disclosure statement reflecting such discussions or (ii) 9:00 a.m. (GMT) on March 5, 2013, whereupon
this Agreement shall terminate and be of no further force or effect (the “Termination Date”), other than with respect to
the rights and obligations of CEDC and Recipient per Section 7.2 hereof.
-6-","[""Additional Information""]","[""Additional Information""]","[""Term and Termination""]","[""Additional Information""]",0.0,0.0,1.0,0.3333,0.3333,DISAGREEMENT,"API call failed after 3 retries | API call failed after 3 retries | The clause explicitly defines the duration and expiration conditions of the agreement, marking it as a termination provision.",llm_pseudo_label,0,0,0,0,0,0,0,0,0,0,0,0,0,1
0859334b76224ff82c1312ae7b2b5da1_clause_039,0859334b76224ff82c1312ae7b2b5da1,"7.2 On the Termination Date, CEDC shall publicly file a document (the “Cleansing Document”) containing all of the
written and oral Confidential Information that constitutes material non-public information and that was provided by
CEDC or its advisors to any of (a) the Recipient or its Representatives or (b) any holder of securities who is subject to a
confidentiality agreement substantially similar to this Agreement (or to such holder’s Representatives) that was
subsequently shared with the Recipient or its Representatives; provided that such Confidential Information shall not
include any information only disclosed to the Recipients' advisors and specifically designated as ‘Non-Cleansing
Information’ by CEDC at the time of such disclosure (such Confidential Information other than the ‘Non-Cleansing
Information’ being the “Disclosure Information”). As promptly as practicable, CEDC will provide the Recipient with a
draft of the Cleansing Document. The Cleansing Document shall be the offering memorandum and/or disclosure
statement and/or Form 8-K or any periodic report required or permitted to be filed under the Exchange Act with the
Securities Exchange Commission (the “SEC”) or, if the SEC’s EDGAR filing system is not available, in such other
manner that CEDC reasonably determines results in public dissemination of such information. If CEDC does not file the
Cleansing Document on the Termination Date as required in accordance with this Section 7.2, then Recipient and/or its
Representatives shall be entitled to disclose the Confidential Information that was provided by CEDC or any of its
Subsidiaries hereunder without liability to the extent that Recipient or its Representatives reasonably believes that the
information constitutes material non-public information that is required to allow it to freely trade, through the issuance of
a press release or similar form of public communication, without any liability or breach under this Agreement (such an
announcement, the “Recipient’s Cleansing Announcement”). For the avoidance of doubt, if the Cleansing Document
filed by CEDC pursuant hereto is not in sufficient detail to ensure that, in the reasonable opinion of each of the
Recipients or their Representatives, the Recipients and their Representatives will be cleansed of any Confidential
Information hereunder such that, following the filing of the Cleansing Document by CEDC, no Recipient shall be
restricted, prevented or prohibited from trading any securities under applicable insider dealing or market abuse laws or
regulations in any jurisdiction or pursuant to any other applicable laws or regulations, then the Recipients may make a
Recipient’s Cleansing Announcement in the manner set forth above in this Section 7.2.","[""Additional Information""]","[""Additional Information""]","[""Authorized Disclosure"", ""Term and Termination""]","[""Additional Information""]",0.0,0.0,0.95,0.3167,0.3333,DISAGREEMENT,API call failed after 3 retries | API call failed after 3 retries | This clause governs the public disclosure of confidential information upon termination of the agreement to ensure compliance with securities laws and market regulations.,llm_pseudo_label,0,0,0,0,0,0,0,0,0,0,0,0,0,1
0859334b76224ff82c1312ae7b2b5da1_clause_040,0859334b76224ff82c1312ae7b2b5da1,"[Signatures on the Following Page ]
-7-","[""Additional Information""]","[""Additional Information""]","[""Additional Information""]","[""Additional Information""]",0.0,0.0,1.0,0.3333,1.0,LOW_CONFIDENCE,API call failed after 3 retries | API call failed after 3 retries | This text indicates the transition to the signature page and does not contain substantive legal obligations or definitions.,llm_pseudo_label,0,0,0,0,0,0,0,0,0,0,0,0,0,1
0859334b76224ff82c1312ae7b2b5da1_clause_041,0859334b76224ff82c1312ae7b2b5da1,"IN WITNESS WHEREOF, this Agreement is executed by the undersigned parties. The parties hereto further certify that
the persons signing this Agreement are duly authorized to do so.","[""Additional Information""]","[""Additional Information""]","[""Party Identification""]","[""Additional Information""]",0.0,0.0,0.9,0.3,0.3333,DISAGREEMENT,API call failed after 3 retries | API call failed after 3 retries | The clause confirms the identity and authorization of the signatories entering into the agreement.,llm_pseudo_label,0,0,0,0,0,0,0,0,0,0,0,0,0,1
0859334b76224ff82c1312ae7b2b5da1_clause_042,0859334b76224ff82c1312ae7b2b5da1,"CENTRAL EUROPEAN DISTRIBUTION
CORPORATION","[""Party Identification""]","[""Party Identification""]","[""Party Identification""]","[""Party Identification""]",0.98,0.98,1.0,0.9867,1.0,HIGH_CONFIDENCE,"The text specifies the name of a legal entity participating as a party in the agreement. | The clause text identifies a company name, which is used for Party Identification in the agreement. | The text identifies a specific entity, which constitutes ",llm_pseudo_label,1,0,0,0,0,0,0,0,0,0,0,0,0,0
0859334b76224ff82c1312ae7b2b5da1_clause_043,0859334b76224ff82c1312ae7b2b5da1,By: /s/ Grant Winterton,"[""Additional Information""]","[""Additional Information""]","[""Party Identification""]","[""Additional Information""]",0.0,0.0,1.0,0.3333,0.3333,DISAGREEMENT,API call failed after 3 retries | API call failed after 3 retries | This clause represents the signature block identifying a signatory party to the agreement.,llm_pseudo_label,0,0,0,0,0,0,0,0,0,0,0,0,0,1
0859334b76224ff82c1312ae7b2b5da1_clause_044,0859334b76224ff82c1312ae7b2b5da1,Print Name: Grant Winterton,"[""Additional Information""]","[""Additional Information""]","[""Party Identification""]","[""Additional Information""]",0.0,0.0,0.98,0.3267,0.3333,DISAGREEMENT,"API call failed after 3 retries | API call failed after 3 retries | The clause identifies a specific individual, which is standard for executing an agreement and identifying a party or signatory.",llm_pseudo_label,0,0,0,0,0,0,0,0,0,0,0,0,0,1
0859334b76224ff82c1312ae7b2b5da1_clause_045,0859334b76224ff82c1312ae7b2b5da1,Title: Chief Executive Officer,"[""Additional Information""]","[""Additional Information""]","[""Party Identification""]","[""Additional Information""]",0.0,0.0,0.9,0.3,0.3333,DISAGREEMENT,"API call failed after 3 retries | API call failed after 3 retries | This text identifies a specific role or signatory title, which serves to identify the parties or their representatives in the agreement.",llm_pseudo_label,0,0,0,0,0,0,0,0,0,0,0,0,0,1
0859334b76224ff82c1312ae7b2b5da1_clause_046,0859334b76224ff82c1312ae7b2b5da1,W&L ENTERPRISES LTD.,"[""Additional Information""]","[""Additional Information""]","[""Party Identification""]","[""Additional Information""]",0.0,0.0,1.0,0.3333,0.3333,DISAGREEMENT,"API call failed after 3 retries | API call failed after 3 retries | The text identifies a specific entity, which constitutes a party to the agreement.",llm_pseudo_label,0,0,0,0,0,0,0,0,0,0,0,0,0,1
0859334b76224ff82c1312ae7b2b5da1_clause_047,0859334b76224ff82c1312ae7b2b5da1,By: /s/ Mark Kaufman,"[""Additional Information""]","[""Additional Information""]","[""Party Identification""]","[""Additional Information""]",0.0,0.0,0.98,0.3267,0.3333,DISAGREEMENT,"API call failed after 3 retries | API call failed after 3 retries | The clause provides a signature line for an individual, which identifies a party to the agreement.",llm_pseudo_label,0,0,0,0,0,0,0,0,0,0,0,0,0,1
0859334b76224ff82c1312ae7b2b5da1_clause_048,0859334b76224ff82c1312ae7b2b5da1,Print Name: Mark Kaufman,"[""Additional Information""]","[""Additional Information""]","[""Party Identification""]","[""Additional Information""]",0.0,0.0,0.98,0.3267,0.3333,DISAGREEMENT,API call failed after 3 retries | API call failed after 3 retries | This clause identifies the signatory representative of one of the parties involved in the agreement.,llm_pseudo_label,0,0,0,0,0,0,0,0,0,0,0,0,0,1
0859334b76224ff82c1312ae7b2b5da1_clause_049,0859334b76224ff82c1312ae7b2b5da1,"Title: Director

-8-","[""Additional Information""]","[""Additional Information""]","[""Additional Information""]","[""Additional Information""]",0.0,0.0,1.0,0.3333,1.0,LOW_CONFIDENCE,API call failed after 3 retries | API call failed after 3 retries | The text contains a title and page numbering which does not convey substantive legal obligations or specific contract terms.,llm_pseudo_label,0,0,0,0,0,0,0,0,0,0,0,0,0,1
0b59dfc4ce9b40b0c39759dc1ade14bc_clause_000,0b59dfc4ce9b40b0c39759dc1ade14bc,"EX-99.(E)(13) 10 a2082556zex-99_e13.htm EXHIBIT 99(E)(13)
QuickLinks -- Click here to rapidly navigate through this document
Exhibit (e)(13)","[""Additional Information""]","[""Additional Information""]","[""Additional Information""]","[""Additional Information""]",0.99,0.95,1.0,0.98,1.0,HIGH_CONFIDENCE,"The clause text consists solely of document exhibit headers and navigation links rather than legal NDA provisions. | The clause contains only metadata and navigation links, which do not fall under any specific NDA contractual category. | The clause t",llm_pseudo_label,0,0,0,0,0,0,0,0,0,0,0,0,0,1
0b59dfc4ce9b40b0c39759dc1ade14bc_clause_001,0b59dfc4ce9b40b0c39759dc1ade14bc,"MUTUAL NON-DISCLOSURE AND NON-SOLICITATION AGREEMENT
 This Mutual Non-Disclosure and Non-Solicitation Agreement (this ""Agreement""), is made as of September 17, 2001 between EarthLink, Inc. a
Delaware corporation (""EarthLink""), and PeoplePC, Inc., a Delaware corporation (""PeoplePC""). EarthLink and PeoplePC are sometimes referred to
herein individually as a ""Party"" and collectively as the ""Parties.""","[""Additional Information""]","[""Additional Information""]","[""Party Identification"", ""NDA Type""]","[""Additional Information""]",0.0,0.0,1.0,0.3333,0.3333,DISAGREEMENT,API call failed after 3 retries | API call failed after 3 retries | The clause explicitly identifies the participating legal entities and defines the agreement as a mutual non-disclosure and non-solicitation agreement.,llm_pseudo_label,0,0,0,0,0,0,0,0,0,0,0,0,0,1
0b59dfc4ce9b40b0c39759dc1ade14bc_clause_002,0b59dfc4ce9b40b0c39759dc1ade14bc,"1. Purpose. EarthLink and PeoplePC wish to have discussions relating to a potential transaction (the ""Transaction"") between EarthLink
(and/or its subsidiaries and stockholders) and PeoplePC (and/or its subsidiaries and stockholders). In the course of such discussions, each Party
expects to make available to the other Party and its Representatives (as defined herein) Evaluation Material (as defined herein) concerning the
businesses, financial condition, operations, assets, properties, liabilities, and prospects of such Party. As a condition to making such information
available, each Party is entering this Agreement and agrees that all Evaluation Material received by it or its Representatives from the other Party or
any of its Representatives shall be treated in accordance with this Agreement.","[""Additional Information""]","[""Additional Information""]","[""Party Identification"", ""Purpose""]","[""Additional Information""]",0.0,0.0,0.98,0.3267,0.3333,DISAGREEMENT,API call failed after 3 retries | API call failed after 3 retries | The clause explicitly identifies the participating parties (EarthLink and PeoplePC) and outlines the specific business purpose for sharing information.,llm_pseudo_label,0,0,0,0,0,0,0,0,0,0,0,0,0,1
0b59dfc4ce9b40b0c39759dc1ade14bc_clause_003,0b59dfc4ce9b40b0c39759dc1ade14bc,"2. Certain Definitions. As used in this Agreement: (i) the term ""Receiving Party"" means the Party receiving Evaluation Material; (ii) the
term ""Furnishing Party"" means the Party providing Evaluation Material or causing Evaluation Material to be provided; (iii) the term
""Representatives"" means the directors, officers, employees, agents or advisors (including, without limitation, attorneys, accountants, investment
bankers, financial advisors and other consultants and advisors engaged in connection with the review and evaluation of the Transaction) of the
specified Party; and (iv) the term ""Evaluation Material"" means all proprietary and confidential information concerning the Furnishing Party or any
of its subsidiaries or affiliates, whether in verbal, visual, written, electronic or other form, which is made available by the Furnishing Party or any of
its Representatives to the Receiving Party or any of its Representatives (""Primary Evaluation Material""), together, in each case, with all notes,
memoranda, summaries, analyses, studies, compilations and other writings relating thereto or based in whole or in part thereon prepared by the
Receiving Party or any of its Representatives (""Derivative Evaluation Material""). Notwithstanding the foregoing, the term ""Evaluation Material""
shall not include, and the Parties' obligations herein (other than their obligations under paragraph 6 of this Agreement) shall not extend to
information which (a) was rightfully in the possession of the Receiving Party prior to disclosure by the Furnishing Party; (b) was or is independently
developed by the Receiving Party without use of the Evaluation Material; (c) is now or hereafter becomes available to the public other than as a
result of disclosure by the Receiving Party or any of the Receiving Party's Representatives in violation of this Agreement; (d) becomes available to
the Receiving Party or any of its Representatives on a non-confidential basis from a source other than the Furnishing Party or any of its
Representatives and such source is not, to the knowledge of the Receiving Party following reasonable inquiry, under any obligation to the Furnishing
Party or any of its Representatives (whether contractual, legal or fiduciary) to keep such information confidential; or (e) is transmitted by or on
behalf of the Furnishing Party after receiving written notification from the Receiving Party of the termination of discussions relating to the
Transaction or written instructions from the Receiving Party not to furnish any further Evaluation Material.","[""Definition of Confidential Information"", ""Non-Confidential Information""]","[""Additional Information""]","[""Definition of Confidential Information"", ""Non-Confidential Information""]","[""Non-Confidential Information"", ""Definition of Confidential Information""]",0.98,0.0,1.0,0.66,0.3333,DISAGREEMENT,The clause defines 'Evaluation Material' as confidential information and details standard exclusions that qualify as non-confidential information. | API call failed after 3 retries | The clause explicitly defines the scope of confidential information,llm_pseudo_label,0,0,0,1,0,0,1,0,0,0,0,0,0,0
0b59dfc4ce9b40b0c39759dc1ade14bc_clause_004,0b59dfc4ce9b40b0c39759dc1ade14bc,3. Confidentiality and Use of Evaluation Material.,"[""Confidentiality Obligations""]","[""Confidentiality Obligations"", ""Purpose""]","[""Confidentiality Obligations"", ""Purpose""]","[""Confidentiality Obligations"", ""Purpose""]",0.85,0.85,0.9,0.8667,0.6667,MEDIUM_CONFIDENCE,The clause title refers to restrictions and obligations regarding the use and confidentiality of evaluation material. | The heading refers to both the obligation of confidentiality and the restricted use of the evaluation material for a specific purp,llm_pseudo_label,0,1,0,0,1,0,0,0,0,0,0,0,0,0
0b59dfc4ce9b40b0c39759dc1ade14bc_clause_005,0b59dfc4ce9b40b0c39759dc1ade14bc,"(a) Confidentiality of Evaluation Material. All Evaluation Material (i) shall be used solely for the purpose of evaluating and
considering the Transaction; (ii) shall be kept strictly confidential by the Receiving Party; and (iii) shall be provided by the Receiving Party
solely to those of its Representatives to whom disclosure is reasonably required to facilitate the Receiving Party's evaluation or consideration
of the Transaction, it being the intention of the Parties to restrict the dissemination of Evaluation Material to as small a working group as
practicable. The Parties agree that all Evaluation Material is and shall remain the property of the Furnishing Party. Before providing access to
Evaluation Material to any Representative, the Receiving Party shall inform such Representative of the confidentiality of the Evaluation
Material, and shall advise such
Representative that, by accepting possession of or access to such information, such Representative is agreeing to be bound by this
Agreement. Each Party shall be responsible for any breach of this Agreement by any of its Representatives.","[""Purpose"", ""Confidentiality Obligations"", ""Authorized Disclosure"", ""Intellectual Property""]","[""Additional Information""]","[""Purpose"", ""Confidentiality Obligations"", ""Authorized Disclosure"", ""Intellectual Property"", ""Employees""]","[""Confidentiality Obligations"", ""Purpose"", ""Intellectual Property"", ""Authorized Disclosure""]",0.95,0.0,0.98,0.6433,0.2667,DISAGREEMENT,"The clause restricts material use strictly to evaluating the transaction, mandates confidential treatment, allows disclosure to representatives, and confirms that ownership of the evaluation material  | API call failed after 3 retries | The clause ma",llm_pseudo_label,0,1,0,0,1,1,0,0,0,0,1,0,0,0
0b59dfc4ce9b40b0c39759dc1ade14bc_clause_006,0b59dfc4ce9b40b0c39759dc1ade14bc,"(b) Compulsory Disclosure of Evaluation Material. If the Receiving Party or its Representatives are requested or required in any
judicial, arbitral or administrative proceeding or by any governmental or regulatory authority to disclose any Evaluation Material (whether by
deposition, interrogatory, request for documents, subpoena, civil investigative demand, or otherwise), or the Receiving Party is so requested
or required to disclose any of the facts disclosure of which is prohibited under paragraph (3)(e) of this Agreement, the Receiving Party shall
give the Furnishing Party prompt notice of such request so that the Furnishing Party may seek an appropriate protective order or other
appropriate remedy and/or waive compliance with the provisions of this Agreement, and, upon the Furnishing Party's request and at the
Furnishing Party's expense, shall reasonably cooperate with the Furnishing Party in seeking such an order. If, in the absence of a protective
order or other remedy or the receipt of a waiver by the Furnishing Party, the Receiving Party is nontheless, in the opinion of the Receiving
Party's or (in the case of disclosure requested or required of a Representative, such Representative's) outside counsel or General Counsel,
legally compelled to disclose Evaluation Material, the Receiving Party shall disclose only that portion of the Evaluation Material which the
Receiving Party is legally required to disclose and upon the Furnishing Party's request and at the Furnishing Party's expense, shall use all
requisite reasonable efforts to obtain assurances that confidential treatment will be accorded to such Evaluation Material to the extent such
assurances are available. Subject to the foregoing conditions and limitations, the Receiving Party may disclose Evaluation Material under the
circumstances set forth in this paragraph (b) without liability hereunder.","[""Authorized Disclosure""]","[""Authorized Disclosure""]","[""Authorized Disclosure""]","[""Authorized Disclosure""]",0.95,0.95,1.0,0.9667,1.0,HIGH_CONFIDENCE,The clause sets forth the procedure and circumstances under which disclosure of confidential material is authorized if required by law or judicial process. | The clause outlines the process and requirements for compelled or legally required disclosur,llm_pseudo_label,0,0,0,0,0,1,0,0,0,0,0,0,0,0
0b59dfc4ce9b40b0c39759dc1ade14bc_clause_007,0b59dfc4ce9b40b0c39759dc1ade14bc,"(c) Other Public Disclosure. Except (i) for such public disclosure as may be necessary, in the good faith judgment of the disclosing
Party consistent with advice of counsel, for the disclosing Party not to be in violation of any applicable law, regulation or order, or (ii) with","[""Authorized Disclosure""]","[""Authorized Disclosure""]","[""Authorized Disclosure""]","[""Authorized Disclosure""]",0.95,0.95,1.0,0.9667,1.0,HIGH_CONFIDENCE,"The clause specifies exceptions allowing public disclosure when legally required by law, regulation, or court order. | The clause outlines exceptions to non-disclosure restrictions, specifically permitting public disclosures required by law, regulati",llm_pseudo_label,0,0,0,0,0,1,0,0,0,0,0,0,0,0
0b59dfc4ce9b40b0c39759dc1ade14bc_clause_008,0b59dfc4ce9b40b0c39759dc1ade14bc,"the prior written consent of the order Party, neither Part shall:
 (x) make any disclosure (and each Party shall direct its Representatives not to make any disclosure) to any person of (A) the
fact that discussions, negotiations or investigations are taking or have taken place concerning a Transaction, (B) the existence or
contents of this Agreement, or the fact that either Party has requested or received Evaluation Material from the other Party, or (C) any
of the terms, conditions or other facts with respect to any proposed Transaction, including the status of the discussions or negotiations
related thereto, or
 (y) make any public statement concerning a proposed Transaction.","[""Confidentiality Obligations"", ""Authorized Disclosure""]","[""Additional Information""]","[""Confidentiality Obligations"", ""Authorized Disclosure""]","[""Confidentiality Obligations"", ""Authorized Disclosure""]",0.95,0.0,0.98,0.6433,0.3333,DISAGREEMENT,"This clause prohibits disclosure of negotiations, agreement existence, and public announcements while allowing exceptions through prior written consent. | API call failed after 3 retries | The clause restricts the parties from disclosing the existenc",llm_pseudo_label,0,0,0,0,1,1,0,0,0,0,0,0,0,0
0b59dfc4ce9b40b0c39759dc1ade14bc_clause_009,0b59dfc4ce9b40b0c39759dc1ade14bc,"(d) Notice If either Party proposes to make any disclosure in reliance on clause (i) above, the disclosing Party shall, to the extent
practicable, provide the other Party with the text of the proposed disclosure as far in advance of its disclosure as is practicable and shall in
good faith consult with and consider the suggestions of the other Party concerning the nature and scope of the information it proposes to
disclose. Notwithstanding the foregoing, a Party may make such public announcement or public statement if in the opinion of such Party's
outside counsel or General Counsel, such public announcement or public statement is necessary to avoid committing a violation of law or of
any rule or regulation of any securities association, stock exchange or national securities quotation system on which such Party's securities
are listed or trade. In such event, the disclosing Party shall use its reasonable best efforts to give advance notice to the other Party and to
consult with the other Party on the timing and content of any such public announcement or public statement.","[""Authorized Disclosure""]","[""Additional Information""]","[""Authorized Disclosure""]","[""Authorized Disclosure""]",0.95,0.0,0.98,0.6433,0.3333,DISAGREEMENT,The clause sets forth the notice and consultation requirements when a party makes a disclosure or public statement permitted or required by law or stock exchange rules. | API call failed after 3 retries | The clause outlines the procedural requiremen,llm_pseudo_label,0,0,0,0,0,1,0,0,0,0,0,0,0,0
0b59dfc4ce9b40b0c39759dc1ade14bc_clause_010,0b59dfc4ce9b40b0c39759dc1ade14bc,"(e) Certain Securities Law Restrictions. Each Party acknowledges that the Evaluation Material may contain material nonpublic
information concerning the Furnishing Party. Each Party
2
further acknowledges its awareness of the restrictions imposed by federal and state securities laws on persons in possession of material
nonpublic information. Nothing herein shall constitute an admission by either Party that any Evaluation Material in fact contains material
nonpublic information concerning the Furnishing Party.","[""Confidentiality Obligations""]","[""Confidentiality Obligations"", ""Additional Information""]","[""Additional Information""]","[""Confidentiality Obligations"", ""Additional Information""]",0.9,0.9,0.9,0.9,0.3333,DISAGREEMENT,The clause outlines legal restrictions and obligations regarding the handling and use of material nonpublic evaluation material under securities laws. | The clause outlines obligations and restrictions regarding the use of material nonpublic informat,llm_pseudo_label,0,0,0,0,1,0,0,0,0,0,0,0,0,1
0b59dfc4ce9b40b0c39759dc1ade14bc_clause_011,0b59dfc4ce9b40b0c39759dc1ade14bc,"(f) Contact with Employees and Representatives. Neither Party shall communicate with any employee of the other Party regarding
the Transaction or disclose any Evaluation Material to any employee or Representative of the other Party, other than the employees and
Representatives named on the working group lists provided by the Parties from time to time.","[""Confidentiality Obligations"", ""Authorized Disclosure"", ""Employees""]","[""Confidentiality Obligations"", ""Authorized Disclosure"", ""Employees""]","[""Employees"", ""Confidentiality Obligations""]","[""Confidentiality Obligations"", ""Authorized Disclosure"", ""Employees""]",0.95,0.95,0.98,0.96,0.7778,MEDIUM_CONFIDENCE,The clause restricts contact with employees and limits the disclosure of confidential evaluation material to specifically authorized representatives and personnel. | The clause restricts communication with employees regarding the transaction and limi,llm_pseudo_label,0,0,0,0,1,1,0,0,0,0,0,1,0,0
0b59dfc4ce9b40b0c39759dc1ade14bc_clause_012,0b59dfc4ce9b40b0c39759dc1ade14bc,"(g) General. Notwithstanding any other provision of this Agreement, neither Party will be restricted from using the information
contained in the Evaluation Material that is retained in the minds of Representatives who have had access to the other Party's Evaluation
Material, unless such use shall infringe on any of such Party's patent rights, trademark rights or copyright rights.","[""Non-Confidential Information"", ""Intellectual Property""]","[""Non-Confidential Information"", ""Intellectual Property""]","[""Confidentiality Obligations"", ""Intellectual Property""]","[""Non-Confidential Information"", ""Intellectual Property""]",0.95,0.9,0.98,0.9433,0.5556,MEDIUM_CONFIDENCE,This residual knowledge clause creates an exception allowing the use of retained mental information while explicitly reserving and protecting intellectual property rights. | This clause is a 'residuals' provision permitting the use of information ret,llm_pseudo_label,0,0,0,0,0,0,1,0,0,0,1,0,0,0
0b59dfc4ce9b40b0c39759dc1ade14bc_clause_013,0b59dfc4ce9b40b0c39759dc1ade14bc,"4. Accuracy of Evaluation Material: No Representations or Warranties. Each Party acknowledges and agrees (a) that no representation or
warranty, express or implied, is made by either Party or any of its respective Representatives as to the accuracy or completeness of the Evaluation
Material, and (b) that the Parties shall be entitled to rely only on those representations and warranties (if any) that may be made in a definitive
written agreement for the Transaction, signed and delivered by both Parties, and then only to the extent, and subject to the limitations, provided
therein.","[""Liability for Damages"", ""Additional Information""]","[""Additional Information""]","[""Additional Information""]","[""Additional Information""]",0.85,0.0,0.98,0.61,0.6667,MEDIUM_CONFIDENCE,The clause disclaims representations and warranties regarding the accuracy or completeness of evaluation materials and limits reliance and potential liability. | API call failed after 3 retries | The clause serves as a disclaimer regarding the accura,llm_pseudo_label,0,0,0,0,0,0,0,0,0,0,0,0,0,1
0b59dfc4ce9b40b0c39759dc1ade14bc_clause_014,0b59dfc4ce9b40b0c39759dc1ade14bc,"5. No Solicitation.
 (a) For a period of one year subsequent to the termination of discussions regarding a Transaction, neither Party shall, without the prior
written consent of the other Party, directly or indirectly solicit for hire any person currently employed by the other Party (or any of its
subsidiaries) with whom the hiring Party first has contact, or who first becomes known to the hiring Party. In the course of the Parties'
discussions and due diligence with respect to the proposed Transaction; provided, however, that the foregoing provision shall not prevent
either Party, without such consent, from employing any employee who (i) contacts the hiring Party directly at his or her own initiative
without any direct or indirect solicitation by or encouragement from the hiring Party, (ii) responds to a mass media solicitation or
advertisement consistent with the hiring Party's past practices that is not directed at employees of the other Party or (iii) is identified by a
third party executive search firm or employment agency without any assistance from such Party.","[""Employees""]","[""Additional Information""]","[""Employees""]","[""Employees""]",0.98,0.0,1.0,0.66,0.3333,DISAGREEMENT,The clause sets forth non-solicitation restrictions regarding current employees of the parties following transaction discussions. | API call failed after 3 retries | The clause explicitly prohibits the solicitation of the other party's employees for ,llm_pseudo_label,0,0,0,0,0,0,0,0,0,0,0,1,0,0
0b59dfc4ce9b40b0c39759dc1ade14bc_clause_015,0b59dfc4ce9b40b0c39759dc1ade14bc,"(b) For a period one year from the date of this Agreement, neither Party shall, without the prior written consent of the other Party or the
other Party's board of directors, either directly or indirectly through any affiliate or Representative or otherwise: (i) acquire, offer to acquire,
or agree to acquire, by purchase, tender offer, merger, consolidation, share exchange or otherwise, ownership or control of any voting
securities, or any direct or indirect right to acquire any voting securities, of the other Party, any subsidiary thereof, or any successor
corporation thereto; (ii) make, or in any way participate in any ""solicitation"" of ""proxies"" (as such terms are used in the rules and regulations
of the Securities and Exchange Commission) to vote, or seek to advise or influence any person or entity with respect to the voting of, any
voting securities of the other Party; (iii) seek or propose to influence or control the management or policies of the other Party; (iv) make any
public announcement with respect to, or submit a proposal for, or offer of any merger, acquisition or other business combination or
extraordinary transaction involving the other Party or any of its subsidiaries or any securities or assets of the other Party or any of its
subsidiaries; (v) form, join or in any way participate in a ""group""( as defined in Section 13(d)(3) of the Securities Exchange Act of 1934, as
amended) in connection with any of the foregoing, or (vi) request the other Party or any of the other party's Representatives to amend or
waive any provision of this paragraph 5(b) in any manner which may reasonably be expected to compel or result in public disclosure;
provided that such limitations shall expire upon the public","[""Competition Rights""]","[""Additional Information""]","[""Competition Rights"", ""Term and Termination""]","[""Competition Rights""]",0.95,0.0,0.98,0.6433,0.1667,DISAGREEMENT,"This clause outlines a standstill provision restricting stock acquisition, proxy solicitation, and corporate influence, which falls under Competition Rights. | API call failed after 3 retries | The clause outlines standstill and non-solicitation rest",llm_pseudo_label,0,0,0,0,0,0,0,0,1,0,0,0,0,0
0b59dfc4ce9b40b0c39759dc1ade14bc_clause_016,0b59dfc4ce9b40b0c39759dc1ade14bc,"3
announcement of a third party tender offer for more than fifty percent of the outstanding voting securities of the other Party or a business
combination between the other Party and a third party. Each Party (the ""Representing Party"") represents and warrants to the other Party that
as of the date of this Agreement the Representing Party does not directly or indirectly own or possess voting or dispositive control over any
voting securities of the other Party.","[""Additional Information""]","[""Additional Information""]","[""Competition Rights"", ""Additional Information""]","[""Additional Information""]",0.9,0.0,0.85,0.5833,0.6667,LOW_CONFIDENCE,"This clause contains representations and warranties regarding voting securities ownership and tender offer announcements, which does not fit into the standard predefined NDA categories. | API call failed after 3 retries | The clause addresses ownersh",llm_pseudo_label,0,0,0,0,0,0,0,0,0,0,0,0,0,1
0b59dfc4ce9b40b0c39759dc1ade14bc_clause_017,0b59dfc4ce9b40b0c39759dc1ade14bc,"6. Return and Destruction of Evaluation Material. At any time after termination of discussions by either Party with respect to the
Transaction, upon the request of the Furnishing Party, the Receiving Party shall promptly (and in no event later than five business days after such
request) (a) redeliver or cause to be redelivered to the Furnishing Party all copies of all Primary Evaluation Material in the possession or control of
the Receiving Party or its Representatives which is in a visual or written format and erase or destroy all copies of all such Primary Evaluation
Material which is stored in electronic format, and (b) destroy or cause to be destroyed all Derivative Evaluation Material in the possession or control
of the Receiving Party or any of its Representatives. Nothing herein shall obligate the Receiving Party to provide any Derivative Evaluation Material
to the Furnishing Party. Notwithstanding the return, destruction or erasure of Evaluation Material hereunder, the Receiving Party and its
Representatives shall continue to be bound by their confidentiality and other obligations hereunder.","[""Additional Information""]","[""Additional Information""]","[""Term and Termination"", ""Confidentiality Obligations""]","[""Additional Information""]",0.0,0.0,0.95,0.3167,0.3333,DISAGREEMENT,API call failed after 3 retries | API call failed after 3 retries | The clause dictates the handling of confidential information upon termination of discussions and reaffirms the ongoing nature of confidentiality obligations.,llm_pseudo_label,0,0,0,0,0,0,0,0,0,0,0,0,0,1
0b59dfc4ce9b40b0c39759dc1ade14bc_clause_018,0b59dfc4ce9b40b0c39759dc1ade14bc,"7. Remedies. Each Party agrees that money damages would not be a sufficient remedy for any breach of any provision of this Agreement by
it or any of its Representatives, and that in addition to all other remedies which either Party may have, each Party shall be entitled to specific
performance and injunctive or other equitable relief as a remedy for any such breach. Such remedies shall not be deemed to be the exclusive
remedies for a breach of this Agreement but shall be in addition to all other remedies available at law or in equity. No failure or delay by either Party
in exercising any right, power or privilege hereunder shall operate as a waiver thereof, nor shall any single or partial exercise thereof preclude any
other or further exercise thereof or the exercise of any right, power or privilege hereunder. In the event that either Party should institute proceedings
to enforce any provision of this Agreement, the prevailing Party in such proceedings shall be entitled to recover all expenses relating to the
enforcement of this Agreement, including reasonable attorneys' fees and costs, in addition to any other remedies.","[""Additional Information""]","[""Additional Information""]","[""Liability for Damages""]","[""Additional Information""]",0.0,0.0,0.98,0.3267,0.3333,DISAGREEMENT,"API call failed after 3 retries | API call failed after 3 retries | The clause outlines legal remedies, including equitable relief and recovery of attorneys' fees, in the event of a breach of the agreement.",llm_pseudo_label,0,0,0,0,0,0,0,0,0,0,0,0,0,1
0b59dfc4ce9b40b0c39759dc1ade14bc_clause_019,0b59dfc4ce9b40b0c39759dc1ade14bc,"8. Miscellaneous.
 (a) No License. Neither Party grants a license, by implication or otherwise, under any of its trade secrets or other intellectual
property rights to the Receiving Party. The terms of this Agreement shall not be construed to limit either Party's right to independently
develop or acquire products without use of the other Party's Evaluation Material. The Furnishing Party acknowledges that the Receiving
Party may currently or in the future develop information internally, or receive information from other parties, that is similar to the Evaluation
Material. Accordingly, nothing in this Agreement will be construed as a representation or agreement that the Receiving Party will not
develop or have developed for its products, concepts, systems, or techniques that are similar to or compete with the products, concepts,
systems or techniques contemplated by or embodied in the Evaluation Material, provided that the Receiving Party does not violate any of its
obligations under this Agreement in connection with such development.","[""Additional Information""]","[""Additional Information""]","[""Intellectual Property"", ""Competition Rights""]","[""Additional Information""]",0.0,0.0,0.98,0.3267,0.3333,DISAGREEMENT,API call failed after 3 retries | API call failed after 3 retries | The clause explicitly addresses that no IP license is granted and clarifies the Receiving Party's right to develop competing products independently.,llm_pseudo_label,0,0,0,0,0,0,0,0,0,0,0,0,0,1
0b59dfc4ce9b40b0c39759dc1ade14bc_clause_020,0b59dfc4ce9b40b0c39759dc1ade14bc,"(b) Entire Agreement. This Agreement contains the sole and entire agreement between the Parties with respect to the confidentiality
of the Evaluation Material and the confidentiality of their discussions, negotiations and investigations concerning a Transaction.","[""Additional Information""]","[""Additional Information""]","[""Additional Information""]","[""Additional Information""]",0.0,0.0,0.98,0.3267,1.0,LOW_CONFIDENCE,"API call failed after 3 retries | API call failed after 3 retries | This clause is an 'Entire Agreement' or 'Merger' clause, which is a standard boilerplate provision not covered by the other 13 specific categories.",llm_pseudo_label,0,0,0,0,0,0,0,0,0,0,0,0,0,1
0b59dfc4ce9b40b0c39759dc1ade14bc_clause_021,0b59dfc4ce9b40b0c39759dc1ade14bc,"(c) Amendment and Waiver. This Agreement may be amended, modified or waived only by a separate written instrument duly signed
and delivered by or on behalf of both Parties.
4","[""Additional Information""]","[""Additional Information""]","[""Additional Information""]","[""Additional Information""]",0.0,0.0,1.0,0.3333,1.0,LOW_CONFIDENCE,"API call failed after 3 retries | API call failed after 3 retries | The clause pertains to the amendment and waiver of the agreement, which is a standard boilerplate provision not explicitly covered by the 13 specific categories.",llm_pseudo_label,0,0,0,0,0,0,0,0,0,0,0,0,0,1
0b59dfc4ce9b40b0c39759dc1ade14bc_clause_022,0b59dfc4ce9b40b0c39759dc1ade14bc,"(d) Severability. The invalidity or unenforceability of any provision of this Agreement shall not impair or affect the validity or
enforceability of any other provision of this Agreement unless the enforcement of such provision in such circumstances would be
inequitable.","[""Additional Information""]","[""Additional Information""]","[""Additional Information""]","[""Additional Information""]",0.0,0.0,1.0,0.3333,1.0,LOW_CONFIDENCE,API call failed after 3 retries | API call failed after 3 retries | The clause is a standard severability provision which does not fall into any of the first 13 specified categories.,llm_pseudo_label,0,0,0,0,0,0,0,0,0,0,0,0,0,1
0b59dfc4ce9b40b0c39759dc1ade14bc_clause_023,0b59dfc4ce9b40b0c39759dc1ade14bc,"(e) No Obligation to Complete a Transaction. It is expressly understood that this Agreement is not intended to, and does not,
constitute an agreement to consummate a Transaction, to conduct or continue negotiations with respect to a Transaction, or to enter into a
definitive agreement with respect to a Transaction, and neither Party shall have any rights or obligations of any kind whatsoever with respect
to such a Transaction by virtue of this Agreement or by virtue of any other written or oral expression by the Parties' respective
Representatives unless and until a definitive agreement with respect to a Transaction is executed and delivered by both Parties, other than for
the matters specifically agreed to herein. Both Parties further acknowledge and agree that each Party reserves the right, in its sole discretion,
to provide or not to provide Evaluation Material to the Receiving Party under this Agreement, to reject any and all proposals made by the
other Party or any of its Representatives with regard to a Transaction, and to terminate discussions and negotiations at any time. If either
Party determines not to proceed with negotiations with respect to a Transaction, it will promptly inform the other Party of such
determination.","[""Additional Information""]","[""Additional Information""]","[""Purpose"", ""Additional Information""]","[""Additional Information""]",0.0,0.0,0.9,0.3,0.6667,LOW_CONFIDENCE,API call failed after 3 retries | API call failed after 3 retries | The clause clarifies that the NDA does not mandate a transaction and outlines the rights of the parties regarding the cessation of business negotiations.,llm_pseudo_label,0,0,0,0,0,0,0,0,0,0,0,0,0,1
0b59dfc4ce9b40b0c39759dc1ade14bc_clause_024,0b59dfc4ce9b40b0c39759dc1ade14bc,"(f) Governing Law; Forum. This Agreement shall be governed by and construed in accordance with the internal laws of the State of
Georgia, without regard to the principles of the conflict of laws thereof. Each Party consents and submits to the exclusive jurisdiction of the
federal and state courts in the State of Georgia, and the city of Atlanta, for the adjudication of any action, suit, or proceeding arising out of or
otherwise relating to this Agreement.","[""Additional Information""]","[""Additional Information""]","[""Governing Law and Jurisdiction""]","[""Additional Information""]",0.0,0.0,1.0,0.3333,0.3333,DISAGREEMENT,API call failed after 3 retries | API call failed after 3 retries | The clause explicitly states the governing law and specifies the legal forum for dispute resolution.,llm_pseudo_label,0,0,0,0,0,0,0,0,0,0,0,0,0,1
0b59dfc4ce9b40b0c39759dc1ade14bc_clause_025,0b59dfc4ce9b40b0c39759dc1ade14bc,"[Signatures on following page]
5
 The Parties have executed this Agreement as of the date first written above.
EarthLink, Inc.","[""Additional Information""]","[""Additional Information""]","[""Party Identification""]","[""Additional Information""]",0.0,0.0,0.98,0.3267,0.3333,DISAGREEMENT,API call failed after 3 retries | API call failed after 3 retries | The clause indicates the execution of the agreement and identifies the specific legal entity signing it.,llm_pseudo_label,0,0,0,0,0,0,0,0,0,0,0,0,0,1
0b59dfc4ce9b40b0c39759dc1ade14bc_clause_026,0b59dfc4ce9b40b0c39759dc1ade14bc,"PeoplePC, Inc.
By:

/s/ BRINTON O.C. YOUNG","[""Additional Information""]","[""Additional Information""]","[""Party Identification""]","[""Additional Information""]",0.0,0.0,1.0,0.3333,0.3333,DISAGREEMENT,API call failed after 3 retries | API call failed after 3 retries | The clause identifies a party to the agreement through their company name and authorized signatory.,llm_pseudo_label,0,0,0,0,0,0,0,0,0,0,0,0,0,1
0b59dfc4ce9b40b0c39759dc1ade14bc_clause_027,0b59dfc4ce9b40b0c39759dc1ade14bc,"By:

/s/ CHARLES ORTMEYER
Name:","[""Additional Information""]","[""Additional Information""]","[""Party Identification""]","[""Additional Information""]",0.0,0.0,1.0,0.3333,0.3333,DISAGREEMENT,API call failed after 3 retries | API call failed after 3 retries | This clause contains the signature block identifying a party to the agreement.,llm_pseudo_label,0,0,0,0,0,0,0,0,0,0,0,0,0,1
0b59dfc4ce9b40b0c39759dc1ade14bc_clause_028,0b59dfc4ce9b40b0c39759dc1ade14bc,"Brinton O.C. Young

Name:","[""Additional Information""]","[""Additional Information""]","[""Party Identification""]","[""Additional Information""]",0.0,0.0,1.0,0.3333,0.3333,DISAGREEMENT,API call failed after 3 retries | API call failed after 3 retries | The text identifies a specific individual's name as part of the execution block or party signature section.,llm_pseudo_label,0,0,0,0,0,0,0,0,0,0,0,0,0,1
0b59dfc4ce9b40b0c39759dc1ade14bc_clause_029,0b59dfc4ce9b40b0c39759dc1ade14bc,"Charles Ortmeyer
Title:","[""Additional Information""]","[""Additional Information""]","[""Party Identification""]","[""Additional Information""]",0.0,0.0,1.0,0.3333,0.3333,DISAGREEMENT,"API call failed after 3 retries | API call failed after 3 retries | The text identifies an individual and a professional title, which is standard for defining the parties to an agreement.",llm_pseudo_label,0,0,0,0,0,0,0,0,0,0,0,0,0,1
0b59dfc4ce9b40b0c39759dc1ade14bc_clause_030,0b59dfc4ce9b40b0c39759dc1ade14bc,EVP of Strategic Planning,"[""Additional Information""]","[""Additional Information""]","[""Party Identification""]","[""Additional Information""]",0.0,0.0,0.9,0.3,0.3333,DISAGREEMENT,"API call failed after 3 retries | API call failed after 3 retries | The clause identifies a specific corporate title, which is typically used to identify representatives or parties within an agreement.",llm_pseudo_label,0,0,0,0,0,0,0,0,0,0,0,0,0,1
0b59dfc4ce9b40b0c39759dc1ade14bc_clause_031,0b59dfc4ce9b40b0c39759dc1ade14bc,"Title:

SVP and General Counsel
6
QuickLinks","[""Additional Information""]","[""Additional Information""]","[""Additional Information""]","[""Additional Information""]",0.0,0.0,0.95,0.3167,1.0,LOW_CONFIDENCE,API call failed after 3 retries | API call failed after 3 retries | The text appears to be document metadata or a header snippet that does not contain substantive legal obligations or definitions.,llm_pseudo_label,0,0,0,0,0,0,0,0,0,0,0,0,0,1
0b59dfc4ce9b40b0c39759dc1ade14bc_clause_032,0b59dfc4ce9b40b0c39759dc1ade14bc,MUTUAL NON-DISCLOSURE AND NON-SOLICITATION AGREEMENT,"[""NDA Type""]","[""NDA Type""]","[""NDA Type"", ""Employees""]","[""NDA Type""]",0.95,0.95,0.95,0.95,0.6667,MEDIUM_CONFIDENCE,"The title specifies that the agreement is mutual, indicating the NDA type. | The clause is the title of the agreement, explicitly identifying it as a 'MUTUAL' non-disclosure agreement, which specifies the NDA type. | The clause explicitly identifies ",llm_pseudo_label,0,0,1,0,0,0,0,0,0,0,0,0,0,0
2268c5d1120f1abd57170d689f496418_clause_000,2268c5d1120f1abd57170d689f496418,Exhibit A,"[""Additional Information""]","[""Additional Information""]","[""Additional Information""]","[""Additional Information""]",0.95,0.95,1.0,0.9667,1.0,HIGH_CONFIDENCE,"The text 'Exhibit A' is a generic exhibit heading with no substantive provisions, placing it under Additional Information. | The text 'Exhibit A' is a structural heading or reference and does not contain substantive NDA provisions, making 'Additional",llm_pseudo_label,0,0,0,0,0,0,0,0,0,0,0,0,0,1
2268c5d1120f1abd57170d689f496418_clause_001,2268c5d1120f1abd57170d689f496418,NON-DISCLOSURE AGREEMENT,[],"[""Additional Information""]","[""Additional Information""]","[""Additional Information""]",0.0,0.95,1.0,0.975,1.0,HIGH_CONFIDENCE,"[1/3 models failed] API_ERROR: 429 RESOURCE_EXHAUSTED. {'error': {'code': 429, 'message': 'You exceeded your current quota, please check your plan and billing details. For more information on this error, head to: https://ai.google. | The clause is th",llm_pseudo_label,0,0,0,0,0,0,0,0,0,0,0,0,0,1
2268c5d1120f1abd57170d689f496418_clause_002,2268c5d1120f1abd57170d689f496418,"THIS NON-DISCLOSURE AGREEMENT (this ""Agreement""), is made and entered into as of the date on which it is fully
executed, as indicated by signatures below, by and among First Financial Northwest, Inc. (the ""Company""), the Stilwell Group (composed of
Stilwell Associates, L.P., Stilwell Partners, L.P., Stilwell Value Partners II, L.P., Stilwell Value Partners V, L.P., Stilwell Value Partners VI, L.P.,
Stilwell Value Partners VII, L.P., Stilwell Value LLC, Stilwell Associates Insurance Fund of The S.A.L.I. Multi-Series Fund L.P., Stilwell Advisers
LLC, and Joseph Stilwell, an individual, and their employees and representatives), and Spencer L. Schneider, a director nominee of the Stilwell
Group (""Schneider"").","[""Additional Information""]","[""Additional Information""]","[""Party Identification""]","[""Additional Information""]",0.0,0.0,1.0,0.3333,0.3333,DISAGREEMENT,API call failed after 3 retries | API call failed after 3 retries | The clause explicitly lists and identifies the parties entering into the agreement.,llm_pseudo_label,0,0,0,0,0,0,0,0,0,0,0,0,0,1
2268c5d1120f1abd57170d689f496418_clause_003,2268c5d1120f1abd57170d689f496418,"WHEREAS, the Company has agreed to place Schneider on its board of directors, subject to approval by interested state and
federal regulatory agencies;","[""Additional Information""]","[""Additional Information""]","[""Party Identification"", ""Purpose""]","[""Additional Information""]",0.0,0.0,0.9,0.3,0.3333,DISAGREEMENT,API call failed after 3 retries | API call failed after 3 retries | This clause identifies the parties involved and establishes the context or purpose of the relationship regarding the board appointment.,llm_pseudo_label,0,0,0,0,0,0,0,0,0,0,0,0,0,1
2268c5d1120f1abd57170d689f496418_clause_004,2268c5d1120f1abd57170d689f496418,"WHEREAS, the Company, the Stilwell Group and Schneider have agreed that it is in their mutual interests to enter into this
Agreement as hereinafter described.","[""Additional Information""]","[""Additional Information""]","[""Additional Information""]","[""Additional Information""]",0.0,0.0,0.0,0.0,1.0,LOW_CONFIDENCE,API call failed after 3 retries | API call failed after 3 retries | API call failed after 3 retries,llm_pseudo_label,0,0,0,0,0,0,0,0,0,0,0,0,0,1
2268c5d1120f1abd57170d689f496418_clause_005,2268c5d1120f1abd57170d689f496418,"NOW THEREFORE, for good and valuable consideration, the parties hereto mutually agree as follows:","[""Additional Information""]","[""Additional Information""]","[""Additional Information""]","[""Additional Information""]",0.0,0.0,0.95,0.3167,1.0,LOW_CONFIDENCE,API call failed after 3 retries | API call failed after 3 retries | This is a standard introductory recital clause establishing the existence of consideration rather than defining specific rights or obligations.,llm_pseudo_label,0,0,0,0,0,0,0,0,0,0,0,0,0,1
2268c5d1120f1abd57170d689f496418_clause_006,2268c5d1120f1abd57170d689f496418,"1. In connection with Schneider serving on the Company's board, Schneider and other Company employees, directors, and
agents may divulge nonpublic information concerning the Company and its subsidiaries to the Stilwell Group and such information may be shared
among the Stilwell Group's employees and agents who have a need to know such information. The Stilwell Group expressly agrees to maintain all
nonpublic information concerning the Company and its subsidiaries in confidence. The Stilwell Group expressly acknowledges that federal and
state securities laws may prohibit a person from purchasing or selling securities of a company, or from communicating such information to any other
person under circumstances in which it is reasonably foreseeable that such other person is likely to purchase or sell such securities, while the first-
mentioned person is in possession of material nonpublic information about such company. The Stilwell Group agrees to comply with the Company's
insider trading and disclosure policies, as in effect from time to time, to the same extent as if it were a director of the Company. To the extent the
nonpublic information concerning the Company and its subsidiaries received by the Stilwell Group is material, this Agreement is intended to satisfy
the confidentiality agreement exclusion of Regulation FD of the Securities and Exchange Commission (the ""SEC"") set forth in Section 243.100(b)
(2)(ii) of Regulation FD.","[""Additional Information""]","[""Additional Information""]","[""Purpose"", ""Confidentiality Obligations"", ""Authorized Disclosure"", ""Employees""]","[""Additional Information""]",0.0,0.0,0.95,0.3167,0.3333,DISAGREEMENT,"API call failed after 3 retries | API call failed after 3 retries | The clause outlines the purpose of sharing information, mandates confidentiality, permits disclosure to agents on a need-to-know basis, and addresses compliance regarding individuals",llm_pseudo_label,0,0,0,0,0,0,0,0,0,0,0,0,0,1
2268c5d1120f1abd57170d689f496418_clause_007,2268c5d1120f1abd57170d689f496418,"2. Each of the Stilwell Group and Schneider represents and warrants to the Company that this Agreement has been duly and
validly authorized (in the case of the entity members of the Stilwell Group), executed and delivered by them, and is a valid and binding agreement
enforceable against them in accordance with its terms.","[""Additional Information""]","[""Additional Information""]","[""Party Identification"", ""Additional Information""]","[""Additional Information""]",0.0,0.0,0.9,0.3,0.6667,LOW_CONFIDENCE,"API call failed after 3 retries | API call failed after 3 retries | The clause identifies specific parties and confirms their capacity to enter into the agreement, which serves as a representation of authorization rather than a substantive confidenti",llm_pseudo_label,0,0,0,0,0,0,0,0,0,0,0,0,0,1
2268c5d1120f1abd57170d689f496418_clause_008,2268c5d1120f1abd57170d689f496418,"3. Schneider hereby further represents and warrants to the Company that: (a) he satisfies all of the qualifications to be a
director of the Company as set forth in Article III, Section 4 of the Company's bylaws and any additional applicable qualifications under the laws of
the State of Washington or under the regulations of any bank regulatory authority, and that he is not in any way precluded from serving as a director
by order or other action of any court, regulatory or other governmental authority; and (b) no event has occurred with respect to Schneider that would
require disclosure in a document filed by the Company with the SEC pursuant to the Securities Act of 1933, as amended, or the Securities Exchange
Act of 1934, as amended, under Item 401(f) of SEC Regulation S-K.","[""Additional Information""]","[""Additional Information""]","[""Additional Information""]","[""Additional Information""]",0.0,0.0,0.98,0.3267,1.0,LOW_CONFIDENCE,"API call failed after 3 retries | API call failed after 3 retries | The clause pertains to director qualifications and regulatory compliance rather than confidentiality, disclosure obligations, or the core NDA terms.",llm_pseudo_label,0,0,0,0,0,0,0,0,0,0,0,0,0,1
2268c5d1120f1abd57170d689f496418_clause_009,2268c5d1120f1abd57170d689f496418,"4. The Stilwell Group acknowledges that with regard to its obligations to maintain the confidentiality of nonpublic
information of the Company and its subsidiaries, monetary damages may not be a sufficient remedy for any breach or threatened breach of this
Agreement and that, in addition to all other remedies, the Company may be entitled to seek specific performance and injunctive or other equitable
relief as a remedy for such breach, and in conjunction therewith the Company shall not be required to post any bond.","[""Additional Information""]","[""Additional Information""]","[""Liability for Damages""]","[""Additional Information""]",0.0,0.0,0.98,0.3267,0.3333,DISAGREEMENT,"API call failed after 3 retries | API call failed after 3 retries | The clause specifically addresses the legal remedies available to the Company, including equitable relief and specific performance, in the event of a breach of confidentiality.",llm_pseudo_label,0,0,0,0,0,0,0,0,0,0,0,0,0,1
2268c5d1120f1abd57170d689f496418_clause_010,2268c5d1120f1abd57170d689f496418,"5. This Agreement constitutes the entire agreement between the parties hereto pertaining to the subject matter hereof and
supersedes all prior and contemporaneous agreements, understandings, negotiations and discussions of the parties in connection therewith not
referred to herein.","[""Additional Information""]","[""Additional Information""]","[""Additional Information""]","[""Additional Information""]",0.0,0.0,1.0,0.3333,1.0,LOW_CONFIDENCE,"API call failed after 3 retries | API call failed after 3 retries | This is a standard 'Entire Agreement' or 'Merger' clause, which does not fit into the specific legal categories provided for NDA obligations and is thus classified as Additional Info",llm_pseudo_label,0,0,0,0,0,0,0,0,0,0,0,0,0,1
2268c5d1120f1abd57170d689f496418_clause_011,2268c5d1120f1abd57170d689f496418,"6. This Agreement shall be governed by, and construed in accordance with, the laws of the State of Washington, without
regard to choice of law principles that may otherwise compel the application of the laws of any other jurisdiction. Each of the parties hereby
irrevocably consents to the exclusive jurisdiction of the state and federal courts sitting in the State of Washington to resolve any dispute arising from
this Agreement and waives any defense of inconvenient or improper forum.","[""Additional Information""]","[""Additional Information""]","[""Governing Law and Jurisdiction""]","[""Additional Information""]",0.0,0.0,1.0,0.3333,0.3333,DISAGREEMENT,API call failed after 3 retries | API call failed after 3 retries | The clause explicitly specifies the governing law and the venue for legal proceedings.,llm_pseudo_label,0,0,0,0,0,0,0,0,0,0,0,0,0,1
2268c5d1120f1abd57170d689f496418_clause_012,2268c5d1120f1abd57170d689f496418,"7. The terms and provisions of this Agreement shall be deemed severable and, in the event any term or provision hereof or
portion thereof is deemed or held to be invalid, illegal or unenforceable, such provision shall be conformed to prevailing law rather than voided, if
possible, in order to achieve the intent of the parties, and, in any event, the remaining terms and provisions of this Agreement shall nevertheless
continue and be deemed to be in full force and effect and binding upon the parties.","[""Additional Information""]","[""Additional Information""]","[""Additional Information""]","[""Additional Information""]",0.0,0.0,1.0,0.3333,1.0,LOW_CONFIDENCE,API call failed after 3 retries | API call failed after 3 retries | This is a standard severability clause which does not fall under the specific definitions of categories 1 through 13.,llm_pseudo_label,0,0,0,0,0,0,0,0,0,0,0,0,0,1
2268c5d1120f1abd57170d689f496418_clause_013,2268c5d1120f1abd57170d689f496418,"8. All representations, warranties, covenants and agreements made herein shall survive the execution and delivery of this
Agreement.","[""Additional Information""]","[""Additional Information""]","[""Additional Information""]","[""Additional Information""]",0.0,0.0,0.98,0.3267,1.0,LOW_CONFIDENCE,"API call failed after 3 retries | API call failed after 3 retries | The clause pertains to the survival of contractual obligations and representations, which is a standard boilerplate provision not captured by the other 13 specific categories.",llm_pseudo_label,0,0,0,0,0,0,0,0,0,0,0,0,0,1
2268c5d1120f1abd57170d689f496418_clause_014,2268c5d1120f1abd57170d689f496418,"9. This Agreement may not be modified, amended, altered or supplemented except upon the execution and delivery of a
written agreement executed by all of the parties hereto.","[""Additional Information""]","[""Additional Information""]","[""Additional Information""]","[""Additional Information""]",0.0,0.0,0.98,0.3267,1.0,LOW_CONFIDENCE,"API call failed after 3 retries | API call failed after 3 retries | The clause pertains to the amendment process of the agreement, which does not fall under the specific definitions of categories 1-13.",llm_pseudo_label,0,0,0,0,0,0,0,0,0,0,0,0,0,1
2268c5d1120f1abd57170d689f496418_clause_015,2268c5d1120f1abd57170d689f496418,"10. This Agreement may be executed in counterparts, each of which shall be an original, but all of which together shall
constitute one and the same agreement.","[""Additional Information""]","[""Additional Information""]","[""Additional Information""]","[""Additional Information""]",0.0,0.0,1.0,0.3333,1.0,LOW_CONFIDENCE,"API call failed after 3 retries | API call failed after 3 retries | The clause describes the execution mechanism for the agreement, which does not fall under the primary substantive categories provided.",llm_pseudo_label,0,0,0,0,0,0,0,0,0,0,0,0,0,1
2268c5d1120f1abd57170d689f496418_clause_016,2268c5d1120f1abd57170d689f496418,"16

IN WITNESS WHEREOF, this Agreement has been duly executed and delivered by duly authorized officers of the undersigned as
of the day and year first above written.","[""Additional Information""]","[""Additional Information""]","[""Additional Information""]","[""Additional Information""]",0.0,0.0,1.0,0.3333,1.0,LOW_CONFIDENCE,"API call failed after 3 retries | API call failed after 3 retries | This is a standard signature block/execution clause, which does not fall into categories 1-13.",llm_pseudo_label,0,0,0,0,0,0,0,0,0,0,0,0,0,1
2268c5d1120f1abd57170d689f496418_clause_017,2268c5d1120f1abd57170d689f496418,THE STILWELL GROUP,"[""Additional Information""]","[""Additional Information""]","[""Party Identification""]","[""Additional Information""]",0.0,0.0,0.98,0.3267,0.3333,DISAGREEMENT,"API call failed after 3 retries | API call failed after 3 retries | The text identifies a specific entity, which is characteristic of the Party Identification section of an agreement.",llm_pseudo_label,0,0,0,0,0,0,0,0,0,0,0,0,0,1
2268c5d1120f1abd57170d689f496418_clause_018,2268c5d1120f1abd57170d689f496418,"FIRST FINANCIAL NORTHWEST, INC.","[""Additional Information""]","[""Additional Information""]","[""Party Identification""]","[""Additional Information""]",0.0,0.0,1.0,0.3333,0.3333,DISAGREEMENT,API call failed after 3 retries | API call failed after 3 retries | The text identifies the name of a specific entity involved in the agreement.,llm_pseudo_label,0,0,0,0,0,0,0,0,0,0,0,0,0,1
2268c5d1120f1abd57170d689f496418_clause_019,2268c5d1120f1abd57170d689f496418,"/s/Joseph Stilwell

/s/Victor Karpiak
By:","[""Additional Information""]","[""Additional Information""]","[""Party Identification""]","[""Additional Information""]",0.0,0.0,1.0,0.3333,0.3333,DISAGREEMENT,API call failed after 3 retries | API call failed after 3 retries | The clause contains the signatures and names of the parties executing the agreement.,llm_pseudo_label,0,0,0,0,0,0,0,0,0,0,0,0,0,1
2268c5d1120f1abd57170d689f496418_clause_020,2268c5d1120f1abd57170d689f496418,"Date
Joseph Stilwell","[""Additional Information""]","[""Additional Information""]","[""Party Identification""]","[""Additional Information""]",0.0,0.0,0.9,0.3,0.3333,DISAGREEMENT,"API call failed after 3 retries | API call failed after 3 retries | The clause identifies an individual party, Joseph Stilwell, likely associated with the execution of the agreement.",llm_pseudo_label,0,0,0,0,0,0,0,0,0,0,0,0,0,1
2268c5d1120f1abd57170d689f496418_clause_021,2268c5d1120f1abd57170d689f496418,"12-20, 2012

By:

Date
Victor Karpiak, President, Chief Executive Officer
and Chairman of the Board","[""Additional Information""]","[""Additional Information""]","[""Party Identification""]","[""Additional Information""]",0.0,0.0,1.0,0.3333,0.3333,DISAGREEMENT,API call failed after 3 retries | API call failed after 3 retries | This clause identifies the signatory and provides the execution date for the agreement.,llm_pseudo_label,0,0,0,0,0,0,0,0,0,0,0,0,0,1
2268c5d1120f1abd57170d689f496418_clause_022,2268c5d1120f1abd57170d689f496418,"December 19, 2012

SPENCER L. SCHNEIDER","[""Additional Information""]","[""Additional Information""]","[""Party Identification""]","[""Additional Information""]",0.0,0.0,0.98,0.3267,0.3333,DISAGREEMENT,"API call failed after 3 retries | API call failed after 3 retries | The clause identifies a specific individual, Spencer L. Schneider, likely acting as a party to the agreement.",llm_pseudo_label,0,0,0,0,0,0,0,0,0,0,0,0,0,1
2268c5d1120f1abd57170d689f496418_clause_023,2268c5d1120f1abd57170d689f496418,"/s/Spencer L. Schneider
Date: 12/20, 2012","[""Additional Information""]","[""Additional Information""]","[""Party Identification""]","[""Additional Information""]",0.0,0.0,0.98,0.3267,0.3333,DISAGREEMENT,API call failed after 3 retries | API call failed after 3 retries | This clause contains the signature and date representing the identification and execution of the agreement by a party.,llm_pseudo_label,0,0,0,0,0,0,0,0,0,0,0,0,0,1
2268c5d1120f1abd57170d689f496418_clause_024,2268c5d1120f1abd57170d689f496418,17,"[""Additional Information""]","[""Additional Information""]","[""Additional Information""]","[""Additional Information""]",0.0,0.0,1.0,0.3333,1.0,LOW_CONFIDENCE,API call failed after 3 retries | API call failed after 3 retries | The clause text '17' appears to be a section numbering or header placeholder that does not contain substantive legal content.,llm_pseudo_label,0,0,0,0,0,0,0,0,0,0,0,0,0,1
247166e0245431dcf97ee884f1f07e35_clause_000,247166e0245431dcf97ee884f1f07e35,CONFIDENTIALITY AGREEMENT,"[""Additional Information""]","[""Additional Information""]","[""Additional Information""]","[""Additional Information""]",0.0,0.0,0.9,0.3,1.0,LOW_CONFIDENCE,API call failed after 3 retries | API call failed after 3 retries | The text represents the title of the agreement rather than a substantive provision.,llm_pseudo_label,0,0,0,0,0,0,0,0,0,0,0,0,0,1
247166e0245431dcf97ee884f1f07e35_clause_001,247166e0245431dcf97ee884f1f07e35,"CONFIDENTIALITY AGREEMENT (this “Agreement”), dated as of April 20, 2018, by and between Elaine P. Wynn (the
“Requesting Stockholder”) and Wynn Resorts, Limited, a Nevada corporation (the “Company”).","[""Additional Information""]","[""Additional Information""]","[""Party Identification""]","[""Additional Information""]",0.0,0.0,1.0,0.3333,0.3333,DISAGREEMENT,"API call failed after 3 retries | API call failed after 3 retries | The clause explicitly identifies the parties to the agreement, Elaine P. Wynn and Wynn Resorts, Limited.",llm_pseudo_label,0,0,0,0,0,0,0,0,0,0,0,0,0,1
247166e0245431dcf97ee884f1f07e35_clause_002,247166e0245431dcf97ee884f1f07e35,"WHEREAS, the Requesting Stockholder hereby represents that she is the beneficial owner of 9,539,077 shares of
common stock of the Company, $0.01 par value per share;","[""Additional Information""]","[""Additional Information""]","[""Additional Information""]","[""Additional Information""]",0.0,0.0,0.0,0.0,1.0,LOW_CONFIDENCE,API call failed after 3 retries | API call failed after 3 retries | API call failed after 3 retries,llm_pseudo_label,0,0,0,0,0,0,0,0,0,0,0,0,0,1
247166e0245431dcf97ee884f1f07e35_clause_003,247166e0245431dcf97ee884f1f07e35,"WHEREAS, by letter to the Company dated April 20, 2018, the Requesting Stockholder has made a demand (the
“Demand”) to inspect and make and/or receive copies or abstracts from certain records of the Company (the “Records”)
pursuant to Nevada Revised Statutes 78.105; and","[""Additional Information""]","[""Additional Information""]","[""Party Identification"", ""Purpose""]","[""Additional Information""]",0.0,0.0,0.95,0.3167,0.3333,DISAGREEMENT,API call failed after 3 retries | API call failed after 3 retries | The clause identifies the parties (Company and Requesting Stockholder) and explains the underlying reason for the records request.,llm_pseudo_label,0,0,0,0,0,0,0,0,0,0,0,0,0,1
247166e0245431dcf97ee884f1f07e35_clause_004,247166e0245431dcf97ee884f1f07e35,"WHEREAS, subject to the execution of this Agreement and payment by the Requesting Stockholder for the production of the
Records, the Company will make the Records available for inspection by the Requesting Stockholder in response to the Demand and
any future demands by the Requesting Stockholder, subject to the provisions contained in this Agreement.","[""Additional Information""]","[""Additional Information""]","[""Purpose""]","[""Additional Information""]",0.0,0.0,0.9,0.3,0.3333,DISAGREEMENT,API call failed after 3 retries | API call failed after 3 retries | The clause establishes the conditions and intent behind making company records available to the Requesting Stockholder.,llm_pseudo_label,0,0,0,0,0,0,0,0,0,0,0,0,0,1
247166e0245431dcf97ee884f1f07e35_clause_005,247166e0245431dcf97ee884f1f07e35,"NOW THEREFORE, for good and valuable consideration, the receipt and sufficiency of which are hereby acknowledged,
the parties do hereby agree as follows:","[""Additional Information""]","[""Additional Information""]","[""Additional Information""]","[""Additional Information""]",0.0,0.0,1.0,0.3333,1.0,LOW_CONFIDENCE,API call failed after 3 retries | API call failed after 3 retries | This is a standard introductory recital regarding consideration and does not fit into the other specific substantive categories.,llm_pseudo_label,0,0,0,0,0,0,0,0,0,0,0,0,0,1
247166e0245431dcf97ee884f1f07e35_clause_006,247166e0245431dcf97ee884f1f07e35,"1. Confidentiality and Purpose. The Company shall make the Records available for inspection by the Requesting
Stockholder in response to the Demand and any future demands by the Requesting Stockholder. The Requesting Stockholder shall
hold the Records (as defined in the Demand) in strict confidence and shall not, and shall direct her Representatives (as defined below)
not to, publish, communicate or otherwise disclose the Records to anyone, either directly or indirectly, other than as permitted by","[""Additional Information""]","[""Additional Information""]","[""Purpose"", ""Confidentiality Obligations"", ""Employees""]","[""Additional Information""]",0.0,0.0,0.95,0.3167,0.3333,DISAGREEMENT,"API call failed after 3 retries | API call failed after 3 retries | The clause defines the purpose of the disclosure, mandates strict confidentiality, and restricts disclosure by the recipient's representatives.",llm_pseudo_label,0,0,0,0,0,0,0,0,0,0,0,0,0,1
247166e0245431dcf97ee884f1f07e35_clause_007,247166e0245431dcf97ee884f1f07e35,"Section 3 of this Agreement. The Requesting Stockholder expressly agrees and represents, consistent with her Demand, that the
Records shall be utilized solely for the purpose set forth in the Demand (the “Permitted Purpose”).","[""Additional Information""]","[""Additional Information""]","[""Purpose""]","[""Additional Information""]",0.0,0.0,1.0,0.3333,0.3333,DISAGREEMENT,API call failed after 3 retries | API call failed after 3 retries | The clause explicitly defines the permitted use of the records as the 'Permitted Purpose'.,llm_pseudo_label,0,0,0,0,0,0,0,0,0,0,0,0,0,1
247166e0245431dcf97ee884f1f07e35_clause_008,247166e0245431dcf97ee884f1f07e35,"The confidentiality obligations set forth in this Agreement shall not apply to any of the Records that (a) were already
properly in the Requesting Stockholder’s or her Representatives’ possession as of the date hereof, provided that such Records were
not subject to any legal, contractual or fiduciary obligation of confidentiality owed to the Company or any subsidiary thereof, (b)
properly came into the Requesting Stockholder’s or her Representatives’ possession after the date hereof, provided that such
Information was not subject to any legal, contractual or fiduciary obligation of confidentiality owed to the Company or any
subsidiary thereof, or (c) are, on the date hereof, or subsequently become, publicly available, other than as a result of a breach of this
Agreement by the Requesting Stockholder or her Representatives.","[""Additional Information""]","[""Additional Information""]","[""Non-Confidential Information""]","[""Additional Information""]",0.0,0.0,1.0,0.3333,0.3333,DISAGREEMENT,"API call failed after 3 retries | API call failed after 3 retries | The clause explicitly defines circumstances under which information is excluded from confidentiality obligations, matching the definition of Non-Confidential Information.",llm_pseudo_label,0,0,0,0,0,0,0,0,0,0,0,0,0,1
247166e0245431dcf97ee884f1f07e35_clause_009,247166e0245431dcf97ee884f1f07e35,"2. Confidentiality Designation. The Company hereby designates the Records as confidential on the grounds that the
Company in good faith believes that the Records constitute or reveals confidential information that requires the protection provided
in this Agreement.","[""Additional Information""]","[""Additional Information""]","[""Definition of Confidential Information""]","[""Additional Information""]",0.0,0.0,0.98,0.3267,0.3333,DISAGREEMENT,"API call failed after 3 retries | API call failed after 3 retries | The clause explicitly designates specific materials as confidential information, falling under the definition of what is protected.",llm_pseudo_label,0,0,0,0,0,0,0,0,0,0,0,0,0,1
247166e0245431dcf97ee884f1f07e35_clause_010,247166e0245431dcf97ee884f1f07e35,"-22-

3. Permitted Disclosure. The Requesting Stockholder shall be permitted to disclose the Records only on a need-to-know
basis for the Permitted Purpose (a) to the employees, officers, attorneys, consultants, agents or other representatives of the Requesting
Stockholder or any of her affiliates or associates (collectively, “Representatives”) or (b) as required by law, regulation or legal
process, including as required by the Securities and Exchange Commission or any applicable stock exchange; provided, however, that
the Requesting Stockholder shall, to the extent legally permissible, (i) provide reasonable notice to the Company of any such
requirement, so that the Company may seek a protective order or other appropriate remedy and/or waive compliance with this
Agreement; (ii) furnish only such Records as are legally required to be disclosed and (iii) exercise reasonable efforts to obtain
assurance that confidential treatment will be accorded to any Records that are required to be disclosed. The Requesting Stockholder
shall be responsible for any breach of this Agreement by her Representatives and agrees to advise her Representatives against
prohibited or unauthorized disclosure or use of the Records (including litigation).","[""Additional Information""]","[""Additional Information""]","[""Authorized Disclosure"", ""Employees"", ""Liability for Damages""]","[""Additional Information""]",0.0,0.0,0.98,0.3267,0.3333,DISAGREEMENT,"API call failed after 3 retries | API call failed after 3 retries | The clause defines the permitted disclosure scope, the inclusion of representatives/employees, and establishes responsibility for breaches committed by such parties.",llm_pseudo_label,0,0,0,0,0,0,0,0,0,0,0,0,0,1
247166e0245431dcf97ee884f1f07e35_clause_011,247166e0245431dcf97ee884f1f07e35,"4. Return or Destruction of Information. The parties agree that, within ten business days following the conclusion of the
Company’s 2018 annual meeting of stockholders (including any postponements and/or adjournments thereof), the Requesting
Stockholder shall, and shall direct her Representatives to, destroy the Records.","[""Additional Information""]","[""Additional Information""]","[""Confidentiality Obligations"", ""Term and Termination""]","[""Additional Information""]",0.0,0.0,0.95,0.3167,0.3333,DISAGREEMENT,"API call failed after 3 retries | API call failed after 3 retries | The clause mandates the destruction of confidential materials by a specific deadline, which relates to the obligations regarding the handling of information and the termination of th",llm_pseudo_label,0,0,0,0,0,0,0,0,0,0,0,0,0,1
247166e0245431dcf97ee884f1f07e35_clause_012,247166e0245431dcf97ee884f1f07e35,"5. Enforcement. The parties agree that money damages would not be a sufficient remedy for any breach of this Agreement
by any of the parties hereto and that the other party shall be entitled to equitable relief, including injunctive relief and specific
performance, in the event of any breach or threatened breach of this Agreement, without proof of actual damages or any requirement
to post a bond, in addition to all other remedies available at law or in equity. If any action, suit or proceeding is initiated by a party to
enforce the provisions hereof, the prevailing party in such action, suit or proceeding shall be entitled to reimbursement of all costs
and expenses, including attorneys’ fees, incurred by such prevailing party in connection therewith.","[""Additional Information""]","[""Additional Information""]","[""Liability for Damages""]","[""Additional Information""]",0.0,0.0,0.98,0.3267,0.3333,DISAGREEMENT,"API call failed after 3 retries | API call failed after 3 retries | The clause outlines remedies for breach, specifically addressing equitable relief, injunctive measures, and the recovery of legal costs and attorney fees.",llm_pseudo_label,0,0,0,0,0,0,0,0,0,0,0,0,0,1
247166e0245431dcf97ee884f1f07e35_clause_013,247166e0245431dcf97ee884f1f07e35,"6. Governing Law; Venue and Jurisdiction. This Agreement shall be governed by the laws of the State of Nevada without
regard to principles of conflict of laws thereof. The parties agree that the Courts of the State of Nevada shall have exclusive
jurisdiction for purposes of any action, suit or proceeding arising hereunder, and the parties hereby consent to such venue and submit
to such exclusive jurisdiction. Each of the Requesting Stockholder and the Company agrees that it will not bring any action, suit or
proceeding relating to this Agreement in any court other than the Courts of the State of Nevada.","[""Additional Information""]","[""Additional Information""]","[""Governing Law and Jurisdiction""]","[""Additional Information""]",0.0,0.0,1.0,0.3333,0.3333,DISAGREEMENT,API call failed after 3 retries | API call failed after 3 retries | The clause explicitly defines the applicable state law and the exclusive venue for legal proceedings.,llm_pseudo_label,0,0,0,0,0,0,0,0,0,0,0,0,0,1
247166e0245431dcf97ee884f1f07e35_clause_014,247166e0245431dcf97ee884f1f07e35,"7. General Provisions. Captions and section headings used herein are for convenience of reference only, are not part of this
Agreement and shall not affect the construction of, or to be taken into consideration in, interpreting, this Agreement. This Agreement
may be amended, changed, modified, altered or terminated only by written instruments signed by the parties hereto, and no waiver of
compliance with any provision or condition of this Agreement shall be effective unless evidenced by a written instrument executed
by the party against whom such waiver is to be effective. In the event any provision of this Agreement is held invalid or
unenforceable by any court of competent jurisdiction, such holding shall not invalidate or render unenforceable any other provision
hereof. This Agreement may be executed in multiple counterparts, each of which will be deemed an original for all purposes and all
of which shall constitute a single instrument. Delivery of an executed signature page of this Agreement by email, facsimile or other
customary means of electronic transmission (e.g., “pdf’) shall be effective as delivery of a manually executed counterpart hereof.","[""Additional Information""]","[""Additional Information""]","[""Additional Information""]","[""Additional Information""]",0.0,0.0,1.0,0.3333,1.0,LOW_CONFIDENCE,"API call failed after 3 retries | API call failed after 3 retries | The clause contains standard boilerplate provisions regarding interpretation, amendments, severability, and execution, which do not fall under the first 13 specific categories.",llm_pseudo_label,0,0,0,0,0,0,0,0,0,0,0,0,0,1
247166e0245431dcf97ee884f1f07e35_clause_015,247166e0245431dcf97ee884f1f07e35,[Remainder of page intentionally left blank],"[""Additional Information""]","[""Additional Information""]","[""Additional Information""]","[""Additional Information""]",0.0,0.0,1.0,0.3333,1.0,LOW_CONFIDENCE,API call failed after 3 retries | API call failed after 3 retries | This is a standard formatting notation indicating an empty space on the page and does not constitute a substantive legal obligation.,llm_pseudo_label,0,0,0,0,0,0,0,0,0,0,0,0,0,1
247166e0245431dcf97ee884f1f07e35_clause_016,247166e0245431dcf97ee884f1f07e35,"-23-

IN WITNESS WHEREOF, the undersigned have caused this Agreement to be executed on the date first written above.","[""Additional Information""]","[""Additional Information""]","[""Additional Information""]","[""Additional Information""]",0.0,0.0,1.0,0.3333,1.0,LOW_CONFIDENCE,API call failed after 3 retries | API call failed after 3 retries | This is a standard signature block/execution clause which does not fit into the specific substantive categories provided.,llm_pseudo_label,0,0,0,0,0,0,0,0,0,0,0,0,0,1
247166e0245431dcf97ee884f1f07e35_clause_017,247166e0245431dcf97ee884f1f07e35,"WYNN RESORTS, LIMITED","[""Additional Information""]","[""Additional Information""]","[""Party Identification""]","[""Additional Information""]",0.0,0.0,1.0,0.3333,0.3333,DISAGREEMENT,API call failed after 3 retries | API call failed after 3 retries | The clause explicitly names a specific entity acting as a party to the agreement.,llm_pseudo_label,0,0,0,0,0,0,0,0,0,0,0,0,0,1
247166e0245431dcf97ee884f1f07e35_clause_018,247166e0245431dcf97ee884f1f07e35,"By:

Name:

Title:

ELAINE P. WYNN","[""Additional Information""]","[""Additional Information""]","[""Party Identification""]","[""Additional Information""]",0.0,0.0,1.0,0.3333,0.3333,DISAGREEMENT,API call failed after 3 retries | API call failed after 3 retries | This text represents the signature block used to identify the signatory party of the agreement.,llm_pseudo_label,0,0,0,0,0,0,0,0,0,0,0,0,0,1
247166e0245431dcf97ee884f1f07e35_clause_019,247166e0245431dcf97ee884f1f07e35,"Signed:

-24-","[""Additional Information""]","[""Additional Information""]","[""Additional Information""]","[""Additional Information""]",0.0,0.0,1.0,0.3333,1.0,LOW_CONFIDENCE,"API call failed after 3 retries | API call failed after 3 retries | The clause text consists only of a signature placeholder and a page number, which does not fall under any specific substantive legal category.",llm_pseudo_label,0,0,0,0,0,0,0,0,0,0,0,0,0,1
266929af5f5b1ddb4018f2633cb96e24_clause_000,266929af5f5b1ddb4018f2633cb96e24,EX-10.13 3 y31303a1exv10w13.htm EX-10.13: NON-CIRCUMVENTION/NON-DISCLOSURE AGREEMENT,"[""Additional Information""]","[""Additional Information""]","[""NDA Type""]","[""Additional Information""]",0.0,0.0,0.98,0.3267,0.3333,DISAGREEMENT,"API call failed after 3 retries | API call failed after 3 retries | The text identifies the document title, which explicitly characterizes the agreement type as a non-circumvention/non-disclosure agreement.",llm_pseudo_label,0,0,0,0,0,0,0,0,0,0,0,0,0,1
266929af5f5b1ddb4018f2633cb96e24_clause_001,266929af5f5b1ddb4018f2633cb96e24,"Exhibit 10.13
Non-Circumvention/Non-Disclosure Agreement
 This Non-Circumvention/Non-Disclosure Agreement is made as of this 1st day of January 2004, by and between Flow Capital Advisors, Inc.,
having is principal place of business at 3727 Pine Lake Drive, Weston, FL 33332 (hereinafter “Finder”), and JAG Media Holdings, Inc., having
its principal place of business at 6865 SW 18th Street, Suite B-13 Boca Raton, Florida 33433 (“hereinafter “Jag”).","[""Additional Information""]","[""Additional Information""]","[""Party Identification""]","[""Additional Information""]",0.0,0.0,1.0,0.3333,0.3333,DISAGREEMENT,"API call failed after 3 retries | API call failed after 3 retries | The clause explicitly identifies the parties involved in the agreement, including their names and principal places of business.",llm_pseudo_label,0,0,0,0,0,0,0,0,0,0,0,0,0,1
266929af5f5b1ddb4018f2633cb96e24_clause_002,266929af5f5b1ddb4018f2633cb96e24,"1. Pursuant to discussions between Flow and Jag, Flow has disclosed to Jag that certain parties, some of whom who have been identified to
Jag and others who have yet to be identified by Flow to Jag (the “Introduced Parties”), may be interested in entering into certain transactions with
Jag.",[],"[""Purpose""]","[""Purpose"", ""Party Identification""]","[""Purpose""]",0.0,0.9,0.98,0.94,0.5,MEDIUM_CONFIDENCE,"[1/3 models failed] API_ERROR: 429 RESOURCE_EXHAUSTED. {'error': {'code': 429, 'message': 'You exceeded your current quota, please check your plan and billing details. For more information on this error, head to: https://ai.google. | The clause outli",llm_pseudo_label,0,1,0,0,0,0,0,0,0,0,0,0,0,0
266929af5f5b1ddb4018f2633cb96e24_clause_003,266929af5f5b1ddb4018f2633cb96e24,"2. Jag agrees that once Flow has disclosed the Identity of any Introduced Party to Jag, Jag, its officers, directors, shareholders, employees and
agents shall not have any contacts with the Introduced Party other than through Flow, unless Flow grants permission in writing for such contacts.
Specifically, Jag agrees not to circumvent, avoid or bypass Flow, either directly or indirectly, in order to avoid payment of fees or commissions;
or otherwise benefit, either financially or otherwise, from any information supplied to it in the context of any transaction with an Introduced
Party.","[""Additional Information"", ""Confidentiality Obligations""]","[""Competition Rights"", ""Confidentiality Obligations""]","[""Competition Rights"", ""Confidentiality Obligations""]","[""Competition Rights"", ""Confidentiality Obligations""]",0.95,0.92,0.95,0.94,0.5556,MEDIUM_CONFIDENCE,"This clause outlines specific restrictions on how Jag can interact with Introduced Parties, which falls under confidentiality obligations, and also includes anti-circumvention language which is an add | The clause restricts Jag's interactions with In",llm_pseudo_label,0,0,0,0,1,0,0,0,1,0,0,0,0,0
266929af5f5b1ddb4018f2633cb96e24_clause_004,266929af5f5b1ddb4018f2633cb96e24,"3. This Agreement shall be governed by and construed and enforced in accordance local laws of the State of Florida applicable to agreements
made and to be performed within the State, without regard to conflict of laws principles thereof.","[""Governing Law and Jurisdiction""]","[""Governing Law and Jurisdiction""]","[""Governing Law and Jurisdiction""]","[""Governing Law and Jurisdiction""]",0.98,0.99,0.95,0.9733,1.0,HIGH_CONFIDENCE,"The clause explicitly states that the agreement will be governed by and construed in accordance with the laws of the State of Florida, which directly pertains to governing law and jurisdiction. | The clause explicitly states that the agreement shall ",llm_pseudo_label,0,0,0,0,0,0,0,0,0,0,0,0,1,0
266929af5f5b1ddb4018f2633cb96e24_clause_005,266929af5f5b1ddb4018f2633cb96e24,"4. This Agreement shall inure to the benefit of, and is binding upon, the parties hereto and their respective principals, shareholders, heirs,
officers, representatives, successors and assigns.","[""Party Identification""]","[""Party Identification"", ""Term and Termination""]","[""Party Identification"", ""Term and Termination""]","[""Party Identification"", ""Term and Termination""]",0.95,0.92,0.95,0.94,0.6667,MEDIUM_CONFIDENCE,"This clause specifies to whom the agreement applies and is binding, which directly relates to party identification. | The clause identifies the parties and their respective representatives bound by the agreement, and implies a continuation of obligat",llm_pseudo_label,1,0,0,0,0,0,0,0,0,1,0,0,0,0
266929af5f5b1ddb4018f2633cb96e24_clause_006,266929af5f5b1ddb4018f2633cb96e24,"5. No waiver of any provisions hereof shall be valid unless it is in writing signed by the person against whom it is charged. No waiver of any
provision herein shall constitute a waiver of any other provision hereof, or of the provision at any other time.","[""Additional Information""]","[""Term and Termination""]","[""Additional Information""]","[""Additional Information""]",0.95,0.95,0.95,0.95,0.3333,DISAGREEMENT,"This clause addresses the validity of waivers, which is a general contractual provision not fitting into other specific NDA categories. | This clause discusses the conditions for waiving provisions, which relates to the term and termination of the ag",llm_pseudo_label,0,0,0,0,0,0,0,0,0,0,0,0,0,1
266929af5f5b1ddb4018f2633cb96e24_clause_007,266929af5f5b1ddb4018f2633cb96e24,"6. This is an agreement between separate legal entities and neither is the agent or employee of the other for any purpose whatsoever. The
parties do not intend to create a partnership or joint venture between themselves. Neither party shall have the right to bind the other to any
agreement with a third party or to inure any obligation or liabilities on behalf of the other party.","[""Additional Information""]","[""Employees"", ""Party Identification""]","[""Competition Rights"", ""Party Identification""]","[""Party Identification""]",0.95,0.95,0.95,0.95,0.1111,DISAGREEMENT,"This clause clarifies the relationship between the parties, explicitly stating they are separate legal entities and not agents, employees, partners, or joint ventures, which falls under additional inf | The clause clearly defines the relationship bet",llm_pseudo_label,1,0,0,0,0,0,0,0,0,0,0,0,0,0
266929af5f5b1ddb4018f2633cb96e24_clause_008,266929af5f5b1ddb4018f2633cb96e24,"7. This Agreement contains the whole agreement between the parties concerning the subject matter hereof and there are no collateral or
precedent representation, agreements or conditions not specifically set forth herein.","[""Additional Information""]","[""Party Identification"", ""Term and Termination""]","[""Additional Information""]","[""Additional Information""]",0.95,0.92,0.95,0.94,0.3333,DISAGREEMENT,"This clause is a standard 'entire agreement' clause, which falls under general contractual provisions not specific to confidentiality, thus categorized as Additional Information. | This clause establishes the entirety of the agreement between parties",llm_pseudo_label,0,0,0,0,0,0,0,0,0,0,0,0,0,1
266929af5f5b1ddb4018f2633cb96e24_clause_009,266929af5f5b1ddb4018f2633cb96e24,"8. Any modification or amendment of any provisions of this Agreement must be in writing, signed by the parties hereof and dated subsequent
to the date hereof.","[""Additional Information""]","[""Term and Termination""]","[""Additional Information""]","[""Additional Information""]",0.95,0.9,0.95,0.9333,0.3333,DISAGREEMENT,"This clause specifies the requirements for modifying the agreement, which falls under general contractual provisions not specific to confidentiality. | The clause discusses modification and amendment of the agreement, which relates to its term and te",llm_pseudo_label,0,0,0,0,0,0,0,0,0,0,0,0,0,1
266929af5f5b1ddb4018f2633cb96e24_clause_010,266929af5f5b1ddb4018f2633cb96e24,"9. If any provision or provisions of this Agreement shall be held to be invalid, illegal or unenforceable for any reason whatsoever;
1","[""Additional Information""]","[""Governing Law and Jurisdiction""]","[""Additional Information""]","[""Additional Information""]",0.9,0.8,0.95,0.8833,0.3333,DISAGREEMENT,"This clause addresses the severability of provisions within the agreement, which falls under general contractual terms not specific to confidentiality obligations. | The clause discusses the validity and enforceability of the agreement, which is rela",llm_pseudo_label,0,0,0,0,0,0,0,0,0,0,0,0,0,1
266929af5f5b1ddb4018f2633cb96e24_clause_011,266929af5f5b1ddb4018f2633cb96e24,"(i) the validity, legality and enforceability of the remaining provisions of this Agreement (including, without limitation, each portion of
any Section of this Agreement containing any such provisions held to be invalid, illegal or unenforceable) shall not in any way be
effected or impaired thereby; and","[""Additional Information""]","[""Term and Termination""]","[""Additional Information""]","[""Additional Information""]",0.9,0.95,0.95,0.9333,0.3333,DISAGREEMENT,"This clause addresses the severability of the agreement, ensuring that the invalidity of one provision does not affect the others, which falls under general contractual terms. | This clause discusses the enforceability of remaining provisions in the ",llm_pseudo_label,0,0,0,0,0,0,0,0,0,0,0,0,0,1
266929af5f5b1ddb4018f2633cb96e24_clause_012,266929af5f5b1ddb4018f2633cb96e24,"(ii) to the fullest extent possible, the provisions of this Agreement (including, without limitation, each portion of any Section of this
Agreement containing any such provision held to be invalid, illegal or unenforceable) shall be construed so as to give effect to the
intent manifested by the provision held, invalid illegal or unenforceable.","[""Additional Information""]","[""Governing Law and Jurisdiction"", ""Term and Termination""]","[""Additional Information""]","[""Additional Information""]",0.9,0.92,0.95,0.9233,0.3333,DISAGREEMENT,"This clause addresses the severability and interpretation of the agreement's provisions, which falls under general contractual terms not specific to confidentiality. | The clause discusses the interpretation and enforceability of the agreement's prov",llm_pseudo_label,0,0,0,0,0,0,0,0,0,0,0,0,0,1
266929af5f5b1ddb4018f2633cb96e24_clause_013,266929af5f5b1ddb4018f2633cb96e24,"IN WITNESS WHEREOF, the partied hereto have executed this Non-Circumvention/Non-Disclosure agreement on the day, month and year
first written above.","[""Additional Information""]","[""Additional Information""]","[""Additional Information"", ""Party Identification""]","[""Additional Information""]",0.9,0.5,0.95,0.7833,0.6667,MEDIUM_CONFIDENCE,"This clause is a standard concluding statement indicating the execution of the agreement, which falls under additional information rather than a specific obligation or definition. | INVALID_RESPONSE: Expecting ',' delimiter: line 5 column 187 (char 3",llm_pseudo_label,0,0,0,0,0,0,0,0,0,0,0,0,0,1
266929af5f5b1ddb4018f2633cb96e24_clause_014,266929af5f5b1ddb4018f2633cb96e24,"Flow Capital Advisor, Inc.","[""Party Identification""]","[""Party Identification""]","[""Party Identification""]","[""Party Identification""]",0.95,0.99,0.95,0.9633,1.0,HIGH_CONFIDENCE,"This clause explicitly names a party involved, which directly falls under Party Identification. | The text appears to identify a party involved in the agreement. | The text identifies a party to the agreement.",llm_pseudo_label,1,0,0,0,0,0,0,0,0,0,0,0,0,0
266929af5f5b1ddb4018f2633cb96e24_clause_015,266929af5f5b1ddb4018f2633cb96e24,"JAG Media Holding, Inc.","[""Party Identification""]","[""Party Identification""]","[""Party Identification""]","[""Party Identification""]",0.98,0.99,0.95,0.9733,1.0,HIGH_CONFIDENCE,"The clause explicitly names a party involved in the agreement, which directly falls under party identification. | The text mentions a specific company name, indicating it is identifying a party involved in the agreement. | The text identifies a party",llm_pseudo_label,1,0,0,0,0,0,0,0,0,0,0,0,0,0
266929af5f5b1ddb4018f2633cb96e24_clause_016,266929af5f5b1ddb4018f2633cb96e24,"By:
/s/ Albert Auer

By:
/s/ Thomas J. Mazzarisi","[""Party Identification""]","[""Party Identification""]","[""Party Identification""]","[""Party Identification""]",0.98,0.99,0.95,0.9733,1.0,HIGH_CONFIDENCE,"This clause identifies the individuals signing the agreement, which directly relates to party identification. | The clause contains signatures of individuals, indicating party identification. | The clause contains signatures and names, which are typi",llm_pseudo_label,1,0,0,0,0,0,0,0,0,0,0,0,0,0
266929af5f5b1ddb4018f2633cb96e24_clause_017,266929af5f5b1ddb4018f2633cb96e24,"Name: Albert Auer

Name: Thomas J. Mazzarisi","[""Party Identification""]","[""Party Identification""]","[""Party Identification""]","[""Party Identification""]",0.95,0.99,0.95,0.9633,1.0,HIGH_CONFIDENCE,"This clause explicitly lists the names of individuals, which directly identifies parties involved in the agreement. | The clause lists names of individuals, indicating party identification. | The clause identifies the names of the parties involved in",llm_pseudo_label,1,0,0,0,0,0,0,0,0,0,0,0,0,0
266929af5f5b1ddb4018f2633cb96e24_clause_018,266929af5f5b1ddb4018f2633cb96e24,"Title: President

Title: Chairman & CEO
2","[""Party Identification""]","[""Party Identification""]","[""Party Identification""]","[""Party Identification""]",0.9,0.95,0.95,0.9333,1.0,HIGH_CONFIDENCE,"This clause identifies the titles of individuals, which is a component of party identification in a legal document. | The clause appears to identify the titles of individuals, likely parties involved in the agreement. | The clause text includes title",llm_pseudo_label,1,0,0,0,0,0,0,0,0,0,0,0,0,0
3504e06a49433c1456720513186da1bd_clause_000,3504e06a49433c1456720513186da1bd,"EX-10.8 18 g20786exv10w8.htm EX-10.8
Exhibit 10.8
(ANSON LOGO)
Client Confidentiality & Non-Disclosure Agreement
This Agreement by and between TechniScan Medical Systems, Inc. (hereinafter referred to as “Client”) and The Anson Group, LLC (hereinafter
referred to as “Anson”), shall govern the conditions of disclosure of confidential information relating to Client’s business (“the Information”).
The Information includes all oral and written information, regardless of medium, disclosed to Anson by Client that is labeled or otherwise
identified as confidential.
With regard to the Information, Anson hereby agrees:","[""Party Identification"", ""NDA Type"", ""Purpose"", ""Definition of Confidential Information""]","[""Party Identification"", ""Definition of Confidential Information""]","[""Party Identification"", ""Purpose"", ""Definition of Confidential Information""]","[""Definition of Confidential Information"", ""Purpose"", ""Party Identification""]",0.95,0.95,0.98,0.96,0.6389,MEDIUM_CONFIDENCE,"The clause identifies the contracting parties, states the type and purpose of the agreement, and explicitly defines what constitutes Confidential Information. | The clause identifies the contracting parties and defines the scope of 'the Information' ",llm_pseudo_label,1,1,0,1,0,0,0,0,0,0,0,0,0,0
3504e06a49433c1456720513186da1bd_clause_001,3504e06a49433c1456720513186da1bd,"1.
 Not to use the Information except for the sole purpose of providing consulting services requested by Client.","[""Purpose"", ""Confidentiality Obligations""]","[""Purpose"", ""Confidentiality Obligations""]","[""Purpose"", ""Confidentiality Obligations""]","[""Confidentiality Obligations"", ""Purpose""]",0.95,0.95,0.98,0.96,1.0,HIGH_CONFIDENCE,The clause defines the permitted purpose for using the confidential information and imposes a use restriction obligation. | The clause outlines restrictions on how the information can be used (Confidentiality Obligations) and defines the specific per,llm_pseudo_label,0,1,0,0,1,0,0,0,0,0,0,0,0,0
3504e06a49433c1456720513186da1bd_clause_002,3504e06a49433c1456720513186da1bd,"2.
 To safeguard the Information against disclosure to others with the same degree of care as it exercises with its own information of a similar
nature; and","[""Confidentiality Obligations""]","[""Confidentiality Obligations""]","[""Confidentiality Obligations""]","[""Confidentiality Obligations""]",0.98,0.98,1.0,0.9867,1.0,HIGH_CONFIDENCE,The clause outlines the required standard of care to protect and safeguard confidential information from unauthorized disclosure. | The clause outlines the standard of care required to safeguard confidential information from unauthorized disclosure. ,llm_pseudo_label,0,0,0,0,1,0,0,0,0,0,0,0,0,0
3504e06a49433c1456720513186da1bd_clause_003,3504e06a49433c1456720513186da1bd,"3.
 Not to disclose the Information to others (except to its employees, agents or consultants who are bound to Anson by a like obligation of
confidentiality) without the express written permission of Client, except that Anson shall not be prevented from using or disclosing any of
the Information:","[""Confidentiality Obligations"", ""Authorized Disclosure""]","[""Confidentiality Obligations"", ""Authorized Disclosure""]","[""Confidentiality Obligations"", ""Authorized Disclosure"", ""Employees""]","[""Confidentiality Obligations"", ""Authorized Disclosure""]",0.95,0.95,0.98,0.96,0.7778,MEDIUM_CONFIDENCE,"The clause outlines a core non-disclosure obligation while providing exceptions for authorized disclosures to employees, agents, and consultants. | The clause establishes a duty of non-disclosure (Confidentiality Obligations) and defines permitted ex",llm_pseudo_label,0,0,0,0,1,1,0,0,0,0,0,0,0,0
3504e06a49433c1456720513186da1bd_clause_004,3504e06a49433c1456720513186da1bd,"a)
 Which Anson can demonstrate by written records was previously known to it;","[""Non-Confidential Information""]","[""Non-Confidential Information""]","[""Non-Confidential Information""]","[""Non-Confidential Information""]",0.95,0.98,1.0,0.9767,1.0,HIGH_CONFIDENCE,"This clause specifies an exception to confidentiality for information that was already known to the receiving party prior to disclosure, evidenced by written records. | The clause outlines a standard exception to confidentiality, specifically identif",llm_pseudo_label,0,0,0,0,0,0,1,0,0,0,0,0,0,0
3504e06a49433c1456720513186da1bd_clause_005,3504e06a49433c1456720513186da1bd,"b)
 Which is now, or becomes in the future, public knowledge other than through acts or omissions of Anson;","[""Non-Confidential Information""]","[""Non-Confidential Information""]","[""Non-Confidential Information""]","[""Non-Confidential Information""]",0.98,0.98,1.0,0.9867,1.0,HIGH_CONFIDENCE,"The clause defines an exception to confidential information for information that is or becomes publicly known through no wrongful act or omission. | The clause describes a standard exception to confidentiality obligations, specifically information th",llm_pseudo_label,0,0,0,0,0,0,1,0,0,0,0,0,0,0
3504e06a49433c1456720513186da1bd_clause_006,3504e06a49433c1456720513186da1bd,"c)
 Which is lawfully obtained by Anson from sources independent of Client; or","[""Non-Confidential Information""]","[""Non-Confidential Information""]","[""Non-Confidential Information""]","[""Non-Confidential Information""]",0.98,0.95,1.0,0.9767,1.0,HIGH_CONFIDENCE,The clause defines a standard exception to confidential information for information lawfully obtained from independent third parties. | The clause defines an exception to confidentiality obligations for information lawfully obtained from independent ,llm_pseudo_label,0,0,0,0,0,0,1,0,0,0,0,0,0,0
3504e06a49433c1456720513186da1bd_clause_007,3504e06a49433c1456720513186da1bd,"d)
 Which Anson is required by law to disclose.
Anson agrees to provide prompt written notice to Client of any legal requests or compulsion to disclose the Information, and to make only such
disclosures as are legally required.
Anson agrees to return or destroy all documents or other materials provided by Client that constitute the Information, without retaining any
copies or extracts thereof, upon request by Client.","[""Authorized Disclosure"", ""Confidentiality Obligations""]","[""Authorized Disclosure"", ""Term and Termination""]","[""Authorized Disclosure"", ""Confidentiality Obligations""]","[""Confidentiality Obligations"", ""Authorized Disclosure""]",0.95,0.95,0.98,0.96,0.5556,MEDIUM_CONFIDENCE,The clause addresses legally required disclosures (Authorized Disclosure) and the obligation to return or destroy confidential materials upon request (Confidentiality Obligations). | The clause covers legally required disclosures (Authorized Disclosu,llm_pseudo_label,0,0,0,0,1,1,0,0,0,0,0,0,0,0
3504e06a49433c1456720513186da1bd_clause_008,3504e06a49433c1456720513186da1bd,NON-DISCLOSURE AGREEMENT,"[""NDA Type""]","[""Additional Information""]","[""NDA Type""]","[""NDA Type""]",0.95,0.95,1.0,0.9667,0.3333,DISAGREEMENT,The text serves as the title specifying the document as a Non-Disclosure Agreement. | The clause contains only the title of the document and does not fall under any of the other specific NDA categories. | The text identifies the document as a Non-Dis,llm_pseudo_label,0,0,1,0,0,0,0,0,0,0,0,0,0,0
3504e06a49433c1456720513186da1bd_clause_009,3504e06a49433c1456720513186da1bd,"PAGE 1
TechniScan Medical Systems, Inc.","[""Party Identification""]","[""Party Identification""]","[""Party Identification""]","[""Party Identification""]",0.95,0.85,0.98,0.9267,1.0,HIGH_CONFIDENCE,"The text identifies a corporate entity that is a party to the agreement. | The clause contains the name of TechniScan Medical Systems, Inc., which is a party to the agreement, although it appears in a header or footer format. | The clause text identi",llm_pseudo_label,1,0,0,0,0,0,0,0,0,0,0,0,0,0
3504e06a49433c1456720513186da1bd_clause_010,3504e06a49433c1456720513186da1bd,"Anson agrees that the furnishing of the Information to Anson shall not constitute a grant of license to Anson under any legal rights now or
hereinafter held by Client.
This Agreement and all actions related hereto shall be governed by and construed in accordance with the laws (other than the conflict of laws
rules) of the United States and the State of Indiana.
The rights and obligations herein shall bind the Parties and their respective legal representatives, successors, heirs and assigns.
This Agreement expresses the entire agreement and understanding of the Parties with respect to the subject matter hereof and supersedes all prior
agreements, commitments and understandings, whether written or oral, with respect to such subject matter. Any modifications of, or changes to,
this Agreement shall be in writing and signed by each of the Parties.
This Agreement shall terminate upon the termination of the General Consulting Agreement between the parties dated January 5, 2006, provided,
however, that the secrecy and non-use obligations of Anson herein shall remain in effect for three (3) years from the date of termination.","[""Additional Information"", ""Governing Law and Jurisdiction"", ""Intellectual Property"", ""Term and Termination""]","[""Governing Law and Jurisdiction"", ""Intellectual Property"", ""Term and Termination""]","[""Governing Law and Jurisdiction"", ""Intellectual Property"", ""Term and Termination""]","[""Governing Law and Jurisdiction"", ""Intellectual Property"", ""Term and Termination""]",0.98,0.95,0.95,0.96,0.8333,HIGH_CONFIDENCE,"This clause covers intellectual property rights, governing law, term and termination conditions, and general contractual provisions. | The clause discusses the governing law, termination conditions, and intellectual property rights, specifically stat",llm_pseudo_label,0,0,0,0,0,0,0,0,0,1,1,0,1,0
3504e06a49433c1456720513186da1bd_clause_011,3504e06a49433c1456720513186da1bd,"The Anson Group, LLC","[""Party Identification""]","[""Party Identification""]","[""Party Identification""]","[""Party Identification""]",0.98,0.99,0.95,0.9733,1.0,HIGH_CONFIDENCE,"This clause explicitly names a party involved, which directly falls under Party Identification. | The text mentions a specific company name, indicating a party identification. | The text identifies a party to the agreement.",llm_pseudo_label,1,0,0,0,0,0,0,0,0,0,0,0,0,0
3504e06a49433c1456720513186da1bd_clause_012,3504e06a49433c1456720513186da1bd,"TechniScan Medical Systems, Inc.","[""Party Identification""]","[""Party Identification""]","[""Party Identification""]","[""Party Identification""]",0.98,0.99,0.95,0.9733,1.0,HIGH_CONFIDENCE,"This clause explicitly names one of the parties involved in the agreement, which directly falls under Party Identification. | The text mentions a specific company name, indicating it is identifying a party involved in the agreement. | The text identi",llm_pseudo_label,1,0,0,0,0,0,0,0,0,0,0,0,0,0
3504e06a49433c1456720513186da1bd_clause_013,3504e06a49433c1456720513186da1bd,(SIGNATURE),"[""Additional Information""]","[""Party Identification""]","[""Additional Information""]","[""Additional Information""]",0.9,0.95,0.95,0.9333,0.3333,DISAGREEMENT,"This clause simply indicates a signature block, which is supplementary information not fitting into other specific NDA categories. | The clause contains a signature, which is typically used to identify a party to the agreement. | The clause is a sign",llm_pseudo_label,0,0,0,0,0,0,0,0,0,0,0,0,0,1
3504e06a49433c1456720513186da1bd_clause_014,3504e06a49433c1456720513186da1bd,NON-DISCLOSURE AGREEMENT,"[""NDA Type""]","[""NDA Type"", ""Party Identification""]","[""NDA Type""]","[""NDA Type""]",0.95,0.9,0.95,0.9333,0.6667,MEDIUM_CONFIDENCE,"This clause explicitly states the type of agreement, which is a Non-Disclosure Agreement. | The clause text indicates the beginning of a non-disclosure agreement, implying the identification of parties involved and the type of NDA. | The clause text ",llm_pseudo_label,0,0,1,0,0,0,0,0,0,0,0,0,0,0
3504e06a49433c1456720513186da1bd_clause_015,3504e06a49433c1456720513186da1bd,"PAGE 2
TechniScan Medical Systems, Inc.","[""Party Identification""]","[""Party Identification""]","[""Party Identification""]","[""Party Identification""]",0.98,0.99,0.95,0.9733,1.0,HIGH_CONFIDENCE,"This clause explicitly names one of the parties involved in the agreement, which is a core aspect of party identification. | The clause mentions a company name, indicating party identification. | The text identifies a party to the agreement, TechniSc",llm_pseudo_label,1,0,0,0,0,0,0,0,0,0,0,0,0,0
4fd432d8ce6796dabc17d3838d8539a2_clause_000,4fd432d8ce6796dabc17d3838d8539a2,"EX-99.(D)(3) 10 dex99d3.htm CONFIDENTIALITY AND STANDSTILL AGREEMENT
Exhibit (d)(3)
March 16, 2010
Somanetics Corporation
1653 East Maple Road
Troy, MI 48083
Ladies and Gentlemen:
In connection with our possible interest in a transaction involving the acquisition of Somanetics Corporation (the “Company”), you are furnishing us
or our representatives with certain information which is either non-public, confidential or proprietary in nature. All information furnished to us or
our representatives by the Company or any of its employees, representatives, agents or advisors (including attorneys, accountants and financial
advisors), shall be considered confidential and proprietary, and together with analyses, compilations, forecasts, studies or other documents prepared
by us, our agents, advisors (including attorneys, accountants and financial advisors), representatives or employees which contain such information, is
hereinafter referred to as the “Information”. In consideration of the Company furnishing us with the Information, we agree that:","[""Party Identification"", ""Purpose"", ""Definition of Confidential Information""]","[""Party Identification"", ""Purpose"", ""Definition of Confidential Information""]","[""Party Identification"", ""Purpose"", ""Definition of Confidential Information""]","[""Party Identification"", ""Purpose"", ""Definition of Confidential Information""]",0.95,0.95,0.98,0.96,1.0,HIGH_CONFIDENCE,"The clause identifies the party (Somanetics Corporation), specifies the evaluation of a potential acquisition as the purpose, and defines what constitutes confidential 'Information'. | The clause identifies the parties involved, outlines the business",llm_pseudo_label,1,1,0,1,0,0,0,0,0,0,0,0,0,0
4fd432d8ce6796dabc17d3838d8539a2_clause_001,4fd432d8ce6796dabc17d3838d8539a2,"1. The Information will be kept confidential and shall not, without the prior written consent of the Company, be disclosed by us, or by our affiliates,
agents, representatives, advisors or employees, in any manner whatsoever, in whole or in part, and shall not be used by us, our affiliates, agents,
representatives, advisors or employees, other than to determine whether we wish to enter into, or other than in connection with, the transaction
described above. Moreover, we agree to reveal the Information only to our affiliates, agents, representatives, advisors and employees who need to
know the Information for the purpose of evaluating, or otherwise in connection with, the transaction described above who are informed of the
confidential nature of the Information. We agree to be responsible for any breach of this Agreement by our affiliates, agents, representatives,
advisors and employees.","[""Purpose"", ""Confidentiality Obligations"", ""Authorized Disclosure"", ""Liability for Damages""]","[""Purpose"", ""Confidentiality Obligations"", ""Authorized Disclosure"", ""Employees""]","[""Confidentiality Obligations"", ""Authorized Disclosure"", ""Employees""]","[""Purpose"", ""Confidentiality Obligations"", ""Authorized Disclosure"", ""Employees""]",0.95,0.95,0.98,0.96,0.5833,MEDIUM_CONFIDENCE,"The clause outlines obligations to maintain confidentiality, restricts use to a specific purpose, specifies authorized disclosures to representatives/employees on a need-to-know basis, and establishes | The clause outlines key confidentiality and non",llm_pseudo_label,0,1,0,0,1,1,0,0,0,0,0,1,0,0
4fd432d8ce6796dabc17d3838d8539a2_clause_002,4fd432d8ce6796dabc17d3838d8539a2,"2. Without the prior written consent of the other party, neither party nor its representatives shall disclose to any person either the fact that discussions
or negotiations are taking place concerning the possible transaction referred to herein or any of the terms, conditions or other facts with respect to
any such possible transaction including the status thereof, except as required by applicable law or exchange listing agreements, rules or policies.","[""Confidentiality Obligations"", ""Authorized Disclosure""]","[""Confidentiality Obligations"", ""Authorized Disclosure""]","[""Confidentiality Obligations"", ""Authorized Disclosure""]","[""Authorized Disclosure"", ""Confidentiality Obligations""]",0.95,0.95,0.98,0.96,1.0,HIGH_CONFIDENCE,The clause restricts disclosure regarding ongoing discussions and transaction details (Confidentiality Obligations) while permitting exceptions required by law or stock exchange rules (Authorized Disc | The clause restricts the parties from disclosin,llm_pseudo_label,0,0,0,0,1,1,0,0,0,0,0,0,0,0
4fd432d8ce6796dabc17d3838d8539a2_clause_003,4fd432d8ce6796dabc17d3838d8539a2,"3. All copies of the Information, except for that portion of the Information which consists of analyses, compilations, forecasts, studies or other
documents prepared by us, our agents, representatives, advisors or employees, will be returned to the Company promptly upon request or if we
decide not to proceed with an acquisition of the Company (and we will inform the Company promptly of any such decision). At the time of such
return, we will destroy any such analyses, compilations, forecasts, studies or other documents prepared by us, our agents, representatives, advisors or
employees.","[""Confidentiality Obligations""]","[""Confidentiality Obligations""]","[""Confidentiality Obligations""]","[""Confidentiality Obligations""]",0.95,0.95,0.98,0.96,1.0,HIGH_CONFIDENCE,The clause specifies obligations regarding the prompt return or destruction of confidential information and derivative documents upon request or termination of discussion. | The clause outlines the obligation to return or destroy confidential informa,llm_pseudo_label,0,0,0,0,1,0,0,0,0,0,0,0,0,0
4fd432d8ce6796dabc17d3838d8539a2_clause_004,4fd432d8ce6796dabc17d3838d8539a2,"1

2

4. The term Information shall not include such portions of the Information which (i) are or become generally available to the public other than as a
result of disclosure by us, our affiliates, agents, representatives, advisors or employees, or (ii) become available to us or to our affiliates, agents,
representatives, advisors or employees on a non-confidential basis from a source which was not then prohibited from disclosing such Information to
us by a legal, contractual or fiduciary obligation to the Company, or (iii) which was in our possession, or in the possession of our affiliates, agents,
representatives, advisors or employees, or otherwise available to us, or to our affiliates, agents, representatives, advisors or employees, on a non-
confidential basis prior to its disclosure to us or one or more of our affiliates, agents, representatives, advisors or employees, or (iv) which is
independently acquired or developed by us without violating any obligations under this Agreement.","[""Non-Confidential Information""]","[""Non-Confidential Information""]","[""Non-Confidential Information""]","[""Non-Confidential Information""]",0.98,0.99,1.0,0.99,1.0,HIGH_CONFIDENCE,"The clause lists the standard legal exclusions defining what information is considered non-confidential. | The clause outlines standard exceptions to the definition of confidential information, such as public domain, prior possession, and independent",llm_pseudo_label,0,0,0,0,0,0,1,0,0,0,0,0,0,0
4fd432d8ce6796dabc17d3838d8539a2_clause_005,4fd432d8ce6796dabc17d3838d8539a2,"5. The above undertakings of non-disclosure and confidentiality shall remain in force for a period of two (2) years from the date of this Agreement,
except that there shall be no time limit, and such undertakings shall continue indefinitely, with respect to Information regarding algorithms relating
to the Company’s past, present and proposed products, the calibration of those products, the source code and applications software related to those
products, and the analog signal processing section of the pre-amp pcba relating to those products.","[""Term and Termination""]","[""Term and Termination""]","[""Term and Termination"", ""Confidentiality Obligations""]","[""Term and Termination""]",0.95,0.95,0.98,0.96,0.6667,MEDIUM_CONFIDENCE,"The clause specifies the duration and term of the confidentiality and non-disclosure obligations, including specific exceptions for indefinite protection of certain technical information. | The clause defines the duration of the confidentiality oblig",llm_pseudo_label,0,0,0,0,0,0,0,0,0,1,0,0,0,0
4fd432d8ce6796dabc17d3838d8539a2_clause_006,4fd432d8ce6796dabc17d3838d8539a2,"6. In the event that we or anyone to whom we transmit the Information pursuant to this Agreement is requested or becomes legally compelled to
disclose any of the Information (whether by oral questions, interrogatories, requests for Information or documents, subpoena, Civil Investigative
Demand or similar process or otherwise), we will provide the Company with prompt notice, to the extent practicable, so that the Company may seek
a protective order or other appropriate remedy and/or waive compliance with the provisions of this Agreement. We will cooperate with the Company,
at the Company’s expense, to obtain such protective order or other appropriate remedy. In the event that such protective order or other remedy is not
obtained, the Company agrees that such disclosure may be made without liability hereunder. We will furnish only that portion of the Information
which we are, in the opinion of our counsel or the counsel of our representative, legally required to disclose and will use reasonable efforts to obtain
reliable assurance that confidential treatment will be accorded the Information.","[""Authorized Disclosure""]","[""Authorized Disclosure""]","[""Authorized Disclosure""]","[""Authorized Disclosure""]",0.98,0.98,1.0,0.9867,1.0,HIGH_CONFIDENCE,"The clause outlines the procedures and requirements for legally compelled disclosures, such as providing notice and cooperating to obtain a protective order. | The clause outlines the procedures, notice requirements, and limitations for disclosing co",llm_pseudo_label,0,0,0,0,0,1,0,0,0,0,0,0,0,0
4fd432d8ce6796dabc17d3838d8539a2_clause_007,4fd432d8ce6796dabc17d3838d8539a2,"7. We agree that for a period of one year from the date of this Agreement, we and our affiliates will not solicit for employment any employee of the
Company with whom we or our affiliates had direct contact in connection with our consideration of a possible transaction hereunder.
Notwithstanding the foregoing, this paragraph shall not preclude our right to make generalized searches for employees by use of advertisements in
the media (including, without limitation, trade media) or by engaging search firms, so long as such general searches are not specifically targeted at
such Company employees, and we shall not be prohibited from, and shall not be required to obtain the Company’s consent prior to, offering to
employ or employing any person who (i) contacts us on his or her own initiative without any direct or indirect solicitation by us, (ii) responds to an
advertisement or other general solicitation for employment not directed at employees of the Company, (iii) began employment discussions with us
prior to the date of this agreement or (iv) is no longer employed by the Company at the time we commence employment discussions with such
person.","[""Employees""]","[""Employees""]","[""Employees""]","[""Employees""]",0.98,0.98,1.0,0.9867,1.0,HIGH_CONFIDENCE,"The clause outlines non-solicitation and employment restrictions concerning the Company's employees. | The clause outlines restrictions, conditions, and exceptions regarding the solicitation and hiring of the Company's employees. | The clause specifi",llm_pseudo_label,0,0,0,0,0,0,0,0,0,0,0,1,0,0
4fd432d8ce6796dabc17d3838d8539a2_clause_008,4fd432d8ce6796dabc17d3838d8539a2,"3

8. None of the Company or any of its affiliates, agents, advisors or representatives (i) has made or makes any representation or warranty, expressed
or implied, as to the accuracy or completeness of the Information or (ii) shall have any liability whatsoever to us or our affiliates, agents,
representatives, advisors or employees relating to or resulting from the use of the Information or any errors therein or omissions therefrom. The
Information may include certain statements, estimates and projections provided by the Company with regard to the anticipated future performance of
the Company. Such statements, estimates and projections reflect various assumptions made by the Company concerning anticipated results, which
assumptions may or may not prove to be correct. No representations are made as to the accuracy of such assumptions, statements, estimates or
projections, including any budget(s). The only information that will have any legal effect will be specifically represented in a definitive purchase
agreement; and in no event will such definitive purchase agreement contain any representation as to the projections.","[""Definition of Confidential Information"", ""Liability for Damages""]","[""Liability for Damages"", ""Non-Confidential Information""]","[""Definition of Confidential Information"", ""Liability for Damages""]","[""Definition of Confidential Information"", ""Liability for Damages""]",0.95,0.92,0.95,0.94,0.5556,MEDIUM_CONFIDENCE,"This clause explicitly disclaims liability for the accuracy or completeness of the information provided and clarifies what information will have legal effect, thus defining aspects of confidential inf | The clause discusses the limitation of liabilit",llm_pseudo_label,0,0,0,1,0,0,0,1,0,0,0,0,0,0
4fd432d8ce6796dabc17d3838d8539a2_clause_009,4fd432d8ce6796dabc17d3838d8539a2,"9. You understand that (i) the Company shall conduct the process for a possible transaction as it, in its sole discretion, shall determine (including,
without limitation, negotiating with any prospective buyer and entering into definitive agreements without prior notice to us or any other person),
(ii) any procedures relating to a potential transaction may be changed at any time without notice to you or any other person, (iii) the Company shall
have the right to reject or accept any potential buyer, proposal or offer, for any reason whatsoever, in its sole discretion, and (iv) neither we nor any
of our affiliates, agents, advisors or representatives shall have any claims whatsoever against the Company or any of its respective directors, officers,
shareholders, owners, affiliates or agents arising out of or relating to a potential transaction (other than those against the parties to a definitive
agreement with you in accordance with the terms thereof). We agree that, subject to the terms of this Agreement, unless and until a definitive
purchase agreement between the Company and us with regard to any transaction has been executed and delivered, neither the Company nor we will
be under any legal obligation of any kind whatsoever with respect to such transaction.","[""Additional Information""]","[""Confidentiality Obligations"", ""Term and Termination""]","[""Competition Rights"", ""Liability for Damages"", ""Term and Termination""]","[""Term and Termination""]",0.95,0.92,0.95,0.94,0.0833,DISAGREEMENT,"This clause outlines the company's discretion and rights regarding a potential transaction, and clarifies that no legal obligation exists until a definitive agreement is executed, which falls under ge | The clause discusses the process and terms for ",llm_pseudo_label,0,0,0,0,0,0,0,0,0,1,0,0,0,0
4fd432d8ce6796dabc17d3838d8539a2_clause_010,4fd432d8ce6796dabc17d3838d8539a2,"10. In consideration of the Information being furnished to us, we hereby further agree that, without the prior written consent of the Board of
Directors of the Company, for a period of one year from the date hereof, neither we nor any of our affiliates (as such term is defined in Rule 12b-2
under the Securities Exchange Act of 1934, as amended), acting alone or as part of a group, will (i) acquire or offer or agree to acquire, directly or
indirectly, by purchase or otherwise, any voting securities or securities convertible into voting securities of the Company, (ii) propose to enter into,
directly or indirectly, any merger or business combination involving the Company or any of its subsidiaries, (iii) otherwise seek to influence or
control, in any manner whatsoever (including proxy solicitation or otherwise), the management or policies of the Company, (iv) assist, advise or
encourage (including by knowingly providing or arranging financing for that purpose) any other person in doing any of the foregoing, (v) call,
request or seek to have called any meeting of the shareholders of the Company or execute any written consent in lieu of a meeting of holders of any
securities of the Company, (vi) otherwise act, to seek the removal of any member of the Board of Directors, seek to elect or place a representative on
the Board of Directors of the Company, or seek to control or influence the management, Board of Directors or policies of the Company, (vii) seek to
have the Company waive, amend or modify its governing documents (for example, its articles or bylaws), (viii) take any action which might force
the Company to make a public announcement regarding any of the types of matters","[""Competition Rights""]","[""Competition Rights"", ""Term and Termination""]","[""Competition Rights"", ""Term and Termination""]","[""Competition Rights"", ""Term and Termination""]",0.95,0.95,0.95,0.95,0.6667,MEDIUM_CONFIDENCE,"This clause explicitly outlines restrictions on the recipient's ability to acquire company securities, propose mergers, influence management, or otherwise compete with the company, which directly fall | The clause restricts the acquiring party's abil",llm_pseudo_label,0,0,0,0,0,0,0,0,1,1,0,0,0,0
4fd432d8ce6796dabc17d3838d8539a2_clause_011,4fd432d8ce6796dabc17d3838d8539a2,"4

set forth above, (ix) make any request directly or indirectly, to amend or waive any provision of this section of this Agreement (including this
sentence), (x) take any action that might require the Company to make a public announcement regarding the possibility of a business combination or
other type of transaction or activity described in this section of this Agreement, or (xi) enter into any discussions or arrangements with any third
party with respect to any of the foregoing. The foregoing section shall not prevent us (alone or jointly with other sources of buyer financing) from
making non-public proposals to the Company with respect to a possible transaction in compliance with written procedures provided to you by the
Company or its advisors. Notwithstanding the foregoing, in the event that the Board of Directors of the Company approves a transaction with any
person or entity that would result in such person or entity beneficially owning more than 20% of the outstanding voting securities of the Company
(or a successor to the Company in a merger or consolidation transaction) or all or substantially all of the Company’s assets, or any person, entity or
“group” (as defined in the 1934 Act), other than us or any of our affiliates, has commenced or publicly announced its intention to commence a tender
offer for more than 20% of the outstanding voting securities of the Company, the provisions of this Section 10 shall terminate.","[""Competition Rights"", ""Term and Termination""]","[""Competition Rights"", ""Term and Termination""]","[""Competition Rights"", ""Term and Termination""]","[""Competition Rights"", ""Term and Termination""]",0.95,0.92,0.95,0.94,1.0,HIGH_CONFIDENCE,"This clause primarily restricts actions related to business combinations and public announcements, falling under competition rights, and also specifies conditions under which these restrictions termin | The clause discusses the termination of provisi",llm_pseudo_label,0,0,0,0,0,0,0,0,1,1,0,0,0,0
4fd432d8ce6796dabc17d3838d8539a2_clause_012,4fd432d8ce6796dabc17d3838d8539a2,"11. It is further understood and agreed that Bruce Barrett, Mary Ann Victor or Bill Iacona will arrange for appropriate contacts with the Company. It
is also understood and agreed that all (i) communications regarding a possible transaction, (ii) requests for additional information, (iii) requests for
facility tours or management meetings and (iv) discussions or questions regarding procedures, will be submitted or directed exclusively to Bruce
Barrett, Mary Ann Victor or Bill Iacona, and that none of us or our affiliates, agents, advisors or representatives will initiate or cause to be initiated
any communication with any director, officer, employee or vendor of the Company concerning the Information or a potential transaction.","[""Additional Information"", ""Confidentiality Obligations""]","[""Authorized Disclosure"", ""Party Identification""]","[""Authorized Disclosure"", ""Employees""]","[""Authorized Disclosure""]",0.9,0.92,0.95,0.9233,0.1111,DISAGREEMENT,"This clause outlines specific procedures for communication and information requests, directing them through designated individuals, which falls under confidentiality obligations and provides additiona | The clause identifies specific individuals as p",llm_pseudo_label,0,0,0,0,0,1,0,0,0,0,0,0,0,0
4fd432d8ce6796dabc17d3838d8539a2_clause_013,4fd432d8ce6796dabc17d3838d8539a2,"12. We understand and agree that the Company may be irreparably harmed by violation of this Agreement. Monetary damages alone may not be a
sufficient remedy for any breach of this Agreement and, therefore, in addition to the Company’s other rights and remedies, the Company will be
entitled to seek specific performance and injunctive or other equitable relief to enforce this Agreement. In addition, in the event of litigation
involving this Agreement, the prevailing party will be entitled to attorneys’ fees and other costs incurred in connection with such litigation.","[""Liability for Damages""]","[""Governing Law and Jurisdiction"", ""Liability for Damages""]","[""Governing Law and Jurisdiction"", ""Liability for Damages""]","[""Governing Law and Jurisdiction"", ""Liability for Damages""]",0.95,0.92,0.95,0.94,0.6667,MEDIUM_CONFIDENCE,"This clause primarily addresses the remedies available to the Company in case of a breach, including specific performance, injunctive relief, and attorney's fees, which directly relate to liability fo | The clause discusses remedies for breach of agr",llm_pseudo_label,0,0,0,0,0,0,0,1,0,0,0,0,1,0
4fd432d8ce6796dabc17d3838d8539a2_clause_014,4fd432d8ce6796dabc17d3838d8539a2,"13. The Company reserves the right to assign its rights, powers and privileges under this Agreement (including, without limitation, the right to
enforce the terms of this Agreement) to any successor – in – interest to the Company by merger or sale of all or substantially all of the assets of the
Company.","[""Additional Information""]","[""Term and Termination""]","[""Competition Rights"", ""Term and Termination""]","[""Term and Termination""]",0.95,0.9,0.95,0.9333,0.1667,DISAGREEMENT,"This clause addresses the company's right to assign its rights under the agreement, which is a general contractual provision not fitting into other specific NDA categories. | The clause discusses the Company's right to assign its rights to a successo",llm_pseudo_label,0,0,0,0,0,0,0,0,0,1,0,0,0,0
4fd432d8ce6796dabc17d3838d8539a2_clause_015,4fd432d8ce6796dabc17d3838d8539a2,"14. Any provision of this Agreement which is prohibited or unenforceable in any jurisdiction shall, as to such jurisdiction, be ineffective to the extent
of such prohibition or unenforceability without invalidating the remaining provisions hereof or affecting the validity of enforceability of such
provisions in any other jurisdiction.","[""Additional Information""]","[""Governing Law and Jurisdiction""]","[""Additional Information"", ""Governing Law and Jurisdiction""]","[""Additional Information"", ""Governing Law and Jurisdiction""]",0.95,0.95,0.95,0.95,0.3333,DISAGREEMENT,"This clause addresses the severability of provisions, ensuring that if one part of the agreement is unenforceable, the rest remains valid, which falls under general contractual terms. | This clause addresses the enforceability of the agreement in dif",llm_pseudo_label,0,0,0,0,0,0,0,0,0,0,0,0,1,1
4fd432d8ce6796dabc17d3838d8539a2_clause_016,4fd432d8ce6796dabc17d3838d8539a2,"5

15. This Agreement shall be governed by and construed in accordance with the laws of The Commonwealth of Massachusetts without regard to the
principles of conflicts of law.","[""Governing Law and Jurisdiction""]","[""Governing Law and Jurisdiction""]","[""Governing Law and Jurisdiction""]","[""Governing Law and Jurisdiction""]",0.98,0.99,0.95,0.9733,1.0,HIGH_CONFIDENCE,"This clause explicitly states the governing law for the agreement, which falls under Governing Law and Jurisdiction. | The clause explicitly states that the agreement shall be governed by and construed in accordance with the laws of The Commonwealth ",llm_pseudo_label,0,0,0,0,0,0,0,0,0,0,0,0,1,0
4fd432d8ce6796dabc17d3838d8539a2_clause_017,4fd432d8ce6796dabc17d3838d8539a2,"Very truly yours,

TYCO HEALTHCARE GROUP LP d/b/a COVIDIEN
By:
 /s/ Matthew J. Nicolella","[""Additional Information""]","[""Party Identification""]","[""Party Identification""]","[""Party Identification""]",0.95,0.99,0.95,0.9633,0.3333,DISAGREEMENT,"This clause contains a signature block, which is supplementary information not fitting into other specific NDA categories. | The clause contains a signature block with the name of a company and an individual, indicating party identification. | The cl",llm_pseudo_label,1,0,0,0,0,0,0,0,0,0,0,0,0,0
4fd432d8ce6796dabc17d3838d8539a2_clause_018,4fd432d8ce6796dabc17d3838d8539a2,"Title:
Matthew J. Nicolella
Vice President","[""Party Identification""]","[""Party Identification""]","[""Party Identification""]","[""Party Identification""]",0.95,0.99,0.95,0.9633,1.0,HIGH_CONFIDENCE,"This clause identifies an individual and their title, which directly relates to identifying a party involved in the agreement. | The clause appears to identify a party by title and name, specifically Matthew J. Nicolella as Vice President. | The text",llm_pseudo_label,1,0,0,0,0,0,0,0,0,0,0,0,0,0
4fd432d8ce6796dabc17d3838d8539a2_clause_019,4fd432d8ce6796dabc17d3838d8539a2,Accepted and agreed:,"[""Additional Information""]","[""Party Identification""]","[""Additional Information""]","[""Additional Information""]",0.95,0.8,0.95,0.9,0.3333,DISAGREEMENT,"This phrase indicates agreement and is typically found at the end of a contract, serving as an administrative or concluding remark rather than defining specific obligations or terms. | The phrase 'Accepted and agreed' implies an acknowledgement or co",llm_pseudo_label,0,0,0,0,0,0,0,0,0,0,0,0,0,1
4fd432d8ce6796dabc17d3838d8539a2_clause_020,4fd432d8ce6796dabc17d3838d8539a2,"SOMANETICS CORPORATION
By:
 /s/ Bruce J. Barrett","[""Party Identification""]","[""Party Identification""]","[""Party Identification""]","[""Party Identification""]",0.95,0.99,0.95,0.9633,1.0,HIGH_CONFIDENCE,"This clause identifies one of the parties to the agreement, SOMANETICS CORPORATION, and includes a signature line. | The clause mentions a company name and a signature, indicating party identification. | The clause identifies a party to the agreement",llm_pseudo_label,1,0,0,0,0,0,0,0,0,0,0,0,0,0
4fd432d8ce6796dabc17d3838d8539a2_clause_021,4fd432d8ce6796dabc17d3838d8539a2,"Title:
Bruce J. Barrett
President and Chief Executive Officer","[""Party Identification""]","[""Party Identification""]","[""Party Identification""]","[""Party Identification""]",0.95,0.99,0.95,0.9633,1.0,HIGH_CONFIDENCE,"This clause identifies an individual and their title, which is a key aspect of party identification in a legal document. | The clause identifies a specific individual, Bruce J. Barrett, as the President and Chief Executive Officer. | The clause ident",llm_pseudo_label,1,0,0,0,0,0,0,0,0,0,0,0,0,0
5180f107324abcab9d9ff81aee2db8d3_clause_000,5180f107324abcab9d9ff81aee2db8d3,"EX-99.(E).(3) 5 d443014dex99e3.htm CONFIDENTIALITY AGREEMENT BETWEEN SUN PHARMACEUTICAL
INDUSTRIES, INC.
Exhibit (e)(3)
May 11, 2012","[""Party Identification"", ""Additional Information""]","[""Party Identification"", ""Additional Information""]","[""Party Identification"", ""Additional Information""]","[""Additional Information"", ""Party Identification""]",0.9,0.9,0.98,0.9267,1.0,HIGH_CONFIDENCE,"The clause contains exhibit metadata and dates while identifying Sun Pharmaceutical Industries, Inc. as a party to the agreement. | The clause serves as the title page and header, identifying the agreement date and Sun Pharmaceutical Industries, Inc.",llm_pseudo_label,1,0,0,0,0,0,0,0,0,0,0,0,0,1
5180f107324abcab9d9ff81aee2db8d3_clause_001,5180f107324abcab9d9ff81aee2db8d3,"CONFIDENTIAL AND PROPRIETARY
James Hattersley
Vice President, Corp. Business Development
Sun Pharmaceutical Industries, Inc.
270 Prospect Plains Road
Cranbury, New Jersey 08512
Re: Confidentiality Agreement
Dear Mr. Hattersley:
In connection with your evaluation of a potential transaction (the “Potential Transaction”) with DUSA Pharmaceuticals, Inc. (the “Company”),
we are prepared to make available to you and/or your Representatives (as defined below) certain confidential information relating to the Company
and/or the Potential Transaction. As a condition to such information being furnished to you and your Representatives, you hereby agree to treat any
Information (as defined below), whether prepared by the Company, its Representatives or otherwise, which is furnished to you or your
Representatives now or in the future by or on behalf of the Company pursuant hereto in accordance with the terms and provisions of this agreement
(this “Agreement”) and to take or abstain from taking certain other actions as hereinafter set forth. As used herein, a party’s “Representatives” shall
mean such party’s directors, officers, employees, agents, affiliates and advisors (including, without limitation, such party’s attorneys, accountants,
consultants and financial advisors).
The term “Information” shall be deemed to mean (subject to the following sentence) any confidential or otherwise proprietary information
relating to the Company that the Company or any of its Representatives disclose to you, on or after the date of this Agreement, regardless of the
manner in which it is furnished, together with all portions of notes, analyses, compilations, studies, interpretations or other documents prepared by
you or your Representatives which contain, in whole or in part, the Information furnished to you or your Representatives pursuant to this Agreement.
The term “Information” shall not include, and the obligations of this Agreement shall not apply to, information which (i) is or becomes generally
available to the public other than as a result of an unauthorized disclosure by you or your Representatives in breach of this Agreement, (ii) was
within your or any of your Representative’s possession prior to its being furnished to you by or on behalf of the Company pursuant to this
Agreement, provided that the source of such information was not known by you to be bound by an agreement with or other contractual, legal or
fiduciary obligation of confidentiality to the Company or any other party with respect to such information, (iii) becomes available to you or any of
your Representatives from a source other than the Company or any of its Representatives, provided that such source is not known by you to be
bound by an agreement with or other contractual, legal or fiduciary obligation of confidentiality to the Company or any other party with respect to
such information, or (iv) was or is developed by you or your Representatives independently of such information.
Except as otherwise provided herein, you hereby agree that you and your Representatives shall use the Information solely for the purpose of
evaluating the Potential Transaction, that the Information will be kept strictly confidential by you and your Representatives, and that you and your
Representatives will not disclose any of the Information in any manner whatsoever; provided, however, that (i) you may make any disclosure of the
Information to which the Company gives its prior written consent, (ii) any of the Information may be disclosed to your Representatives who need to
know the Information for the sole purpose of evaluating the Potential Transaction, who agree to nondisclosure and non-use terms with respect to the
Information that are no less strict than the terms of this Agreement and (iii) any Information may be disclosed if required by operation of law, rule or
regulation or by any court or other governmental or regulatory authority; provided that you provide prompt written notice to the Company so that the
Company may seek a protective order or other appropriate remedy. If, in the absence of a protective order or other appropriate remedy or the receipt
of a waiver by the Company, you or any of your","[""Party Identification"", ""Purpose"", ""Definition of Confidential Information"", ""Non-Confidential Information"", ""Confidentiality Obligations"", ""Authorized Disclosure""]","[""Party Identification"", ""Purpose"", ""Definition of Confidential Information"", ""Confidentiality Obligations"", ""Authorized Disclosure"", ""Non-Confidential Information""]","[""Party Identification"", ""Purpose"", ""Definition of Confidential Information"", ""Confidentiality Obligations"", ""Authorized Disclosure"", ""Non-Confidential Information"", ""Employees""]","[""Party Identification"", ""Definition of Confidential Information"", ""Authorized Disclosure"", ""Confidentiality Obligations"", ""Purpose"", ""Non-Confidential Information""]",0.95,0.98,0.98,0.97,0.9048,HIGH_CONFIDENCE,"The clause covers party identification, evaluation purpose, definitions of confidential and non-confidential information, restrictions on use/disclosure, and authorized disclosures to representatives  | The clause identifies the transacting parties, ",llm_pseudo_label,1,1,0,1,1,1,1,0,0,0,0,0,0,0
5180f107324abcab9d9ff81aee2db8d3_clause_002,5180f107324abcab9d9ff81aee2db8d3,"1

Representatives are nonetheless, upon advice of counsel, legally compelled to disclose Information or else stand liable for contempt or suffer other
censure or penalty, you or your Representative, as applicable, may, without liability hereunder, disclose only that portion of the Information which
such counsel advises is legally required to be disclosed, provided that you and your Representative exercise your respective reasonable efforts to
preserve the confidentiality of the Information, including, without limitation, by cooperating with the Company, at the Company’s expense, to obtain
an appropriate protective order or other reliable assurance that confidential treatment will be accorded the Information. In any event, you shall be
responsible for any breach of this Agreement by any of your Representatives.
You represent that neither you nor any of your Representatives has entered into, directly or indirectly, any agreement or understanding with
any person (other than any agreement between you and your Representatives) with respect to a Potential Transaction or that could otherwise affect
such person’s decisions or actions with respect to a Potential Transaction involving the Company. In addition, you agree that, without the prior
written consent of the Company, you and your Representatives will not disclose to any other person the fact that the Information has been made
available to you or that discussions or negotiations are taking place between the Company and you concerning the Potential Transaction or any of the
terms, conditions or other facts with respect thereto (including the status thereof), unless in the opinion of your counsel such disclosure is required by
law, rule or regulation or by any court or other governmental or regulatory authority; provided that you provide prompt written notice to the
Company so that the Company may seek a protective order or other appropriate remedy.
Nothing contained in this Agreement shall require either party hereto to enter into the Potential Transaction or any other transaction or to
negotiate for the same for any specified period of time. All Information disclosed to you shall be and remain the property of the Company and this
Agreement shall not be construed as a license or any other grant of any right whatsoever in the Information. For clarity, no license under any patent,
copyright, trademark, other intellectual property right or any application therefore is hereby granted or implied by the provision of the Information to
you or your Representatives. Neither you nor your Representatives shall alter or obliterate any trademark or any other proprietary mark or notice
thereof of the Company on any copy of the Information, and you shall reproduce any such mark or notice on all copies of the Information.
You agree that upon the request of the Company, you will return to the Company or destroy all Information furnished to you or your
Representatives by or on behalf of the Company, without retaining any copies or extracts thereof, and you will destroy all portions of reports,
analyses, memoranda, notes or other documents prepared by you or your Representatives that contain the Information. You will confirm to us in
writing that destruction of all such Information has been completed. Notwithstanding the foregoing, the Company acknowledges that, in the ordinary
course of your business and as a part of your customary practices, after the destruction or return of other copies of the Information, electronic copies
of such Information may still remain on archives, hard drives, backup tapes and similar formats, and the Company acknowledges that, provided such
Information is not used or disclosed by you or your Representatives contrary to the terms of this Agreement, such remaining copies shall not be
deemed a breach of this paragraph. Furthermore, notwithstanding anything to the contrary herein, you and your Representatives may retain copies of
any Information in order to comply with your and their legal and regulatory record-keeping obligations, and do not have to return or destroy
Information to the extent that retention of such Information is, in good faith, in order to comply with your or their regulators’ and/or auditors’
expectations of best practices and/or applicable law or to defend yourself or themselves in litigation.
In consideration of and as a condition to the Company furnishing the Information to you under this Agreement, you agree that for a period of
one year from the date of this Agreement, neither you nor any of your affiliates will, directly or indirectly, solicit or employ any of the i) current
officers or director-level employees, without obtaining the prior written consent of the Company, or ii) other employees of the Company (so long as
they are employed by the Company) who are in discussion with you relating to this Agreement, without obtaining the prior written consent of the
Company, (it being understood that any newspaper or other general solicitation, including without limitation, web-based advertisements, not directed
specifically to such person shall not be deemed to be a solicitation for purposes of this provision).
You acknowledge and agree that the Company will be irreparably injured by a breach of this Agreement by you or your Representatives, that
monetary remedies may be inadequate to protect the Company against any actual or threatened breach of this Agreement by you or your
Representatives, and that the Company shall be entitled to seek specific performance or other equitable relief as a remedy for any such breach
without posting a bond.","[""Confidentiality Obligations"", ""Authorized Disclosure"", ""Intellectual Property"", ""Employees"", ""Liability for Damages""]","[""Confidentiality Obligations"", ""Authorized Disclosure"", ""Intellectual Property"", ""Employees"", ""Liability for Damages""]","[""Authorized Disclosure"", ""Confidentiality Obligations"", ""Employees"", ""Intellectual Property"", ""Liability for Damages""]","[""Authorized Disclosure"", ""Confidentiality Obligations"", ""Employees"", ""Liability for Damages"", ""Intellectual Property""]",0.95,0.95,0.98,0.96,1.0,HIGH_CONFIDENCE,"The clause covers legally required disclosures (Authorized Disclosure), confidentiality and non-disclosure obligations including return/destruction of data (Confidentiality Obligations), retention of  | The clause contains provisions regarding legall",llm_pseudo_label,0,0,0,0,1,1,0,1,0,0,1,1,0,0
5180f107324abcab9d9ff81aee2db8d3_clause_003,5180f107324abcab9d9ff81aee2db8d3,"2

For a period of twelve (12) months commencing on the date of this Agreement, you shall not, nor shall any of your subsidiaries or
Representatives, in any manner, directly or indirectly, acting alone or in concert with others, effect or seek, offer or propose (whether publicly or
otherwise) to effect, or cause or participate in or in any way assist any other person to effect or seek, offer or propose (whether publicly or otherwise)
to effect or participate in, (i) any acquisition of beneficial ownership, as defined in Rule 13d-3 under the 1934 Act, of any substantial portion (i.e.,
more than 5%) of any securities or assets of the Company or any of its subsidiaries, (ii) any tender or exchange offer, merger or other business
combination involving the Company or any of its subsidiaries; (iii) any “solicitation” of “proxies” (as such terms are used in the proxy rules of the
Securities and Exchange Commission) or consents to vote any voting securities of the Company; or (iv) take any action that might require the
Company to make a announcement regarding any of the types of matters set forth above; nor shall you engage in short selling activities with respect
to securities of the Company. The provisions of this paragraph will not prohibit the ownership by you or any of your affiliates, subsidiaries or
Representatives of any securities of the Company or a third party that you or any of your affiliates, subsidiaries or Representatives own as of the date
hereof or the purchase by the Company or any of the Company’s affiliates of any of the securities held as of the date hereof.
The agreements contained in the immediately preceding paragraph shall terminate and be of no effect if (i) the Company enters into an
agreement relating to any (a) merger, consolidation, business combination, binding share exchange or similar transaction involving the Company in
each case, in which the Company will not be the entity surviving such transaction, (b) sale, lease or other disposition or series of related dispositions,
directly or indirectly, by merger, consolidation or otherwise of assets of the Company or its subsidiaries representing all or substantially all of the
consolidated assets of the Company and its subsidiaries, (c) issue, sale or other disposition or series of related dispositions by the Company of
(including by of merger, consolidation, binding share exchange or any similar transaction) securities (or options, rights or warrants to purchase, or
securities convertible into such securities) representing 50% or more of the voting power of the Company to a single purchaser or an affiliated group
of purchasers or (d) other transaction or series of related transactions pursuant to which any person or entity shall acquire beneficial ownership, as is
defined in Rule 13d-3 under the 1934 Act, or the right to acquire beneficial ownership of, 50% or more of the outstanding common stock of the
Company, or (ii) any corporation, partnership, person or other entity or group commences a tender offer or exchange offer to acquire 50% or more of
the outstanding voting securities of the Company without the consent of the Board of Directors of the Company.
You acknowledge that you are aware that the securities laws of the United States prohibit any person who has material, non-public information
concerning the Company or a possible transaction involving the Company from purchasing or selling the Company’s securities when in possession
of such information and from communicating such information to any other person or entity under circumstances in which it is reasonably
foreseeable that such person or entity is likely to purchase or sell such securities in reliance upon such information.
Notwithstanding any other provision of this Agreement to the contrary, this Agreement and all of the terms, conditions, undertakings and
prohibitions contained herein shall terminate upon the earlier to occur of (i) two (2) years after the date of this Agreement or (ii) such time as the
Information has been publicly disclosed by or on behalf of the Company whichever is earlier
This Agreement shall be governed by and construed in accordance with the laws of the State of New Jersey. The parties consent to the
exclusive jurisdiction of the federal and state courts located in Newark, New Jersey. This Agreement may be executed in one or more counterparts,
each of which shall be deemed to be an original copy of this Agreement and all of which, when taken together, shall be deemed to constitute one and
the same Agreement. The exchange of copies of this Agreement and of signature pages by facsimile transmission shall constitute effective execution
and delivery of this Agreement by the parties hereto.","[""Confidentiality Obligations"", ""Competition Rights"", ""Term and Termination"", ""Governing Law and Jurisdiction"", ""Additional Information""]","[""Competition Rights"", ""Term and Termination"", ""Governing Law and Jurisdiction"", ""Additional Information""]","[""Competition Rights"", ""Term and Termination"", ""Governing Law and Jurisdiction""]","[""Governing Law and Jurisdiction"", ""Competition Rights"", ""Term and Termination"", ""Additional Information""]",0.95,0.95,0.98,0.96,0.7167,MEDIUM_CONFIDENCE,"The clause includes standstill and trading restrictions (Competition Rights), insider trading compliance regarding non-public information (Confidentiality Obligations), agreement expiration terms (Ter | The clause contains standstill provisions restr",llm_pseudo_label,0,0,0,0,0,0,0,0,1,1,0,0,1,1
5180f107324abcab9d9ff81aee2db8d3_clause_004,5180f107324abcab9d9ff81aee2db8d3,"3

Please confirm your agreement with the foregoing by executing this Agreement in the space provided below and returning one copy of this
Agreement to us for our files.","[""Additional Information""]","[""Additional Information""]","[""Additional Information""]","[""Additional Information""]",0.95,0.95,1.0,0.9667,1.0,HIGH_CONFIDENCE,"The clause contains standard administrative instructions regarding the execution and confirmation of the agreement. | This clause contains administrative instructions regarding the execution and return of the agreement, which does not fit any specifi",llm_pseudo_label,0,0,0,0,0,0,0,0,0,0,0,0,0,1
5180f107324abcab9d9ff81aee2db8d3_clause_005,5180f107324abcab9d9ff81aee2db8d3,"Very truly yours,
/s/ Robert F. Doman","[""Additional Information""]","[""Additional Information""]","[""Party Identification""]","[""Additional Information""]",0.95,0.95,0.9,0.9333,0.3333,DISAGREEMENT,"The text consists solely of a standard closing salutation and signature block, containing no specific legal terms covered by other categories. | This clause is a standard complimentary close and signature block which does not contain substantive cont",llm_pseudo_label,0,0,0,0,0,0,0,0,0,0,0,0,0,1
5180f107324abcab9d9ff81aee2db8d3_clause_006,5180f107324abcab9d9ff81aee2db8d3,"Robert F. Doman,
President and CEO","[""Party Identification""]","[""Party Identification""]","[""Party Identification""]","[""Party Identification""]",0.95,0.9,1.0,0.95,1.0,HIGH_CONFIDENCE,The text identifies an individual signatory and their title representing a party to the agreement. | The clause identifies a signatory and their official title representing one of the parties to the agreement. | The clause identifies a signatory and ,llm_pseudo_label,1,0,0,0,0,0,0,0,0,0,0,0,0,0
5180f107324abcab9d9ff81aee2db8d3_clause_007,5180f107324abcab9d9ff81aee2db8d3,"Accepted and agreed to as of the date
first written above:","[""Additional Information""]","[""Additional Information""]","[""Additional Information""]","[""Additional Information""]",0.95,0.95,1.0,0.9667,1.0,HIGH_CONFIDENCE,"The text is a standard signature execution block line indicating acceptance, which does not fall under any specific substantive NDA category. | The clause is a standard transition to the signature block indicating acceptance and agreement, which does",llm_pseudo_label,0,0,0,0,0,0,0,0,0,0,0,0,0,1
5180f107324abcab9d9ff81aee2db8d3_clause_008,5180f107324abcab9d9ff81aee2db8d3,"By: /s/ James E. Hattersley
 James E. Hattersley
 Vice President, Business Development
 Sun Pharmaceutical Industries, Inc.","[""Party Identification""]","[""Party Identification""]","[""Party Identification""]","[""Party Identification""]",0.95,0.95,1.0,0.9667,1.0,HIGH_CONFIDENCE,"This clause is a signature block that identifies one of the contracting parties and its authorized representative. | The clause contains the signature block, which identifies the signing representative and the party (Sun Pharmaceutical Industries, In",llm_pseudo_label,1,0,0,0,0,0,0,0,0,0,0,0,0,0
5180f107324abcab9d9ff81aee2db8d3_clause_009,5180f107324abcab9d9ff81aee2db8d3,4,"[""Additional Information""]","[""Additional Information""]","[""Additional Information""]","[""Additional Information""]",0.98,0.99,1.0,0.99,1.0,HIGH_CONFIDENCE,"The text consists solely of a section number with no substantive legal obligations or information, defaulting to Additional Information. | The clause contains only a single number, likely a page or section number, which does not contain any substanti",llm_pseudo_label,0,0,0,0,0,0,0,0,0,0,0,0,0,1
586c367e2c45ebd8b7ba96fcb6006bf6_clause_000,586c367e2c45ebd8b7ba96fcb6006bf6,"EX-10.48 15 dex1048.htm CONFIDENTIALITY AND ASSIGNMENT OF PROPRIETARY DEVELOPMENTS
AGREEMENT
Exhibit 10.48
LOGO","[""Additional Information""]",[],[],"[""Additional Information""]",0.95,0.0,0.0,0.95,1.0,HIGH_CONFIDENCE,"[openrouter] [2/3 models failed] The text consists of document header information, exhibit numbers, and a document title rather than substantive contractual provisions. | Model slot unavailable (Quota/Error stopped: None) | Model slot unavailable (Qu",llm_pseudo_label,0,0,0,0,0,0,0,0,0,0,0,0,0,1
586c367e2c45ebd8b7ba96fcb6006bf6_clause_001,586c367e2c45ebd8b7ba96fcb6006bf6,"October 5, 2007

Christopher C. Gallen, MD, PhD","[""Party Identification""]",[],[],"[""Party Identification""]",0.9,0.0,0.0,0.9,1.0,HIGH_CONFIDENCE,[openrouter] [2/3 models failed] The clause identifies an individual party involved in the agreement along with the date. | Model slot unavailable (Quota/Error stopped: None) | Model slot unavailable (Quota/Error stopped: None),llm_pseudo_label,1,0,0,0,0,0,0,0,0,0,0,0,0,0
586c367e2c45ebd8b7ba96fcb6006bf6_clause_002,586c367e2c45ebd8b7ba96fcb6006bf6,"TELEPHONE: 484.533.6900
Email: cgallen@neuromed.com
Schedule “B”
C. Eugene Wright, III
16 Carhart Court
Pittstown, New Jersey 08867
Dear Eugene:","[""Party Identification""]",[],[],"[""Party Identification""]",0.95,0.0,0.0,0.95,1.0,HIGH_CONFIDENCE,"[openrouter] [2/3 models failed] The text contains contact information, addresses, and individual names identifying a party to the agreement. | Model slot unavailable (Quota/Error stopped: None) | Model slot unavailable (Quota/Error stopped: None)",llm_pseudo_label,1,0,0,0,0,0,0,0,0,0,0,0,0,0
586c367e2c45ebd8b7ba96fcb6006bf6_clause_003,586c367e2c45ebd8b7ba96fcb6006bf6,"Re:
Confidentiality and Assignment of Proprietary Developments Agreement
The purpose of this exhibit is to describe and record the Agreement between you and Neuromed Pharmaceuticals Inc. (“Company”) concerning
the terms on which you, as an employee of Company, will protect and keep confidential certain information received during your employment with
Company and pursuant to which you agree to assign certain Proprietary Developments to Company.
As an essential element of the Company’s offer of employment to you, you hereby agree to be bound by the following:","[""Party Identification"", ""Purpose"", ""Intellectual Property"", ""Employees""]",[],[],"[""Intellectual Property"", ""Purpose"", ""Party Identification"", ""Employees""]",0.95,0.0,0.0,0.95,1.0,HIGH_CONFIDENCE,"[openrouter] [2/3 models failed] This preamble identifies the parties, states the purpose of the agreement, references the employment context, and mentions the assignment of proprietary developments. | Model slot unavailable (Quota/Error stopped: Non",llm_pseudo_label,1,1,0,0,0,0,0,0,0,0,1,1,0,0
586c367e2c45ebd8b7ba96fcb6006bf6_clause_004,586c367e2c45ebd8b7ba96fcb6006bf6,"1.
DEFINITIONS:
In this Agreement:","[""Additional Information""]",[],[],"[""Additional Information""]",0.95,0.0,0.0,0.95,1.0,HIGH_CONFIDENCE,[openrouter] [2/3 models failed] This clause is an introductory header for definitions and does not contain substantive definitions or terms fitting other categories. | Model slot unavailable (Quota/Error stopped: None) | Model slot unavailable (Quot,llm_pseudo_label,0,0,0,0,0,0,0,0,0,0,0,0,0,1
586c367e2c45ebd8b7ba96fcb6006bf6_clause_005,586c367e2c45ebd8b7ba96fcb6006bf6,"(a)
“Confidential Information” means the whole or any portion of any data or information about the business of the Companies that the
Companies protect from public disclosure. Confidential Information relates to Companies’ services, products, processes or techniques,
as well as to the business, services, products, processes and techniques of Companies’ clients, regardless of whether or not that
information is copyrighted, patented or patentable. Confidential Information shall include but not be limited to:","[""Definition of Confidential Information""]",[],[],"[""Definition of Confidential Information""]",0.98,0.0,0.0,0.98,1.0,HIGH_CONFIDENCE,[openrouter] [2/3 models failed] The clause explicitly defines the scope and meaning of Confidential Information under the agreement. | Model slot unavailable (Quota/Error stopped: None) | Model slot unavailable (Quota/Error stopped: None),llm_pseudo_label,0,0,0,1,0,0,0,0,0,0,0,0,0,0
586c367e2c45ebd8b7ba96fcb6006bf6_clause_006,586c367e2c45ebd8b7ba96fcb6006bf6,"(i)
experimental techniques, proprietary assays, screening strategies and technologies, targets for drug discovery and chemical
formulae;","[""Definition of Confidential Information""]",[],[],"[""Definition of Confidential Information""]",0.98,0.0,0.0,0.98,1.0,HIGH_CONFIDENCE,[openrouter] [2/3 models failed] The clause provides specific examples of technical and scientific data that fall under the definition of Confidential Information. | Model slot unavailable (Quota/Error stopped: None) | Model slot unavailable (Quota/E,llm_pseudo_label,0,0,0,1,0,0,0,0,0,0,0,0,0,0
586c367e2c45ebd8b7ba96fcb6006bf6_clause_007,586c367e2c45ebd8b7ba96fcb6006bf6,"(ii)
commercial and financial information concerning the corporate, scientific, and pharmaceutical research activities and plans of
Companies including any information regarding Companies’ costs, sales, income, salaries, customers, and all business
opportunities or joint ventures considered by Companies, whether or not pursued; and","[""Definition of Confidential Information""]",[],[],"[""Definition of Confidential Information""]",0.98,0.0,0.0,0.98,1.0,HIGH_CONFIDENCE,"[openrouter] [2/3 models failed] The clause details specific types of commercial, financial, and business information that constitute Confidential Information. | Model slot unavailable (Quota/Error stopped: None) | Model slot unavailable (Quota/Error",llm_pseudo_label,0,0,0,1,0,0,0,0,0,0,0,0,0,0
586c367e2c45ebd8b7ba96fcb6006bf6_clause_008,586c367e2c45ebd8b7ba96fcb6006bf6,"C. Eugene Wright, III
Oct. 5, 2007
Page 2 of 7","[""Additional Information""]",[],[],"[""Additional Information""]",0.95,0.0,0.0,0.95,1.0,HIGH_CONFIDENCE,"[openrouter] [2/3 models failed] The text consists of administrative page header information including a name, date, and page number. | Model slot unavailable (Quota/Error stopped: None) | Model slot unavailable (Quota/Error stopped: None)",llm_pseudo_label,0,0,0,0,0,0,0,0,0,0,0,0,0,1
586c367e2c45ebd8b7ba96fcb6006bf6_clause_009,586c367e2c45ebd8b7ba96fcb6006bf6,"(iii)
any and all confidential know-how, Trade Secrets, and any and all oral, written, electronic or other confidential communications
regarding any Proprietary Developments.","[""Definition of Confidential Information""]",[],[],"[""Definition of Confidential Information""]",0.98,0.0,0.0,0.98,1.0,HIGH_CONFIDENCE,"[openrouter] [2/3 models failed] The clause defines types of materials and communications, such as trade secrets and know-how, that constitute Confidential Information. | Model slot unavailable (Quota/Error stopped: None) | Model slot unavailable (Qu",llm_pseudo_label,0,0,0,1,0,0,0,0,0,0,0,0,0,0
586c367e2c45ebd8b7ba96fcb6006bf6_clause_010,586c367e2c45ebd8b7ba96fcb6006bf6,"(b)
“Company’s Business” means the specific biomedical research and development activities conducted by Companies including but not
limited to the discovery and development of novel calcium channel blockers for the purpose of treating diseases.","[""Definition of Confidential Information""]","[""Definition of Confidential Information""]","[""Definition of Confidential Information"", ""Purpose""]","[""Definition of Confidential Information""]",0.98,0.95,0.95,0.96,0.6667,MEDIUM_CONFIDENCE,"This clause explicitly defines what constitutes 'Company's Business' within the context of the agreement, which is a component of confidential information. | The clause defines a specific term related to the company's business, which is likely to be ",llm_pseudo_label,0,0,0,1,0,0,0,0,0,0,0,0,0,0
586c367e2c45ebd8b7ba96fcb6006bf6_clause_011,586c367e2c45ebd8b7ba96fcb6006bf6,"(c)
“Company” shall mean Neuromed Pharmaceuticals Inc. and any affiliated companies.","[""Party Identification""]",[],[],"[""Party Identification""]",0.95,0.0,0.0,0.95,1.0,HIGH_CONFIDENCE,"[openrouter] [2/3 models failed] The clause defines 'Company' as Neuromed Pharmaceuticals Inc. and its affiliated companies, identifying a party to the agreement. | Model slot unavailable (Quota/Error stopped: None) | Model slot unavailable (Quota/Er",llm_pseudo_label,1,0,0,0,0,0,0,0,0,0,0,0,0,0
586c367e2c45ebd8b7ba96fcb6006bf6_clause_012,586c367e2c45ebd8b7ba96fcb6006bf6,"(d)
“Companies” shall mean the Company and Neuromed Pharmaceuticals Ltd. and any affiliated companies.","[""Party Identification""]",[],[],"[""Party Identification""]",0.95,0.0,0.0,0.95,1.0,HIGH_CONFIDENCE,"[openrouter] [2/3 models failed] The clause defines the specific corporate entities and affiliates included under the term 'Companies', identifying the relevant parties to the agreement. | Model slot unavailable (Quota/Error stopped: None) | Model sl",llm_pseudo_label,1,0,0,0,0,0,0,0,0,0,0,0,0,0
586c367e2c45ebd8b7ba96fcb6006bf6_clause_013,586c367e2c45ebd8b7ba96fcb6006bf6,"(e)
“Proprietary Development” means a development or developments including, without limitation:","[""Definition of Confidential Information"", ""Intellectual Property""]",[],[],"[""Intellectual Property"", ""Definition of Confidential Information""]",0.9,0.0,0.0,0.9,1.0,HIGH_CONFIDENCE,"[openrouter] [2/3 models failed] This clause introduces the definition of 'Proprietary Development', which pertains to intellectual property and confidential information assets. | Model slot unavailable (Quota/Error stopped: None) | Model slot unavai",llm_pseudo_label,0,0,0,1,0,0,0,0,0,0,1,0,0,0
586c367e2c45ebd8b7ba96fcb6006bf6_clause_014,586c367e2c45ebd8b7ba96fcb6006bf6,"(i)
enhancements, modifications, additions or other improvements to the intellectual property or assets owned, licensed, sold,
marketed or used by Companies in connection with Companies’ Business;","[""Definition of Confidential Information"", ""Intellectual Property""]",[],[],"[""Intellectual Property"", ""Definition of Confidential Information""]",0.95,0.0,0.0,0.95,1.0,HIGH_CONFIDENCE,"[openrouter] [2/3 models failed] The clause describes enhancements, modifications, and improvements to intellectual property and assets, falling under Definition of Confidential Information and Intellectual Property. | Model slot unavailable (Quota/E",llm_pseudo_label,0,0,0,1,0,0,0,0,0,0,1,0,0,0
586c367e2c45ebd8b7ba96fcb6006bf6_clause_015,586c367e2c45ebd8b7ba96fcb6006bf6,"(ii)
trademarks, copyrights, trade names, business names, logos, design marks and other proprietary marks;","[""Intellectual Property"", ""Definition of Confidential Information""]",[],[],"[""Intellectual Property"", ""Definition of Confidential Information""]",0.95,0.0,0.0,0.95,1.0,HIGH_CONFIDENCE,"[openrouter] [2/3 models failed] The clause enumerates specific types of intellectual property assets and proprietary marks, which relate to both Intellectual Property rights and the Definition of Confidential Information. | Model slot unavailable (Q",llm_pseudo_label,0,0,0,1,0,0,0,0,0,0,1,0,0,0
586c367e2c45ebd8b7ba96fcb6006bf6_clause_016,586c367e2c45ebd8b7ba96fcb6006bf6,"(iii)
inventions, devices, discoveries, concepts, ideas, formulae, know-how, processes, techniques, systems, methods and any
improvements, enhancements and modifications thereto, whether patented or not; developed, created, generated, contributed to or
reduced to practice by you alone or jointly with others pursuant to your activities as an employee, director, officer or consultant of
Company and which results from tasks assigned to you by Company or which results from the use of the premises or property
(including equipment, supplies or Confidential Information) owned, leased or licensed by Companies and which reasonably
relates to the Companies Business, or which results from or relates to working with Companies’ clients, either directly or
indirectly.","[""Definition of Confidential Information"", ""Intellectual Property""]",[],[],"[""Intellectual Property"", ""Definition of Confidential Information""]",0.95,0.0,0.0,0.95,1.0,HIGH_CONFIDENCE,"[openrouter] [2/3 models failed] The clause outlines proprietary work product, inventions, and technical know-how developed during engagement, falling under both Definition of Confidential Information and Intellectual Property. | Model slot unavailab",llm_pseudo_label,0,0,0,1,0,0,0,0,0,0,1,0,0,0
586c367e2c45ebd8b7ba96fcb6006bf6_clause_017,586c367e2c45ebd8b7ba96fcb6006bf6,"(f)
“Trade Secret(s)” shall mean any information falling under the definition of a Trade Secret pursuant to the Uniform Trade Secrets Act or,
if applicable, the version thereof adopted by Pennsylvania. Trade Secrets include, but are not limited to, any useful process, machine or
other device or composition of matter which is new and which is being used or studied by Companies and is not described in a patent or
described in any literature already published and distributed externally by Companies; the source code or algorithms of any software
developed or owned by Companies; any formula, plan, tool, machine, process or method employed by Companies, whether patentable
or not; business plans and marketing concepts of Companies; marketing or sales information of Companies; financial information or
projections regarding Companies; financial, pricing and/or credit information regarding clients or vendors of Companies, and internal
policies and procedures of Companies.","[""Definition of Confidential Information""]",[],[],"[""Definition of Confidential Information""]",0.98,0.0,0.0,0.98,1.0,HIGH_CONFIDENCE,"[openrouter] [2/3 models failed] This clause specifically defines what constitutes 'Trade Secret(s)', establishing the scope of protected confidential information under the agreement. | Model slot unavailable (Quota/Error stopped: None) | Model slot ",llm_pseudo_label,0,0,0,1,0,0,0,0,0,0,0,0,0,0
586c367e2c45ebd8b7ba96fcb6006bf6_clause_018,586c367e2c45ebd8b7ba96fcb6006bf6,"2.
CONFIDENTIALITY:","[""Additional Information""]",[],[],"[""Additional Information""]",0.95,0.0,0.0,0.95,1.0,HIGH_CONFIDENCE,[openrouter] [2/3 models failed] The clause is merely a section title heading and does not contain substantive legal obligations or definitions. | Model slot unavailable (Quota/Error stopped: None) | Model slot unavailable (Quota/Error stopped: None),llm_pseudo_label,0,0,0,0,0,0,0,0,0,0,0,0,0,1
586c367e2c45ebd8b7ba96fcb6006bf6_clause_019,586c367e2c45ebd8b7ba96fcb6006bf6,"(a)
Basic Obligation Of Confidentiality:
You acknowledge and agree that during your employment with Company, Companies may disclose to you, or you may otherwise be exposed
to, Companies’ Confidential Information. Company agrees to provide such access to you and you agree to receive and hold the Confidential
Information on the terms and conditions set out herein. Except as set out below,","[""Confidentiality Obligations"", ""Employees""]",[],[],"[""Confidentiality Obligations"", ""Employees""]",0.95,0.0,0.0,0.95,1.0,HIGH_CONFIDENCE,[openrouter] [2/3 models failed] The clause establishes the basic obligation to hold confidential information in confidence specifically during the course of employment. | Model slot unavailable (Quota/Error stopped: None) | Model slot unavailable (Q,llm_pseudo_label,0,0,0,0,1,0,0,0,0,0,0,1,0,0
586c367e2c45ebd8b7ba96fcb6006bf6_clause_020,586c367e2c45ebd8b7ba96fcb6006bf6,"C. Eugene Wright, III
Oct. 5, 2007
Page 3 of 7","[""Additional Information""]","[""Party Identification""]","[""Party Identification""]","[""Party Identification""]",0.95,0.95,0.95,0.95,0.3333,DISAGREEMENT,"This clause contains metadata like a name, date, and page number, which falls under additional information rather than a core contractual element. | The clause appears to identify an individual, C. Eugene Wright, III, which suggests it is related to ",llm_pseudo_label,1,0,0,0,0,0,0,0,0,0,0,0,0,0
586c367e2c45ebd8b7ba96fcb6006bf6_clause_021,586c367e2c45ebd8b7ba96fcb6006bf6,"you will keep strictly confidential all Confidential Information and all other information that you acquire, see, or are informed of, as a direct or
indirect consequence of your involvement with Companies in any capacity or that is revealed to you by Companies or is generated through
negotiations or other activities of third parties in connection with your involvement, in any capacity, with Companies’ Business.","[""Confidentiality Obligations"", ""Definition of Confidential Information""]","[""Confidentiality Obligations"", ""Definition of Confidential Information""]","[""Confidentiality Obligations"", ""Definition of Confidential Information""]","[""Confidentiality Obligations"", ""Definition of Confidential Information""]",0.98,0.95,0.95,0.96,1.0,HIGH_CONFIDENCE,The clause explicitly states the obligation to keep information confidential and broadly defines what constitutes that confidential information. | The clause explicitly states the obligation to keep confidential all Confidential Information and other,llm_pseudo_label,0,0,0,1,1,0,0,0,0,0,0,0,0,0
586c367e2c45ebd8b7ba96fcb6006bf6_clause_022,586c367e2c45ebd8b7ba96fcb6006bf6,"(b)
Non-Disclosure:
Unless the authorized representative of Company first gives you written permission to do so, you will not:","[""Confidentiality Obligations""]","[""Confidentiality Obligations""]","[""Confidentiality Obligations""]","[""Confidentiality Obligations""]",0.98,0.95,0.95,0.96,1.0,HIGH_CONFIDENCE,"This clause directly addresses the obligation of non-disclosure, stating that permission is required before any disclosure. | The clause explicitly states a prohibition on disclosure without written permission, indicating a confidentiality obligation",llm_pseudo_label,0,0,0,0,1,0,0,0,0,0,0,0,0,0
586c367e2c45ebd8b7ba96fcb6006bf6_clause_023,586c367e2c45ebd8b7ba96fcb6006bf6,"(i)
use or duplicate Confidential Information or recollections thereof;","[""Confidentiality Obligations""]","[""Confidentiality Obligations""]","[""Confidentiality Obligations""]","[""Confidentiality Obligations""]",0.98,0.95,0.95,0.96,1.0,HIGH_CONFIDENCE,"This clause directly outlines restrictions on the recipient's use and duplication of confidential information, which falls under confidentiality obligations. | The clause explicitly restricts the use or duplication of Confidential Information, indica",llm_pseudo_label,0,0,0,0,1,0,0,0,0,0,0,0,0,0
586c367e2c45ebd8b7ba96fcb6006bf6_clause_024,586c367e2c45ebd8b7ba96fcb6006bf6,"(ii)
disclose Confidential Information or recollections thereof to any third party;
or","[""Confidentiality Obligations""]","[""Authorized Disclosure"", ""Confidentiality Obligations""]","[""Confidentiality Obligations""]","[""Confidentiality Obligations""]",0.98,0.95,0.95,0.96,0.6667,MEDIUM_CONFIDENCE,"This clause directly restricts the disclosure of confidential information to third parties, which is a core confidentiality obligation. | The clause explicitly prohibits disclosure of Confidential Information to any third party, which relates to conf",llm_pseudo_label,0,0,0,0,1,0,0,0,0,0,0,0,0,0
586c367e2c45ebd8b7ba96fcb6006bf6_clause_025,586c367e2c45ebd8b7ba96fcb6006bf6,"(iii)
translate or adapt any Confidential Information or permit any Confidential Information to be used, copied, translated or adapted.","[""Confidentiality Obligations""]","[""Confidentiality Obligations""]","[""Confidentiality Obligations""]","[""Confidentiality Obligations""]",0.98,0.95,0.95,0.96,1.0,HIGH_CONFIDENCE,"This clause explicitly outlines actions that are prohibited regarding the confidential information, directly defining confidentiality obligations. | This clause restricts the use of Confidential Information, which is a key aspect of confidentiality o",llm_pseudo_label,0,0,0,0,1,0,0,0,0,0,0,0,0,0
586c367e2c45ebd8b7ba96fcb6006bf6_clause_026,586c367e2c45ebd8b7ba96fcb6006bf6,"(c)
Taking Precautions:
You will take all reasonable precautions necessary or prudent to prevent material in your possession or control that contains or refers to
Confidential Information from being discovered, used, or copied by third parties.","[""Confidentiality Obligations""]","[""Confidentiality Obligations""]","[""Confidentiality Obligations""]","[""Confidentiality Obligations""]",0.98,0.95,0.95,0.96,1.0,HIGH_CONFIDENCE,"This clause explicitly outlines the recipient's duty to protect confidential information by taking reasonable precautions against unauthorized discovery, use, or copying. | The clause requires the party to take precautions to prevent Confidential Inf",llm_pseudo_label,0,0,0,0,1,0,0,0,0,0,0,0,0,0
586c367e2c45ebd8b7ba96fcb6006bf6_clause_027,586c367e2c45ebd8b7ba96fcb6006bf6,"(d)
Companies’ Ownership of Confidential Information:
As between you and Companies, all right, title and interest in and to the Confidential Information, whether or not created or developed by you,
is and shall remain Companies’ property.","[""Definition of Confidential Information"", ""Intellectual Property""]","[""Definition of Confidential Information"", ""Intellectual Property""]","[""Intellectual Property""]","[""Definition of Confidential Information"", ""Intellectual Property""]",0.95,0.92,0.95,0.94,0.6667,MEDIUM_CONFIDENCE,"This clause explicitly states that the Companies retain all ownership rights to the Confidential Information, which directly relates to intellectual property and the definition of what constitutes con | This clause defines the ownership of confidenti",llm_pseudo_label,0,0,0,1,0,0,0,0,0,0,1,0,0,0
586c367e2c45ebd8b7ba96fcb6006bf6_clause_028,586c367e2c45ebd8b7ba96fcb6006bf6,"(e)
Control of Confidential Information and Return of Information:
All physical materials produced or prepared by you containing Confidential Information, including designs, formulae, memoranda, test results
and notes of experiments, drawings, plans, prototypes, samples, accounts, reports, data, financial statements or proforma estimates and any
other materials prepared in the course of your responsibilities or for the benefit of Companies shall belong to Companies, and you will turn
over possession to Company of all such items in your possession or control promptly when Company requests you to do so.","[""Confidentiality Obligations"", ""Definition of Confidential Information""]","[""Authorized Disclosure"", ""Confidentiality Obligations""]","[""Confidentiality Obligations"", ""Definition of Confidential Information""]","[""Confidentiality Obligations"", ""Definition of Confidential Information""]",0.98,0.92,0.95,0.95,0.5556,MEDIUM_CONFIDENCE,"This clause defines what constitutes confidential information in physical form and outlines the obligation to return such information to the company. | The clause outlines the control and return of confidential information, indicating obligations to ",llm_pseudo_label,0,0,0,1,1,0,0,0,0,0,0,0,0,0
586c367e2c45ebd8b7ba96fcb6006bf6_clause_029,586c367e2c45ebd8b7ba96fcb6006bf6,"(f)
Purpose of Use:
You will use Confidential Information only for purposes authorized or directed by Company or Companies and its officers, and you will not
seek access to any Confidential Information that is not relevant to or necessary for those purposes.","[""Confidentiality Obligations"", ""Purpose""]","[""Confidentiality Obligations"", ""Purpose""]","[""Confidentiality Obligations"", ""Purpose""]","[""Confidentiality Obligations"", ""Purpose""]",0.98,0.95,0.95,0.96,1.0,HIGH_CONFIDENCE,The clause explicitly defines the 'Purpose of Use' for the Confidential Information and outlines the obligations regarding its use. | The clause specifies the purpose of using Confidential Information and imposes obligations on how it should be used.,llm_pseudo_label,0,1,0,0,1,0,0,0,0,0,0,0,0,0
586c367e2c45ebd8b7ba96fcb6006bf6_clause_030,586c367e2c45ebd8b7ba96fcb6006bf6,"(g)
Extent and Duration of Obligation:
Except as Company agrees In writing, your obligations of confidentiality under this Agreement shall continue for the longer of:","[""Confidentiality Obligations"", ""Term and Termination""]","[""Confidentiality Obligations"", ""Term and Termination""]","[""Confidentiality Obligations"", ""Term and Termination""]","[""Confidentiality Obligations"", ""Term and Termination""]",0.98,0.95,0.95,0.96,1.0,HIGH_CONFIDENCE,"This clause explicitly defines the extent and duration of the confidentiality obligations, directly addressing both the nature of the obligation and its term. | The clause discusses the duration of confidentiality obligations, which is a key aspect o",llm_pseudo_label,0,0,0,0,1,0,0,0,0,1,0,0,0,0
586c367e2c45ebd8b7ba96fcb6006bf6_clause_031,586c367e2c45ebd8b7ba96fcb6006bf6,"(i)
ten (10) years after the termination of your employment with Company;
and","[""Employees"", ""Term and Termination""]","[""Employees"", ""Term and Termination""]","[""Term and Termination""]","[""Employees"", ""Term and Termination""]",0.95,0.95,0.95,0.95,0.6667,MEDIUM_CONFIDENCE,"This clause specifies a duration for confidentiality obligations tied to the termination of employment, directly relating to both term/termination and employees. | The clause mentions the duration after termination of employment, relating to both ter",llm_pseudo_label,0,0,0,0,0,0,0,0,0,1,0,1,0,0
586c367e2c45ebd8b7ba96fcb6006bf6_clause_032,586c367e2c45ebd8b7ba96fcb6006bf6,"C. Eugene Wright, III
Oct. 5, 2007
Page 4 of 7","[""Additional Information""]","[""Party Identification""]","[""Party Identification""]","[""Party Identification""]",0.95,0.95,0.95,0.95,0.3333,DISAGREEMENT,"This clause contains metadata such as a name, date, and page number, which falls under additional information rather than a specific contractual obligation. | The clause appears to identify an individual, C. Eugene Wright, III, which is relevant to p",llm_pseudo_label,1,0,0,0,0,0,0,0,0,0,0,0,0,0
586c367e2c45ebd8b7ba96fcb6006bf6_clause_033,586c367e2c45ebd8b7ba96fcb6006bf6,"(ii)
with respect to particular items of Confidential Information or material, for so long as those items are not in the public domain,
but your obligations will continue if those items enter the public domain as a consequence of a breach of this Agreement or any
other wrongful or negligent act or omission by you.
The restrictions in this Agreement regarding confidentiality will not apply to information which is known by you prior to your employment
with Company, except to the extent that such information was disclosed to you under a confidentiality agreement with a prior employer or to
the extent that value can be derived by a competitor from the manner in which such information has been compiled by you or others during
your employment by Company.","[""Confidentiality Obligations"", ""Non-Confidential Information""]","[""Confidentiality Obligations"", ""Non-Confidential Information"", ""Term and Termination""]","[""Confidentiality Obligations"", ""Non-Confidential Information""]","[""Confidentiality Obligations"", ""Non-Confidential Information""]",0.9,0.95,0.95,0.9333,0.7778,MEDIUM_CONFIDENCE,"The clause defines exceptions to confidentiality obligations, specifically outlining what information is not considered confidential or when obligations cease, and also details the continuation of obl | The clause outlines the duration and scope of c",llm_pseudo_label,0,0,0,0,1,0,1,0,0,0,0,0,0,0
586c367e2c45ebd8b7ba96fcb6006bf6_clause_034,586c367e2c45ebd8b7ba96fcb6006bf6,"3.
ASSIGNMENT OF PROPRIETARY DEVELOPMENTS:","[""Intellectual Property""]","[""Intellectual Property""]","[""Intellectual Property""]","[""Intellectual Property""]",0.9,0.9,0.95,0.9167,1.0,HIGH_CONFIDENCE,"The clause title 'ASSIGNMENT OF PROPRIETARY DEVELOPMENTS' directly indicates it pertains to intellectual property rights and their transfer. | The clause mentions assignment of proprietary developments, which is related to intellectual property right",llm_pseudo_label,0,0,0,0,0,0,0,0,0,0,1,0,0,0
586c367e2c45ebd8b7ba96fcb6006bf6_clause_035,586c367e2c45ebd8b7ba96fcb6006bf6,"(a)
Full Disclosure of Proprietary Developments:
You agree to promptly inform, and make full disclosure of, any Proprietary Development to Company. If required by Company, you will
disclose in writing in a log book or such other form or device provided for such purpose by Company, the details of all Proprietary
Developments that you are involved with or responsible for as an employee of Company.","[""Employees"", ""Intellectual Property""]","[""Definition of Confidential Information"", ""Employees""]","[""Confidentiality Obligations"", ""Employees""]","[""Employees""]",0.95,0.92,0.95,0.94,0.3333,DISAGREEMENT,"This clause directly addresses the disclosure of 'Proprietary Developments' (intellectual property) by an 'employee' to the 'Company'. | The clause requires disclosure of Proprietary Developments, which implies confidential information, and specifica",llm_pseudo_label,0,0,0,0,0,0,0,0,0,0,0,1,0,0
586c367e2c45ebd8b7ba96fcb6006bf6_clause_036,586c367e2c45ebd8b7ba96fcb6006bf6,"(b)
Assignment of Proprietary Developments to Company:
You will assign, and do hereby irrevocably assign and transfer to Company or to Company’s designee, your entire right, title and interest in
and to all Proprietary Developments and any Confidential Information. Without limiting the foregoing, you agree to waive all legal and moral
rights in such Proprietary Developments, and you agree that all Proprietary Developments to which you contribute in any way while an
employee of Company and within the scope of your employment shall be deemed to be “works made in the course of employment” and that
Company, or Company’s designee, shall be deemed the owner thereof. To the extent that you may own or acquire legal title to any of such
Proprietary Developments, you hereby declare and confirm that such legal title is, and will be, held in a fiduciary capacity by you only as
trustee and agent for Company. You agree that Company, or Company’s designee, will be the exclusive owner of all of your right title and
interest in and to each Proprietary Development throughout the world, including all Trade Secret, patent, copyright, trademark, industrial
design and all other intellectual property rights of any kind therein. To the extent that any of the works prepared by or to which you contribute
within the scope of your employment with Company, shall be deemed by a court of competent jurisdiction not to be a “work made for hire”,
this Agreement shall operate as an irrevocable assignment by you to Company, or Company’s designee, of all right, title and interest in and to
such works, including, without limitation, all worldwide copyright interests therein, in perpetuity.","[""Employees"", ""Intellectual Property""]","[""Employees"", ""Intellectual Property""]","[""Employees"", ""Intellectual Property""]","[""Employees"", ""Intellectual Property""]",0.98,0.95,0.95,0.96,1.0,HIGH_CONFIDENCE,"This clause explicitly details the assignment of intellectual property rights (Proprietary Developments, Confidential Information, patents, copyrights, trademarks) from the employee to the company, an | The clause discusses the assignment of propriet",llm_pseudo_label,0,0,0,0,0,0,0,0,0,0,1,1,0,0
586c367e2c45ebd8b7ba96fcb6006bf6_clause_037,586c367e2c45ebd8b7ba96fcb6006bf6,"(c)
Notice:
Notwithstanding any other provision of this Agreement to the contrary, this Agreement does not obligate you to assign or offer to assign to
Company any of your rights in an invention for which no equipment, supplies, facilities or Confidential Information of Company was used and
which was developed entirely on your own time, unless: (1) the invention relates (a) directly to the business of Companies or (b) to
Companies’ actual or demonstrably anticipated research or development, or (2) the invention results from any work performed by you for
Company. This Notice satisfies the written notice and other requirements of RCW 49.44.140.","[""Intellectual Property""]","[""Employees"", ""Intellectual Property""]","[""Intellectual Property"", ""Non-Confidential Information""]","[""Intellectual Property""]",0.95,0.95,0.95,0.95,0.4444,DISAGREEMENT,"This clause specifically addresses the ownership of inventions developed by the recipient, outlining conditions under which the company may or may not claim rights, which directly pertains to intellec | The clause discusses inventions and intellectua",llm_pseudo_label,0,0,0,0,0,0,0,0,0,0,1,0,0,0
586c367e2c45ebd8b7ba96fcb6006bf6_clause_038,586c367e2c45ebd8b7ba96fcb6006bf6,"(d)
Assistance with Proceedings:
You further agree at Company’s request to assist in drafting of any description or specification of the Proprietary Development as may be
required for any patent application and to assist with any opposition to, or intervention regarding, an application for any patent, copyright or
trademark","[""Intellectual Property""]","[""Additional Information"", ""Intellectual Property""]","[""Authorized Disclosure"", ""Intellectual Property""]","[""Intellectual Property""]",0.95,0.92,0.95,0.94,0.4444,DISAGREEMENT,"The clause explicitly discusses assistance with patent applications, copyrights, and trademarks, which are all forms of intellectual property. | The clause discusses assistance with patent applications and oppositions, which relates to intellectual p",llm_pseudo_label,0,0,0,0,0,0,0,0,0,0,1,0,0,0
586c367e2c45ebd8b7ba96fcb6006bf6_clause_039,586c367e2c45ebd8b7ba96fcb6006bf6,"C. Eugene Wright, III
Oct. 5, 2007
Page 5 of 7","[""Additional Information""]","[""Party Identification""]","[""Party Identification""]","[""Party Identification""]",0.95,0.95,0.95,0.95,0.3333,DISAGREEMENT,"This clause contains metadata about the document, such as author, date, and page number, which falls under additional information. | The clause appears to identify an individual, C. Eugene Wright, III, which suggests it is related to party identifica",llm_pseudo_label,1,0,0,0,0,0,0,0,0,0,0,0,0,0
586c367e2c45ebd8b7ba96fcb6006bf6_clause_040,586c367e2c45ebd8b7ba96fcb6006bf6,or other proceedings relating to any Proprietary Developments. Without limiting the foregoing you agree to execute:,"[""Intellectual Property""]","[""Authorized Disclosure"", ""Intellectual Property""]","[""Intellectual Property""]","[""Intellectual Property""]",0.95,0.92,0.95,0.94,0.6667,MEDIUM_CONFIDENCE,"The clause explicitly mentions 'Proprietary Developments,' which directly relates to intellectual property. | The clause mentions Proprietary Developments, indicating intellectual property, and execution of agreements, suggesting authorized disclosur",llm_pseudo_label,0,0,0,0,0,0,0,0,0,0,1,0,0,0
586c367e2c45ebd8b7ba96fcb6006bf6_clause_041,586c367e2c45ebd8b7ba96fcb6006bf6,"(i)
all instruments that Company may reasonably require to effect, protect, perfect, register, record or patent any Proprietary
Developments or Confidential Information, or related rights, or Company’s interest therein; and","[""Confidentiality Obligations"", ""Intellectual Property""]","[""Intellectual Property""]","[""Confidentiality Obligations"", ""Intellectual Property""]","[""Confidentiality Obligations"", ""Intellectual Property""]",0.95,0.95,0.95,0.95,0.6667,MEDIUM_CONFIDENCE,"This clause discusses the company's rights and requirements to protect proprietary developments and confidential information, directly relating to intellectual property and confidentiality obligations | The clause mentions patent and proprietary deve",llm_pseudo_label,0,0,0,0,1,0,0,0,0,0,1,0,0,0
586c367e2c45ebd8b7ba96fcb6006bf6_clause_042,586c367e2c45ebd8b7ba96fcb6006bf6,"(ii)
all papers that Company reasonably considers necessary or helpful in obtaining or maintaining such interests and rights during
the prosecution of applications thereon or during the conduct of any interference, litigation, opposition, or any other matter in
connection therewith;
provided that all expenses incident to such activities will `be borne by Company.
Your obligations under this Section will continue in perpetuity beyond any termination of your employment with Company, respecting any
Proprietary Developments created during your employment with Company, or any Proprietary Developments perfected or reduced to specific
form after termination of your employment with Company, if the conception of the Proprietary Development arose during the time of your
employment with Company. You agree that Company’s rights under this Section shall not be limited to the United States, but shall extend to
every country of the world.","[""Confidentiality Obligations"", ""Intellectual Property"", ""Term and Termination""]","[""Employees"", ""Intellectual Property"", ""Term and Termination""]","[""Intellectual Property"", ""Term and Termination""]","[""Intellectual Property"", ""Term and Termination""]",0.95,0.95,0.95,0.95,0.6111,MEDIUM_CONFIDENCE,"This clause details the company's rights regarding intellectual property, outlines the perpetual nature of confidentiality obligations even after employment termination, and specifies the global scope | The clause discusses the continuation of obliga",llm_pseudo_label,0,0,0,0,0,0,0,0,0,1,1,0,0,0
586c367e2c45ebd8b7ba96fcb6006bf6_clause_043,586c367e2c45ebd8b7ba96fcb6006bf6,"(e)
Inventions and Improvements:
You further agree to treat all information relating to any Proprietary Development as Confidential Information owned by Company and you
will disclose same only to your immediate superior or as he or she may direct.","[""Confidentiality Obligations"", ""Definition of Confidential Information"", ""Intellectual Property""]","[""Confidentiality Obligations"", ""Definition of Confidential Information"", ""Intellectual Property""]","[""Confidentiality Obligations"", ""Definition of Confidential Information""]","[""Confidentiality Obligations"", ""Definition of Confidential Information"", ""Intellectual Property""]",0.98,0.95,0.95,0.96,0.7778,MEDIUM_CONFIDENCE,"This clause defines 'Proprietary Development' as Confidential Information, outlines the obligation to treat it as such, and specifies disclosure restrictions, directly relating to intellectual propert | The clause defines Proprietary Development as C",llm_pseudo_label,0,0,0,1,1,0,0,0,0,0,1,0,0,0
586c367e2c45ebd8b7ba96fcb6006bf6_clause_044,586c367e2c45ebd8b7ba96fcb6006bf6,"(f)
Publicity and Publication:
Without the prior written consent of the Chief Scientific Officer or the Chief Executive Officer of Company you will not make or give any
public announcements or press releases or statements to the public or the press regarding any Proprietary Developments, Confidential
Information or other information concerning Companies’ Business. You also will not submit an abstract or publication for review or
publication until you have prior written approval to do so from the Chief Scientific Officer of Company.","[""Additional Information"", ""Confidentiality Obligations""]","[""Authorized Disclosure"", ""Confidentiality Obligations""]","[""Authorized Disclosure"", ""Confidentiality Obligations""]","[""Authorized Disclosure"", ""Confidentiality Obligations""]",0.95,0.95,0.95,0.95,0.5556,MEDIUM_CONFIDENCE,"This clause explicitly restricts the recipient from making public announcements or publications about confidential information, directly addressing confidentiality obligations and providing additional | The clause restricts the disclosure of confiden",llm_pseudo_label,0,0,0,0,1,1,0,0,0,0,0,0,0,0
586c367e2c45ebd8b7ba96fcb6006bf6_clause_045,586c367e2c45ebd8b7ba96fcb6006bf6,"4.
MISCELLANEOUS:","[""Additional Information""]","[""Additional Information""]","[""Additional Information""]","[""Additional Information""]",0.9,0.8,0.95,0.8833,1.0,HIGH_CONFIDENCE,"This clause is a heading for a 'Miscellaneous' section, which typically contains various general provisions not fitting into other specific categories. | The clause is titled 'MISCELLANEOUS', which typically includes additional information or provisi",llm_pseudo_label,0,0,0,0,0,0,0,0,0,0,0,0,0,1
586c367e2c45ebd8b7ba96fcb6006bf6_clause_046,586c367e2c45ebd8b7ba96fcb6006bf6,"(a)
Governing Law:
This Agreement shall be governed by and interpreted in accordance with the laws of the Commonwealth of Pennsylvania.","[""Governing Law and Jurisdiction""]","[""Governing Law and Jurisdiction""]","[""Governing Law and Jurisdiction""]","[""Governing Law and Jurisdiction""]",0.98,0.99,0.95,0.9733,1.0,HIGH_CONFIDENCE,"The clause explicitly states the governing law for the agreement, which directly falls under the 'Governing Law and Jurisdiction' category. | The clause explicitly states that the agreement shall be governed by the laws of the Commonwealth of Pennsyl",llm_pseudo_label,0,0,0,0,0,0,0,0,0,0,0,0,1,0
586c367e2c45ebd8b7ba96fcb6006bf6_clause_047,586c367e2c45ebd8b7ba96fcb6006bf6,"(b)
Equitable Remedies:
You acknowledge and agree that the restrictions contained in this Agreement, in view of the nature of the business in which the Companies are
engaged, are reasonable and necessary in order to protect the legitimate interests of the Companies, and that any violation or threatened
violation thereof would result in irreparable injury to the Companies. You therefore agree that:","[""Liability for Damages""]","[""Confidentiality Obligations"", ""Liability for Damages""]","[""Liability for Damages""]","[""Liability for Damages""]",0.95,0.92,0.95,0.94,0.6667,MEDIUM_CONFIDENCE,"This clause discusses the consequences of a breach, specifically irreparable injury and the agreement to equitable remedies, which falls under liability for damages. | The clause discusses the necessity of restrictions to protect the Companies' inter",llm_pseudo_label,0,0,0,0,0,0,0,1,0,0,0,0,0,0
586c367e2c45ebd8b7ba96fcb6006bf6_clause_048,586c367e2c45ebd8b7ba96fcb6006bf6,"(i)
in the event of your violation or threatened violation of any of these restrictions, the Companies shall be entitled to obtain from
any court of competent jurisdiction preliminary and permanent injunctive relief, or an appropriate decree of specific performance,
without proof of actual loss or the need to post any bonds. You further","[""Liability for Damages""]","[""Confidentiality Obligations"", ""Liability for Damages""]","[""Governing Law and Jurisdiction"", ""Liability for Damages""]","[""Liability for Damages""]",0.98,0.92,0.95,0.95,0.4444,DISAGREEMENT,"This clause specifies the remedies available to the Companies in case of a violation, which directly relates to liability for damages. | The clause discusses the consequences of violating confidentiality restrictions, including entitlement to injunct",llm_pseudo_label,0,0,0,0,0,0,0,1,0,0,0,0,0,0
586c367e2c45ebd8b7ba96fcb6006bf6_clause_049,586c367e2c45ebd8b7ba96fcb6006bf6,"C. Eugene Wright, III
Oct. 5, 2007
Page 6 of 7","[""Additional Information""]","[""Party Identification""]","[""Party Identification""]","[""Party Identification""]",0.9,0.95,0.95,0.9333,0.3333,DISAGREEMENT,"This clause contains metadata like a name, date, and page number, which falls under additional information rather than a specific legal obligation. | The clause appears to identify an individual, C. Eugene Wright, III, which suggests it belongs to th",llm_pseudo_label,1,0,0,0,0,0,0,0,0,0,0,0,0,0
586c367e2c45ebd8b7ba96fcb6006bf6_clause_050,586c367e2c45ebd8b7ba96fcb6006bf6,"agree that Companies shall be entitled to any and all other damages available at law and in equity, and an equitable accounting of
all earnings, profits and other benefits arising from such violation, which rights shall be cumulative and in addition to any other
rights or remedies to which the Companies may be entitled.","[""Liability for Damages""]","[""Liability for Damages""]","[""Liability for Damages""]","[""Liability for Damages""]",0.98,0.95,0.95,0.96,1.0,HIGH_CONFIDENCE,"The clause explicitly discusses the types of damages and remedies available to the companies in case of a violation, directly addressing liability. | The clause discusses entitlement to damages and other remedies for violation, which directly relates",llm_pseudo_label,0,0,0,0,0,0,0,1,0,0,0,0,0,0
586c367e2c45ebd8b7ba96fcb6006bf6_clause_051,586c367e2c45ebd8b7ba96fcb6006bf6,"(ii)
You shall indemnify and hold harmless the Companies and their officers, directors, and employees from and against any and all
liabilities, losses, costs and expenses (including but not limited to, reasonable attorneys’ fees), damages and injuries resulting
from, or in connection with, any material breach of any provision of this Agreement by you.","[""Liability for Damages""]","[""Liability for Damages""]","[""Liability for Damages""]","[""Liability for Damages""]",0.98,0.95,0.95,0.96,1.0,HIGH_CONFIDENCE,"This clause explicitly outlines the indemnification obligations and liabilities for breaches of the agreement, directly addressing damages. | This clause requires indemnification for liabilities and damages resulting from a material breach of the agr",llm_pseudo_label,0,0,0,0,0,0,0,1,0,0,0,0,0,0
586c367e2c45ebd8b7ba96fcb6006bf6_clause_052,586c367e2c45ebd8b7ba96fcb6006bf6,"(c)
Amendments:
No amendment, modification, supplement or other purported alteration of this Agreement shall be binding unless it is in writing and signed by
you and by Companies.","[""Additional Information""]","[""Term and Termination""]","[""Additional Information""]","[""Additional Information""]",0.95,0.9,0.95,0.9333,0.3333,DISAGREEMENT,"This clause specifies the requirements for amending the agreement, which falls under general contractual provisions not specific to confidentiality. | The clause discusses amendments to the agreement, which relates to the terms and conditions of the ",llm_pseudo_label,0,0,0,0,0,0,0,0,0,0,0,0,0,1
586c367e2c45ebd8b7ba96fcb6006bf6_clause_053,586c367e2c45ebd8b7ba96fcb6006bf6,"(d)
Binding Nature of Agreement:
You agree that this Agreement is binding on your personal representatives. You also agree that the covenants and provisions contained in this
Agreement shall survive and continue to bind you following the termination of your employment with Company regardless of how your
employment is terminated.","[""Employees"", ""Term and Termination""]","[""Employees"", ""Term and Termination""]","[""Employees"", ""Term and Termination""]","[""Employees"", ""Term and Termination""]",0.95,0.95,0.95,0.95,1.0,HIGH_CONFIDENCE,"The clause discusses the binding nature of the agreement on personal representatives and its survival post-employment termination, directly relating to employees and the agreement's term. | The clause discusses the survival of covenants after employm",llm_pseudo_label,0,0,0,0,0,0,0,0,0,1,0,1,0,0
586c367e2c45ebd8b7ba96fcb6006bf6_clause_054,586c367e2c45ebd8b7ba96fcb6006bf6,"(e)
Independent Legal Advice:
As this is an important agreement for you and for Companies containing significant undertakings by you, Companies urge you to seek
independent legal advice regarding this Agreement prior to signing.","[""Additional Information""]","[""Additional Information""]","[""Additional Information""]","[""Additional Information""]",0.95,0.95,0.95,0.95,1.0,HIGH_CONFIDENCE,"This clause provides a recommendation for the recipient to seek independent legal advice, which falls under general additional information rather than a core NDA obligation. | The clause advises seeking independent legal advice, which provides supple",llm_pseudo_label,0,0,0,0,0,0,0,0,0,0,0,0,0,1
586c367e2c45ebd8b7ba96fcb6006bf6_clause_055,586c367e2c45ebd8b7ba96fcb6006bf6,"(f)
Severability:
If any part or Section of this Agreement is determined by a Court of competent jurisdiction to be void or unenforceable in whole or in part,
then such void or unenforceable part or Section shall be severed, and shall not affect or impair the enforceability or validity of the balance of
the Section or any other part of this Agreement.","[""Additional Information""]","[""Governing Law and Jurisdiction""]","[""Additional Information""]","[""Additional Information""]",0.95,0.95,0.95,0.95,0.3333,DISAGREEMENT,"This clause addresses the severability of the agreement, which is a standard contractual provision not directly related to the core NDA categories but falls under general additional information. | The clause discusses the role of a court in determini",llm_pseudo_label,0,0,0,0,0,0,0,0,0,0,0,0,0,1
586c367e2c45ebd8b7ba96fcb6006bf6_clause_056,586c367e2c45ebd8b7ba96fcb6006bf6,"(g)
No Waiver:
No waiver, delay, indulgence, or failure to act by Companies regarding any particular default or omission by you shall affect or impair any of
Companies’ rights or remedies regarding that or any subsequent default or omission that is not expressly waived in writing.","[""Additional Information""]","[""Liability for Damages"", ""Term and Termination""]","[""Additional Information""]","[""Additional Information""]",0.95,0.92,0.95,0.94,0.3333,DISAGREEMENT,"This clause addresses the non-waiver of rights by the Companies, which is a standard miscellaneous provision not fitting into other specific NDA categories. | This clause discusses the implications of non-action by one party on their rights and remed",llm_pseudo_label,0,0,0,0,0,0,0,0,0,0,0,0,0,1
586c367e2c45ebd8b7ba96fcb6006bf6_clause_057,586c367e2c45ebd8b7ba96fcb6006bf6,"(h)
No Other Obligations:
You represent, except as you have disclosed to Companies in writing on the date hereof, that you have no agreements with or obligations to
others with respect to the matters covered by this Agreement or concerning the Confidential Information that are in conflict with anything in
this Agreement.","[""Additional Information"", ""Confidentiality Obligations""]","[""Confidentiality Obligations"", ""Party Identification""]","[""Confidentiality Obligations"", ""Non-Confidential Information""]","[""Confidentiality Obligations""]",0.9,0.92,0.95,0.9233,0.3333,DISAGREEMENT,"This clause outlines the disclosing party's representation that they have no conflicting obligations regarding the confidential information, which relates to confidentiality obligations and provides a | The clause requires a party to disclose existin",llm_pseudo_label,0,0,0,0,1,0,0,0,0,0,0,0,0,0
586c367e2c45ebd8b7ba96fcb6006bf6_clause_058,586c367e2c45ebd8b7ba96fcb6006bf6,"C. Eugene Wright, III
Oct. 5, 2007
Page 7 of 7","[""Additional Information""]","[""Party Identification""]","[""Additional Information"", ""Party Identification""]","[""Additional Information"", ""Party Identification""]",0.95,0.95,0.95,0.95,0.3333,DISAGREEMENT,"This clause contains metadata about the document, such as author, date, and page number, which falls under additional information. | The clause appears to identify an individual, C. Eugene Wright, III, which suggests it is related to party identifica",llm_pseudo_label,1,0,0,0,0,0,0,0,0,0,0,0,0,1
586c367e2c45ebd8b7ba96fcb6006bf6_clause_059,586c367e2c45ebd8b7ba96fcb6006bf6,"NEUROMED PHARMACEUTICALS INC.
By: /s/ Christopher C. Gallen, MD, PhD","[""Party Identification""]","[""Party Identification""]","[""Party Identification""]","[""Party Identification""]",0.98,0.99,0.95,0.9733,1.0,HIGH_CONFIDENCE,"This clause identifies one of the parties involved in the agreement by name and signature. | The clause identifies a party to the agreement, specifically NEUROMED PHARMACEUTICALS INC. and its representative. | The clause identifies a party to the agr",llm_pseudo_label,1,0,0,0,0,0,0,0,0,0,0,0,0,0
586c367e2c45ebd8b7ba96fcb6006bf6_clause_060,586c367e2c45ebd8b7ba96fcb6006bf6,"Christopher C. Gallen, MD, PhD
President & CEO
NEUROMED PHARMACEUTICALS LTD.
By: /s/ Christopher C. Gallen, MD, PhD","[""Party Identification""]","[""Party Identification""]","[""Party Identification""]","[""Party Identification""]",0.95,0.99,0.95,0.9633,1.0,HIGH_CONFIDENCE,"This clause identifies a party involved in the agreement, including their name, title, and company, which directly falls under Party Identification. | The clause identifies a specific individual and their title, indicating a party to the agreement. |",llm_pseudo_label,1,0,0,0,0,0,0,0,0,0,0,0,0,0
586c367e2c45ebd8b7ba96fcb6006bf6_clause_061,586c367e2c45ebd8b7ba96fcb6006bf6,"Christopher C. Gallen, MD, PhD
President & CEO
ACCEPTED AND AGREED TO THIS 11 DAY OF October, 2007. BY MY SIGNATURE BELOW, I AFFIRM THAT I HAVE READ AND
UNDERSTAND THE TERMS AND CONDITIONS SET OUT IN THIS AGREEMENT, AND AGREE TO BE BOUND BY THEM.","[""Party Identification""]","[""Party Identification""]","[""Additional Information"", ""Party Identification""]","[""Party Identification""]",0.95,0.95,0.95,0.95,0.6667,MEDIUM_CONFIDENCE,"This clause identifies a party involved in the agreement and includes a signature block for acceptance. | The clause identifies a specific individual, Christopher C. Gallen, MD, PhD, as the President & CEO, indicating party identification. | The clau",llm_pseudo_label,1,0,0,0,0,0,0,0,0,0,0,0,0,0
586c367e2c45ebd8b7ba96fcb6006bf6_clause_062,586c367e2c45ebd8b7ba96fcb6006bf6,"/s/ C. Eugene Wright, III
C. Eugene Wright, III
th","[""Additional Information""]","[""Party Identification""]","[""Party Identification""]","[""Party Identification""]",0.9,0.99,0.95,0.9467,0.3333,DISAGREEMENT,"This clause appears to be a signature block, which falls under additional information rather than a specific legal obligation or definition. | The clause appears to contain a signature and name of an individual, indicating party identification. | The",llm_pseudo_label,1,0,0,0,0,0,0,0,0,0,0,0,0,0
64303e5aa502b04df2755968eecdc2f5_clause_000,64303e5aa502b04df2755968eecdc2f5,EXHIBIT B,"[""Additional Information""]",[],[],"[""Additional Information""]",0.95,0.0,0.0,0.95,1.0,HIGH_CONFIDENCE,[openrouter] [2/3 models failed] The clause text consists solely of an exhibit header without substantive legal terms or specific provisions. | Model slot unavailable (Quota/Error stopped: None) | Model slot unavailable (Quota/Error stopped: None),llm_pseudo_label,0,0,0,0,0,0,0,0,0,0,0,0,0,1
64303e5aa502b04df2755968eecdc2f5_clause_001,64303e5aa502b04df2755968eecdc2f5,NON-DISCLOSURE AGREEMENT,"[""NDA Type""]",[],[],"[""NDA Type""]",0.85,0.0,0.0,0.85,1.0,HIGH_CONFIDENCE,"[openrouter] [2/3 models failed] The clause consists of the title of the agreement, identifying the document as a Non-Disclosure Agreement. | Model slot unavailable (Quota/Error stopped: None) | Model slot unavailable (Quota/Error stopped: None)",llm_pseudo_label,0,0,1,0,0,0,0,0,0,0,0,0,0,0
64303e5aa502b04df2755968eecdc2f5_clause_002,64303e5aa502b04df2755968eecdc2f5,"THIS NON-DISCLOSURE AGREEMENT (this “Agreement”), is made and entered into as of the date on which it is fully executed,
as indicated by signatures below, by and among Naugatuck Valley Financial Corporation (the “Company”), the Stilwell Group (composed of
Stilwell Value Partners II, L.P., Stilwell Value Partners VII, L.P., Stilwell Partners, L.P., Stilwell Value LLC, Stilwell Activist Fund, L.P., Stilwell
Activist Investments, L.P., and Joseph Stilwell, an individual, and their employees and representatives), and ______________, a director whose
name was placed in nomination by the Stilwell Group (“Director”).","[""Party Identification"", ""NDA Type""]",[],[],"[""Party Identification"", ""NDA Type""]",0.98,0.0,0.0,0.98,1.0,HIGH_CONFIDENCE,[openrouter] [2/3 models failed] The clause explicitly identifies the type of agreement as a Non-Disclosure Agreement and specifies the contracting parties involved. | Model slot unavailable (Quota/Error stopped: None) | Model slot unavailable (Quota,llm_pseudo_label,1,0,1,0,0,0,0,0,0,0,0,0,0,0
64303e5aa502b04df2755968eecdc2f5_clause_003,64303e5aa502b04df2755968eecdc2f5,"WHEREAS, the Director is a member of the Board of Directors of the Company and its wholly owned subsidiary, Naugatuck Valley
Savings and Loan (the “Bank”);","[""Party Identification""]",[],[],"[""Party Identification""]",0.95,0.0,0.0,0.95,1.0,HIGH_CONFIDENCE,[openrouter] [2/3 models failed] The clause identifies the parties involved and defines their roles and organizational relationship. | Model slot unavailable (Quota/Error stopped: None) | Model slot unavailable (Quota/Error stopped: None),llm_pseudo_label,1,0,0,0,0,0,0,0,0,0,0,0,0,0
64303e5aa502b04df2755968eecdc2f5_clause_004,64303e5aa502b04df2755968eecdc2f5,"WHEREAS, the Company, the Stilwell Group and the Director have agreed that it is in their mutual interests to enter into this
Agreement as hereinafter described.","[""Party Identification"", ""Purpose""]",[],[],"[""Party Identification"", ""Purpose""]",0.9,0.0,0.0,0.9,1.0,HIGH_CONFIDENCE,[openrouter] [2/3 models failed] The clause identifies the participating entities and states their mutual interest in entering into the agreement. | Model slot unavailable (Quota/Error stopped: None) | Model slot unavailable (Quota/Error stopped: Non,llm_pseudo_label,1,1,0,0,0,0,0,0,0,0,0,0,0,0
64303e5aa502b04df2755968eecdc2f5_clause_005,64303e5aa502b04df2755968eecdc2f5,"NOW THEREFORE, for good and valuable consideration, and intending to be legally bound hereby, the parties hereto mutually agree
as follows:","[""Additional Information""]",[],[],"[""Additional Information""]",0.98,0.0,0.0,0.98,1.0,HIGH_CONFIDENCE,"[openrouter] [2/3 models failed] This clause is a standard introductory statement of consideration and agreement transition, which does not fall under any specific NDA category. | Model slot unavailable (Quota/Error stopped: None) | Model slot unavai",llm_pseudo_label,0,0,0,0,0,0,0,0,0,0,0,0,0,1
64303e5aa502b04df2755968eecdc2f5_clause_006,64303e5aa502b04df2755968eecdc2f5,"1. In connection with the Director serving on the Boards of Directors of the Company and the Bank, the Director and other Company
employees, directors, and agents may divulge nonpublic information concerning the Company and its subsidiaries to the Stilwell Group and such
information may be shared among the Stilwell Group's employees and agents who have a need to know such information. The Stilwell Group
expressly agrees to maintain all nonpublic information concerning the Company and its subsidiaries in confidence. The Stilwell Group expressly
acknowledges that federal and state securities laws may prohibit a person from purchasing or selling securities of a company, or from
communicating such information to any other person under circumstances in which it is reasonably foreseeable that such other person is likely to
purchase or sell such securities, while the first-mentioned person is in possession of material nonpublic information about such company. The
Stilwell Group agrees to comply with the Company's insider trading policies and procedures, as in effect from time to time, to the same extent as
if it were a director of the Company. To the extent the nonpublic information concerning the Company and its subsidiaries received by the
Stilwell Group is material, this Agreement is intended to satisfy the confidentiality agreement exclusion of Regulation FD of the U.S. Securities
and Exchange Commission (the “SEC”) set forth in Rule 100(b)(2)(ii) of Regulation FD of the SEC.","[""Purpose"", ""Confidentiality Obligations"", ""Authorized Disclosure""]",[],[],"[""Purpose"", ""Authorized Disclosure"", ""Confidentiality Obligations""]",0.95,0.0,0.0,0.95,1.0,HIGH_CONFIDENCE,"[openrouter] [2/3 models failed] The clause outlines the purpose of sharing information (board service), establishes obligations to keep nonpublic information confidential, and defines permitted disclosures to employees and agents on | Model slot una",llm_pseudo_label,0,1,0,0,1,1,0,0,0,0,0,0,0,0
64303e5aa502b04df2755968eecdc2f5_clause_007,64303e5aa502b04df2755968eecdc2f5,"2. Each of the Stilwell Group and the Director represents and warrants to the Company that this Agreement has been duly and validly
authorized (in the case of the entity members of the Stilwell Group), executed and delivered by them, and is a valid and binding agreement
enforceable against them in accordance with its terms.","[""Additional Information""]",[],[],"[""Additional Information""]",0.95,0.0,0.0,0.95,1.0,HIGH_CONFIDENCE,"[openrouter] [2/3 models failed] The clause addresses representations and warranties concerning authorization, execution, and legal enforceability of the agreement, which does not fall under categories 1 through 13. | Model slot unavailable (Quota/Er",llm_pseudo_label,0,0,0,0,0,0,0,0,0,0,0,0,0,1
64303e5aa502b04df2755968eecdc2f5_clause_008,64303e5aa502b04df2755968eecdc2f5,"3. The Director hereby further confirms to the Company that no event has occurred with respect to the Director that would require
disclosure in a document filed by the Company with the SEC pursuant to the Securities Act of 1933, as amended, or the Securities Exchange Act
of 1934, as amended, under Item 401(f) or Item 404(a) of SEC Regulation S-K.","[""Additional Information""]",[],[],"[""Additional Information""]",0.95,0.0,0.0,0.95,1.0,HIGH_CONFIDENCE,"[openrouter] [2/3 models failed] The clause pertains to regulatory SEC disclosure obligations concerning the Director, which does not fit into any of the standard NDA categories. | Model slot unavailable (Quota/Error stopped: None) | Model slot unava",llm_pseudo_label,0,0,0,0,0,0,0,0,0,0,0,0,0,1
64303e5aa502b04df2755968eecdc2f5_clause_009,64303e5aa502b04df2755968eecdc2f5,"4. The Stilwell Group acknowledges that with regard to its obligations to maintain the confidentiality of nonpublic information of the
Company and its subsidiaries, monetary damages may not be a sufficient remedy for any breach or threatened breach of this Agreement and that,
in addition to all other remedies, the Company may be entitled to seek specific performance and injunctive or other equitable relief as a remedy
for such breach, and agrees that in conjunction therewith the Company shall not be required to post any bond.","[""Liability for Damages""]",[],[],"[""Liability for Damages""]",0.95,0.0,0.0,0.95,1.0,HIGH_CONFIDENCE,"[openrouter] [2/3 models failed] The clause addresses remedies for breach of confidentiality obligations, specifically noting that monetary damages may be inadequate and allowing for equitable relief such as injunctions. | Model slot unavailable (Quo",llm_pseudo_label,0,0,0,0,0,0,0,1,0,0,0,0,0,0
64303e5aa502b04df2755968eecdc2f5_clause_010,64303e5aa502b04df2755968eecdc2f5,"5. This Agreement constitutes the entire agreement between the parties hereto pertaining to the subject matter hereof and supersedes all
prior and contemporaneous agreements, understandings, negotiations and discussions of the parties in connection therewith not referred to
herein.","[""Additional Information""]",[],[],"[""Additional Information""]",0.98,0.0,0.0,0.98,1.0,HIGH_CONFIDENCE,"[openrouter] [2/3 models failed] This clause is an integration/entire agreement provision, which is general boilerplate and does not fall under any of the specific standard categories. | Model slot unavailable (Quota/Error stopped: None) | Model slot",llm_pseudo_label,0,0,0,0,0,0,0,0,0,0,0,0,0,1
64303e5aa502b04df2755968eecdc2f5_clause_011,64303e5aa502b04df2755968eecdc2f5,"6. This Agreement shall be governed by, and construed in accordance with, the laws of the State of Connecticut, without regard to
choice of law principles that may otherwise compel the application of the laws of any other jurisdiction. Each of the parties hereby irrevocably
consents to the exclusive jurisdiction of the state and federal courts sitting in the State of Connecticut to resolve any dispute arising from this
Agreement and waives any defense of inconvenient or improper forum.","[""Governing Law and Jurisdiction""]",[],[],"[""Governing Law and Jurisdiction""]",0.99,0.0,0.0,0.99,1.0,HIGH_CONFIDENCE,[openrouter] [2/3 models failed] The clause explicitly specifies the governing law of the agreement (State of Connecticut) and sets the exclusive court jurisdiction for legal disputes. | Model slot unavailable (Quota/Error stopped: None) | Model slot,llm_pseudo_label,0,0,0,0,0,0,0,0,0,0,0,0,1,0
64303e5aa502b04df2755968eecdc2f5_clause_012,64303e5aa502b04df2755968eecdc2f5,"7. The terms and provisions of this Agreement shall be deemed severable and, in the event any term or provision hereof or portion
thereof is deemed or held to be invalid, illegal or unenforceable, such provision shall be conformed to prevailing law rather than voided, if
possible, in order to achieve the intent of the parties, and, in any event, the remaining terms and provisions of this Agreement shall nevertheless
continue and be deemed to be in full force and effect and binding upon the parties.","[""Additional Information""]",[],[],"[""Additional Information""]",0.95,0.0,0.0,0.95,1.0,HIGH_CONFIDENCE,"[openrouter] [2/3 models failed] This clause covers severability of invalid or unenforceable provisions, which falls under general boilerplate contract terms. | Model slot unavailable (Quota/Error stopped: None) | Model slot unavailable (Quota/Error ",llm_pseudo_label,0,0,0,0,0,0,0,0,0,0,0,0,0,1
64303e5aa502b04df2755968eecdc2f5_clause_013,64303e5aa502b04df2755968eecdc2f5,"8. All representations, warranties, covenants and agreements made herein shall survive the execution and delivery of this Agreement.","[""Term and Termination"", ""Additional Information""]",[],[],"[""Additional Information"", ""Term and Termination""]",0.9,0.0,0.0,0.9,1.0,HIGH_CONFIDENCE,"[openrouter] [2/3 models failed] This clause specifies the survival of representations, warranties, covenants, and agreements post-execution, which relates to the duration/survival of legal obligations and general contractual terms. | Model slot unav",llm_pseudo_label,0,0,0,0,0,0,0,0,0,1,0,0,0,1
64303e5aa502b04df2755968eecdc2f5_clause_014,64303e5aa502b04df2755968eecdc2f5,"9. This Agreement may not be modified, amended, altered or supplemented except upon the execution and delivery of a written
agreement executed by all of the parties hereto.","[""Additional Information""]",[],[],"[""Additional Information""]",0.98,0.0,0.0,0.98,1.0,HIGH_CONFIDENCE,"[openrouter] [2/3 models failed] This clause specifies boilerplate rules regarding amendments and modifications to the agreement, fitting under Additional Information. | Model slot unavailable (Quota/Error stopped: None) | Model slot unavailable (Quo",llm_pseudo_label,0,0,0,0,0,0,0,0,0,0,0,0,0,1
64303e5aa502b04df2755968eecdc2f5_clause_015,64303e5aa502b04df2755968eecdc2f5,"10. This Agreement may be executed in counterparts, each of which shall be an original, but all of which together shall constitute one
and the same agreement.","[""Additional Information""]",[],[],"[""Additional Information""]",0.98,0.0,0.0,0.98,1.0,HIGH_CONFIDENCE,"[openrouter] [2/3 models failed] The clause addresses execution of the agreement in counterparts, which is a standard miscellaneous/boilerplate provision. | Model slot unavailable (Quota/Error stopped: None) | Model slot unavailable (Quota/Error stop",llm_pseudo_label,0,0,0,0,0,0,0,0,0,0,0,0,0,1
64303e5aa502b04df2755968eecdc2f5_clause_016,64303e5aa502b04df2755968eecdc2f5,"14

IN WITNESS WHEREOF, this Agreement has been duly executed and delivered by duly authorized officers of the undersigned as of
the day and year first above written.","[""Additional Information""]",[],[],"[""Additional Information""]",0.95,0.0,0.0,0.95,1.0,HIGH_CONFIDENCE,[openrouter] [2/3 models failed] This clause is a standard signature boilerplate ('In Witness Whereof') indicating execution and does not fall under any specific category. | Model slot unavailable (Quota/Error stopped: None) | Model slot unavailable ,llm_pseudo_label,0,0,0,0,0,0,0,0,0,0,0,0,0,1
64303e5aa502b04df2755968eecdc2f5_clause_017,64303e5aa502b04df2755968eecdc2f5,THE STILWELL GROUP,"[""Party Identification""]",[],[],"[""Party Identification""]",0.95,0.0,0.0,0.95,1.0,HIGH_CONFIDENCE,[openrouter] [2/3 models failed] The clause text identifies an entity that is a party to the agreement. | Model slot unavailable (Quota/Error stopped: None) | Model slot unavailable (Quota/Error stopped: None),llm_pseudo_label,1,0,0,0,0,0,0,0,0,0,0,0,0,0
64303e5aa502b04df2755968eecdc2f5_clause_018,64303e5aa502b04df2755968eecdc2f5,NAUGATUCK VALLEY FINANCIAL CORPORATION,"[""Party Identification""]",[],[],"[""Party Identification""]",0.98,0.0,0.0,0.98,1.0,HIGH_CONFIDENCE,"[openrouter] [2/3 models failed] The clause text explicitly names a corporate entity involved in the agreement, which falls under Party Identification. | Model slot unavailable (Quota/Error stopped: None) | Model slot unavailable (Quota/Error stopped",llm_pseudo_label,1,0,0,0,0,0,0,0,0,0,0,0,0,0
64303e5aa502b04df2755968eecdc2f5_clause_019,64303e5aa502b04df2755968eecdc2f5,_________________________,"[""Additional Information""]","[""Party Identification""]","[""Additional Information""]","[""Additional Information""]",0.95,0.95,0.95,0.95,0.3333,DISAGREEMENT,"This clause is a placeholder indicating missing information, which falls under additional information. | The clause is intended to identify the parties involved in the agreement. | The clause text is a placeholder and does not provide specific inform",llm_pseudo_label,0,0,0,0,0,0,0,0,0,0,0,0,0,1
64303e5aa502b04df2755968eecdc2f5_clause_020,64303e5aa502b04df2755968eecdc2f5,"_______________________________
By:
Date:
Joseph Stilwell
__________ __, 2014","[""Additional Information""]","[""Party Identification""]","[""Party Identification""]","[""Party Identification""]",0.9,0.95,0.95,0.9333,0.3333,DISAGREEMENT,"This clause contains signature lines and dates, which are administrative details not fitting into other specific NDA categories. | The clause appears to be a signature block containing the name of an individual, Joseph Stilwell, which is used to iden",llm_pseudo_label,1,0,0,0,0,0,0,0,0,0,0,0,0,0
64303e5aa502b04df2755968eecdc2f5_clause_021,64303e5aa502b04df2755968eecdc2f5,"By:

Date:
William C. Calderara, President and
Chief Executive Officer
___________ __, 2014
DIRECTOR
Date: ___________ __, 2014","[""Additional Information""]","[""Party Identification""]","[""Party Identification""]","[""Party Identification""]",0.95,0.99,0.95,0.9633,0.3333,DISAGREEMENT,"This clause contains signature blocks and dates, which are administrative details not fitting into other specific NDA categories. | The clause appears to be a signature block identifying the parties involved. | The clause identifies the parties and t",llm_pseudo_label,1,0,0,0,0,0,0,0,0,0,0,0,0,0
64303e5aa502b04df2755968eecdc2f5_clause_022,64303e5aa502b04df2755968eecdc2f5,15,"[""Additional Information""]","[""Party Identification""]","[""Additional Information""]","[""Additional Information""]",0.9,0.95,0.95,0.9333,0.3333,DISAGREEMENT,"The clause contains only a number, which does not fit into any specific legal category and is likely a section or clause number. | The clause text '15' appears to be a section or article identifier, which is often used to identify a specific party or",llm_pseudo_label,0,0,0,0,0,0,0,0,0,0,0,0,0,1
b82a10c42fc284dba9870ac7c75cd386_clause_000,b82a10c42fc284dba9870ac7c75cd386,"EX-10.29 4 cxw-ex1029_421.htm EX-10.29
 Exhibit 10.29
[CoreCivic Letterhead]","[""Additional Information""]",[],[],"[""Additional Information""]",0.95,0.0,0.0,0.95,1.0,HIGH_CONFIDENCE,"[openrouter] [2/3 models failed] The text contains document headers, exhibit references, and letterhead notation without substantive agreement terms. | Model slot unavailable (Quota/Error stopped: None) | Model slot unavailable (Quota/Error stopped: ",llm_pseudo_label,0,0,0,0,0,0,0,0,0,0,0,0,0,1
b82a10c42fc284dba9870ac7c75cd386_clause_001,b82a10c42fc284dba9870ac7c75cd386,"December 31, 2017

Harley G. Lappin
CoreCivic, Inc.
10 Burton Hills Boulevard
Nashville, TN 37215","[""Party Identification""]",[],[],"[""Party Identification""]",0.98,0.0,0.0,0.98,1.0,HIGH_CONFIDENCE,[openrouter] [2/3 models failed] The text provides contact information and identifies a participating party and representative for the agreement. | Model slot unavailable (Quota/Error stopped: None) | Model slot unavailable (Quota/Error stopped: None,llm_pseudo_label,1,0,0,0,0,0,0,0,0,0,0,0,0,0
b82a10c42fc284dba9870ac7c75cd386_clause_002,b82a10c42fc284dba9870ac7c75cd386,"Re:
Non-Competition, Non-Solicitation and Confidentiality and Non-Disclosure during your “at-will”
employment with CoreCivic of Tennessee, LLC (""Employer"")","[""Party Identification"", ""Competition Rights"", ""Employees""]",[],[],"[""Competition Rights"", ""Employees"", ""Party Identification""]",0.95,0.0,0.0,0.95,1.0,HIGH_CONFIDENCE,"[openrouter] [2/3 models failed] The clause identifies the employer party and explicitly references non-competition, non-solicitation, and employment terms. | Model slot unavailable (Quota/Error stopped: None) | Model slot unavailable (Quota/Error st",llm_pseudo_label,1,0,0,0,0,0,0,0,1,0,0,1,0,0
b82a10c42fc284dba9870ac7c75cd386_clause_003,b82a10c42fc284dba9870ac7c75cd386,"Mr. Lappin:

As we've discussed, you previously notified CoreCivic, Inc. (""CoreCivic"" and, collectively with Employer, the
""Company"") of your intention to retire from your position as Executive Vice President and Chief Corrections Officer effective
January 1, 2018. Your Employment Agreement with the Company expires effective December 31, 2017. However,
notwithstanding the expiration of your Employment Agreement, the Company desires that you continue your employment with
Employer as an ""at will"" employee on terms and conditions established from time to time by the Employer.","[""Party Identification"", ""Employees""]",[],[],"[""Employees"", ""Party Identification""]",0.95,0.0,0.0,0.95,1.0,HIGH_CONFIDENCE,"[openrouter] [2/3 models failed] The clause identifies the parties involved and details the employee's role, retirement status, and at-will employment transition. | Model slot unavailable (Quota/Error stopped: None) | Model slot unavailable (Quota/Er",llm_pseudo_label,1,0,0,0,0,0,0,0,0,0,0,1,0,0
b82a10c42fc284dba9870ac7c75cd386_clause_004,b82a10c42fc284dba9870ac7c75cd386,"This letter is to clarify and confirm that, in consideration of Employer continuing your employment on an ""at will” basis
with an annual salary of $175,000.00, which shall be payable in accordance with Employer’s normal payroll practices, you agree to
be bound by and to comply with the provisions regarding non-competition, non-solicitation and confidentiality and non-disclosure
set forth on Exhibit A accompanying this letter.","[""Confidentiality Obligations"", ""Competition Rights"", ""Employees""]",[],[],"[""Competition Rights"", ""Confidentiality Obligations"", ""Employees""]",0.95,0.0,0.0,0.95,1.0,HIGH_CONFIDENCE,"[openrouter] [2/3 models failed] The clause references agreement to non-competition, non-solicitation, and confidentiality obligations in consideration of continued employment terms. | Model slot unavailable (Quota/Error stopped: None) | Model slot u",llm_pseudo_label,0,0,0,0,1,0,0,0,1,0,0,1,0,0
b82a10c42fc284dba9870ac7c75cd386_clause_005,b82a10c42fc284dba9870ac7c75cd386,"Please confirm your acknowledgement of and agreement with the foregoing by reviewing and signing this letter in the
space provided below.","[""Additional Information""]",[],[],"[""Additional Information""]",0.95,0.0,0.0,0.95,1.0,HIGH_CONFIDENCE,[openrouter] [2/3 models failed] The clause is a standard administrative closing statement requesting signature and does not fit any specific substantive NDA category. | Model slot unavailable (Quota/Error stopped: None) | Model slot unavailable (Quo,llm_pseudo_label,0,0,0,0,0,0,0,0,0,0,0,0,0,1
b82a10c42fc284dba9870ac7c75cd386_clause_006,b82a10c42fc284dba9870ac7c75cd386,"Very truly yours,
CORECIVIC, INC.","[""Party Identification""]",[],[],"[""Party Identification""]",0.9,0.0,0.0,0.9,1.0,HIGH_CONFIDENCE,"[openrouter] [2/3 models failed] The text represents a closing signature block identifying CoreCivic, Inc. as a party to the agreement. | Model slot unavailable (Quota/Error stopped: None) | Model slot unavailable (Quota/Error stopped: None)",llm_pseudo_label,1,0,0,0,0,0,0,0,0,0,0,0,0,0
b82a10c42fc284dba9870ac7c75cd386_clause_007,b82a10c42fc284dba9870ac7c75cd386,By: /s/ Damon T. Hininger,"[""Party Identification""]",[],[],"[""Party Identification""]",0.85,0.0,0.0,0.85,1.0,HIGH_CONFIDENCE,[openrouter] [2/3 models failed] The clause is a signature line indicating the individual authorized to execute the agreement on behalf of a party. | Model slot unavailable (Quota/Error stopped: None) | Model slot unavailable (Quota/Error stopped: No,llm_pseudo_label,1,0,0,0,0,0,0,0,0,0,0,0,0,0
b82a10c42fc284dba9870ac7c75cd386_clause_008,b82a10c42fc284dba9870ac7c75cd386,"Damon T. Hininger
President and Chief Executive Officer","[""Party Identification""]",[],[],"[""Party Identification""]",0.95,0.0,0.0,0.95,1.0,HIGH_CONFIDENCE,[openrouter] [2/3 models failed] The clause identifies a party representative by name and corporate title. | Model slot unavailable (Quota/Error stopped: None) | Model slot unavailable (Quota/Error stopped: None),llm_pseudo_label,1,0,0,0,0,0,0,0,0,0,0,0,0,0
b82a10c42fc284dba9870ac7c75cd386_clause_009,b82a10c42fc284dba9870ac7c75cd386,"Confirmed and Agreed as
of the date written above:","[""Additional Information""]",[],[],"[""Additional Information""]",0.95,0.0,0.0,0.95,1.0,HIGH_CONFIDENCE,[openrouter] [2/3 models failed] This boilerplate introductory phrase for execution/signatures does not contain substantive text matching any specific legal obligations or definitions. | Model slot unavailable (Quota/Error stopped: None) | Model slot,llm_pseudo_label,0,0,0,0,0,0,0,0,0,0,0,0,0,1
b82a10c42fc284dba9870ac7c75cd386_clause_010,b82a10c42fc284dba9870ac7c75cd386,"/s/ Harley G. Lappin
Harley G. Lappin","[""Party Identification""]",[],[],"[""Party Identification""]",0.85,0.0,0.0,0.85,1.0,HIGH_CONFIDENCE,[openrouter] [2/3 models failed] The text contains a signature block identifying a party representative or signatory to the agreement. | Model slot unavailable (Quota/Error stopped: None) | Model slot unavailable (Quota/Error stopped: None),llm_pseudo_label,1,0,0,0,0,0,0,0,0,0,0,0,0,0
b82a10c42fc284dba9870ac7c75cd386_clause_011,b82a10c42fc284dba9870ac7c75cd386,Exhibit A,"[""Additional Information""]",[],[],"[""Additional Information""]",0.95,0.0,0.0,0.95,1.0,HIGH_CONFIDENCE,[openrouter] [2/3 models failed] The text 'Exhibit A' is an exhibit heading that does not contain specific substantive provisions matching other categories. | Model slot unavailable (Quota/Error stopped: None) | Model slot unavailable (Quota/Error st,llm_pseudo_label,0,0,0,0,0,0,0,0,0,0,0,0,0,1
b82a10c42fc284dba9870ac7c75cd386_clause_012,b82a10c42fc284dba9870ac7c75cd386,"Non-Competition, Non-Solicitation and Confidentiality and Non-Disclosure","[""Confidentiality Obligations"", ""Competition Rights"", ""Employees""]",[],[],"[""Competition Rights"", ""Confidentiality Obligations"", ""Employees""]",0.95,0.0,0.0,0.95,1.0,HIGH_CONFIDENCE,"[openrouter] [2/3 models failed] The clause title references obligations regarding non-competition, non-solicitation (employees), and confidentiality/non-disclosure. | Model slot unavailable (Quota/Error stopped: None) | Model slot unavailable (Quota",llm_pseudo_label,0,0,0,0,1,0,0,0,1,0,0,1,0,0
b82a10c42fc284dba9870ac7c75cd386_clause_013,b82a10c42fc284dba9870ac7c75cd386,"1.
Business Considerations. All confidential or proprietary information, including but not limited to, any programs, plans or
designs whether in hard copy or electronic format developed by, at the direction of, or with the assistance and/or collaboration of
Harley G. Lappin (""Employee"") during his employment with CoreCivic of Tennessee, LLC (together with its parent, subsidiaries
and affiliates, the ""Company""), contract terms, financial information, operating data, staffing patterns, wage levels, quality
assurance audit materials and techniques, customer lists, supplier lists, pricing policies, marketing plans, business plans or models,
marketing or lobbying information and all other information (the “Confidential & Proprietary Information”), and all other tangible
or intangible items or ideas making up the Confidential & Proprietary Information owned or developed by or related to the
Company, and the goodwill associated with them, which (i) is or was obtained or created by Employee in whole or in part as a result
of his employment with the Company, and (ii) is not generally available to the public, shall remain the sole and exclusive property
of the Company.","[""Party Identification"", ""Definition of Confidential Information"", ""Intellectual Property""]",[],[],"[""Intellectual Property"", ""Party Identification"", ""Definition of Confidential Information""]",0.95,0.0,0.0,0.95,1.0,HIGH_CONFIDENCE,"[openrouter] [2/3 models failed] The clause identifies the parties (Employee and Company), provides a detailed definition of Confidential & Proprietary Information, and specifies that all such information remains the sole property of | Model slot una",llm_pseudo_label,1,0,0,1,0,0,0,0,0,0,1,0,0,0
b82a10c42fc284dba9870ac7c75cd386_clause_014,b82a10c42fc284dba9870ac7c75cd386,"2.
Non-Competition, Non-Solicitation. Employee hereby covenants and agrees that during the term of Employee’s
employment with the Company and for a period of one (1) year thereafter, Employee shall not, directly or indirectly: (i) own any
interest in, operate, join, control or participate as a partner, director, principal, officer or agent of, enter into the employment of, act
as a consultant to, or perform any services for any entity (each a “Competing Entity”) which has material operations which compete
with any business in which the Company or any of its subsidiaries is then engaged or, to the then existing knowledge of Employee,
proposes to engage; (ii) solicit any customer or client of the Company or any of its subsidiaries, affiliates, (other than on behalf of
the Company) with respect to any business in which the Company or any of its subsidiaries or affiliates is then engaged or, to the
then existing knowledge of Employee, proposes to engage; or (iii) induce or encourage any employee of the Company or any of its
subsidiaries to leave the employ of the Company or any of its subsidiaries; provided, that Employee may, solely as an investment,
hold not more than five percent (5%) of the combined voting securities of any publicly-traded corporation or other business entity.
The foregoing covenants and agreements of Employee are referred to herein as the “Restrictive Covenant.” Employee
acknowledges that Employee has carefully read and considered the provisions of the Restrictive Covenant and, having done so,
agrees that the restrictions set forth herein , including without limitation the time period of restriction set forth above, are fair and
reasonable and are reasonably required for the protection of the legitimate business and economic interests of the Company.
Employee further acknowledges that the Company would not have continued Employee's employment with the Company on an ""at
will"" basis absent Employee’s agreement to the foregoing. In the event that, notwithstanding the foregoing, any of the provisions of
this Exhibit A or any parts hereof shall be held to be invalid or unenforceable, the remaining provisions or parts hereof shall
nevertheless continue to be valid and enforceable as though the invalid or unenforceable portions or parts had not been included
herein. In the event that any provision of this Exhibit A relating to the time period and/or the area of restriction, if any, and/or
related aspects shall be declared by a court of competent jurisdiction to exceed the maximum restrictiveness such court deems
reasonable and enforceable, the time period and/or area of restriction and/or related aspects deemed reasonable and enforceable by
such court shall become and thereafter be the maximum restrictions in such regard, and the provisions of the Restrictive Covenant
shall remain enforceable to the fullest extent deemed reasonable by such court.","[""Competition Rights"", ""Employees""]",[],[],"[""Competition Rights"", ""Employees""]",0.95,0.0,0.0,0.95,1.0,HIGH_CONFIDENCE,[openrouter] [2/3 models failed] The clause outlines non-competition and non-solicitation covenants restricting the employee during and after their employment. | Model slot unavailable (Quota/Error stopped: None) | Model slot unavailable (Quota/Error,llm_pseudo_label,0,0,0,0,0,0,0,0,1,0,0,1,0,0
b82a10c42fc284dba9870ac7c75cd386_clause_015,b82a10c42fc284dba9870ac7c75cd386,"3.
Confidentiality and Non-Disclosure. In consideration of the continuation of Employee's employment with the Company
on an ""at will"" basis, Employee agrees that during the term of employment with the Company and thereafter to hold in confidence
the Company's Confidential and Proprietary Information, whether communicated orally or in documentary or other tangible form.","[""Confidentiality Obligations"", ""Term and Termination"", ""Employees""]",[],[],"[""Term and Termination"", ""Confidentiality Obligations"", ""Employees""]",0.95,0.0,0.0,0.95,1.0,HIGH_CONFIDENCE,[openrouter] [2/3 models failed] The clause sets out the employee's obligation to maintain confidentiality both during and after the term of employment. | Model slot unavailable (Quota/Error stopped: None) | Model slot unavailable (Quota/Error stoppe,llm_pseudo_label,0,0,0,0,1,0,0,0,0,1,0,1,0,0
b82a10c42fc284dba9870ac7c75cd386_clause_016,b82a10c42fc284dba9870ac7c75cd386,"Employee recognizes that the Company has invested considerable amounts of time and money in attaining and developing all of the
information described above, and any unauthorized disclosure or release of such Confidential and Proprietary Information in any
form would irreparably harm the Company. Notwithstanding the foregoing, nothing in this Exhibit A limits rights of Employee to
file a charge or complaint with or from participating in an investigation or proceeding conducted by the Equal Employment
Opportunity Commission, National Labor Relations Board, Occupational Safety and Health Administration, the Securities and
Exchange Commission, or any other any federal, state or local agency charged with the enforcement of any laws, including
providing documents or any other information.","[""Authorized Disclosure"", ""Liability for Damages"", ""Employees""]",[],[],"[""Employees"", ""Liability for Damages"", ""Authorized Disclosure""]",0.95,0.0,0.0,0.95,1.0,HIGH_CONFIDENCE,[openrouter] [2/3 models failed] The clause notes that unauthorized disclosure causes irreparable harm to the company while explicitly authorizing disclosures to governmental and regulatory agencies by the employee. | Model slot unavailable (Quota/Er,llm_pseudo_label,0,0,0,0,0,1,0,1,0,0,0,1,0,0
b82a10c42fc284dba9870ac7c75cd386_clause_017,b82a10c42fc284dba9870ac7c75cd386,"4.
Equitable Relief. Employee agrees that it would be impossible to adequately compensate the Company and its
subsidiaries for the damage suffered by the Company or its subsidiaries as a result of Employee’s breach of any of the covenants
and obligations set forth in this Exhibit A. Accordingly, Employee agrees that if Employee breaches any such covenants and
obligations, the Company or its subsidiaries may, in addition to any other right or remedy available, obtain an injunction from a
court of competent jurisdiction restraining such breach or threatened breach and to specific performance of any such provision of
this Exhibit A. Employee further agrees that no bond or other security shall be required in obtaining such equitable relief and
Employee hereby consents to the issuance of such injunction and to the ordering of specific performance.","[""Liability for Damages"", ""Employees""]",[],[],"[""Employees"", ""Liability for Damages""]",0.95,0.0,0.0,0.95,1.0,HIGH_CONFIDENCE,"[openrouter] [2/3 models failed] The clause addresses remedies and equitable relief, such as injunctions and specific performance, available to the employer in the event of a breach by the employee. | Model slot unavailable (Quota/Error stopped: None",llm_pseudo_label,0,0,0,0,0,0,0,1,0,0,0,1,0,0
d4566b17b742d10442e98756b95a2730_clause_000,d4566b17b742d10442e98756b95a2730,"EX-99.6 7 dex996.htm MUTUAL NON-DISCLOSURE/CONFIDENTIALITY AGREEMENT
Exhibit 6","[""NDA Type""]",[],[],"[""NDA Type""]",0.95,0.0,0.0,0.95,1.0,HIGH_CONFIDENCE,"[openrouter] [2/3 models failed] The text contains the title of the agreement, which specifies that it is a mutual non-disclosure/confidentiality agreement. | Model slot unavailable (Quota/Error stopped: None) | Model slot unavailable (Quota/Error st",llm_pseudo_label,0,0,1,0,0,0,0,0,0,0,0,0,0,0
d4566b17b742d10442e98756b95a2730_clause_001,d4566b17b742d10442e98756b95a2730,MUTUAL NON-DISCLOSURE/CONFIDENTIALITY AGREEMENT,"[""NDA Type""]",[],[],"[""NDA Type""]",0.95,0.0,0.0,0.95,1.0,HIGH_CONFIDENCE,"[openrouter] [2/3 models failed] The clause text states the title of the contract, identifying it specifically as a mutual non-disclosure agreement. | Model slot unavailable (Quota/Error stopped: None) | Model slot unavailable (Quota/Error stopped: N",llm_pseudo_label,0,0,1,0,0,0,0,0,0,0,0,0,0,0
d4566b17b742d10442e98756b95a2730_clause_002,d4566b17b742d10442e98756b95a2730,"This Mutual Non-Disclosure/Confidentiality Agreement is entered into on 2 September, 2004, by and between nStor Corporation, Inc. (“nStor”), a
Delaware (USA) Corporation, and Xyratex Technology Limited, Langstone Technology Park, Langstone Road, Havant, Hampshire PO9 1SA a
company incorporated in England (‘Xyratex’) (collectively the ‘Parties’) for the purpose of sharing technical, business and financial information to
foster potential mutually beneficial business relationships.","[""Party Identification"", ""Purpose"", ""NDA Type""]",[],[],"[""NDA Type"", ""Party Identification"", ""Purpose""]",0.95,0.0,0.0,0.95,1.0,HIGH_CONFIDENCE,"[openrouter] [2/3 models failed] The clause identifies the contracting parties, states that it is a Mutual Non-Disclosure/Confidentiality Agreement, and defines the business purpose for sharing information. | Model slot unavailable (Quota/Error stopp",llm_pseudo_label,1,1,1,0,0,0,0,0,0,0,0,0,0,0
d4566b17b742d10442e98756b95a2730_clause_003,d4566b17b742d10442e98756b95a2730,"1. Confidential Information. Confidential Information does not need to be marked as such and is defined as any and all technical, business
financial and other information belonging to either party, including but not limited to products, descriptions, drawings, bills of material, assembly
drawings, compositions, business plans, financial information, trade secrets, know how, inventions, manufacturing techniques and processes,
marketing and sales processes and techniques, customer lists, price lists, suppliers, current and future product developments.","[""Definition of Confidential Information""]",[],[],"[""Definition of Confidential Information""]",0.98,0.0,0.0,0.98,1.0,HIGH_CONFIDENCE,[openrouter] [2/3 models failed] The clause explicitly defines what constitutes Confidential Information and specifies that it does not need to be marked as such. | Model slot unavailable (Quota/Error stopped: None) | Model slot unavailable (Quota/Er,llm_pseudo_label,0,0,0,1,0,0,0,0,0,0,0,0,0,0
d4566b17b742d10442e98756b95a2730_clause_004,d4566b17b742d10442e98756b95a2730,"Confidential Information shall not include information, technical data or knowledge which:","[""Non-Confidential Information""]",[],[],"[""Non-Confidential Information""]",0.95,0.0,0.0,0.95,1.0,HIGH_CONFIDENCE,[openrouter] [2/3 models failed] The text introduces the standard exclusions and exceptions to what is considered Confidential Information. | Model slot unavailable (Quota/Error stopped: None) | Model slot unavailable (Quota/Error stopped: None),llm_pseudo_label,0,0,0,0,0,0,1,0,0,0,0,0,0,0
d4566b17b742d10442e98756b95a2730_clause_005,d4566b17b742d10442e98756b95a2730,"a.
is already known to the Receiving Party;","[""Non-Confidential Information""]",[],[],"[""Non-Confidential Information""]",0.98,0.0,0.0,0.98,1.0,HIGH_CONFIDENCE,[openrouter] [2/3 models failed] The clause specifies a standard exception to confidential information for material that is already known to the Receiving Party. | Model slot unavailable (Quota/Error stopped: None) | Model slot unavailable (Quota/Err,llm_pseudo_label,0,0,0,0,0,0,1,0,0,0,0,0,0,0
d4566b17b742d10442e98756b95a2730_clause_006,d4566b17b742d10442e98756b95a2730,"b.
is or becomes publicly known through no wrongful act of the Receiving Party;","[""Non-Confidential Information""]",[],[],"[""Non-Confidential Information""]",0.98,0.0,0.0,0.98,1.0,HIGH_CONFIDENCE,[openrouter] [2/3 models failed] This clause specifies a standard exclusion from confidentiality for information that is or becomes publicly known without any wrongful act or breach by the receiving party. | Model slot unavailable (Quota/Error stoppe,llm_pseudo_label,0,0,0,0,0,0,1,0,0,0,0,0,0,0
d4566b17b742d10442e98756b95a2730_clause_007,d4566b17b742d10442e98756b95a2730,"c.
is rightfully received from a third party without restrictions and without breach of this Agreement;","[""Non-Confidential Information""]",[],[],"[""Non-Confidential Information""]",0.98,0.0,0.0,0.98,1.0,HIGH_CONFIDENCE,[openrouter] [2/3 models failed] This clause specifies a standard carve-out/exception to confidential information regarding information legitimately received from a third party. | Model slot unavailable (Quota/Error stopped: None) | Model slot unavai,llm_pseudo_label,0,0,0,0,0,0,1,0,0,0,0,0,0,0
d4566b17b742d10442e98756b95a2730_clause_008,d4566b17b742d10442e98756b95a2730,"d.
is independently developed by the Receiving Party;","[""Non-Confidential Information""]",[],[],"[""Non-Confidential Information""]",0.98,0.0,0.0,0.98,1.0,HIGH_CONFIDENCE,[openrouter] [2/3 models failed] This clause specifies an standard exception to confidentiality for information that is independently developed by the receiving party. | Model slot unavailable (Quota/Error stopped: None) | Model slot unavailable (Quo,llm_pseudo_label,0,0,0,0,0,0,1,0,0,0,0,0,0,0
d4566b17b742d10442e98756b95a2730_clause_009,d4566b17b742d10442e98756b95a2730,"e.
is approved for release by written authorization of the disclosing party; or","[""Authorized Disclosure""]",[],[],"[""Authorized Disclosure""]",0.95,0.0,0.0,0.95,1.0,HIGH_CONFIDENCE,[openrouter] [2/3 models failed] The clause defines a condition under which disclosure of information is permitted through the written authorization of the disclosing party. | Model slot unavailable (Quota/Error stopped: None) | Model slot unavailabl,llm_pseudo_label,0,0,0,0,0,1,0,0,0,0,0,0,0,0
d4566b17b742d10442e98756b95a2730_clause_010,d4566b17b742d10442e98756b95a2730,"f.
if orally disclosed by one party to the other and within thirty (30) days after the oral disclosure, the disclosing party does not so identify
it in writing as Confidential Information. Neither party will disclose to third parties or fail to treat as Confidential Information any
information received orally from the disclosing party unless the disclosing party fails for thirty (30) days after such disclosure to identify
the information disclosed as being confidential or proprietary.","[""Definition of Confidential Information"", ""Confidentiality Obligations"", ""Non-Confidential Information""]",[],[],"[""Definition of Confidential Information"", ""Confidentiality Obligations"", ""Non-Confidential Information""]",0.95,0.0,0.0,0.95,1.0,HIGH_CONFIDENCE,"[openrouter] [2/3 models failed] The clause outlines conditions for oral disclosures to qualify as Confidential Information, establishes non-disclosure obligations during the 30-day confirmation window, and excludes unconfirmed oral  | Model slot una",llm_pseudo_label,0,0,0,1,1,0,1,0,0,0,0,0,0,0
d4566b17b742d10442e98756b95a2730_clause_011,d4566b17b742d10442e98756b95a2730,"2. Term. This Agreement shall commence when executed and continue for a period of one (1) year. The Parties agree that from the date of first
receipt, and for a period of three (3) years following the last disclosure of Confidential Information, the party receiving the Confidential Information
(the “Receiving Party”) shall not disclose the Confidential Information to any other person, or entity, or use for its own benefit except as provided in
this Agreement and shall use the same degree of care to avoid publication or dissemination of such information as it does for its own confidential
information which it does not desire to have published or disseminated. These efforts shall specifically include document control measures, such as
numbered copies and sign out logs, and imposing on all employees, agents and other representatives of the Receiving Party restrictions at least as
strict as required by this Agreement.","[""Confidentiality Obligations"", ""Term and Termination"", ""Employees""]",[],[],"[""Confidentiality Obligations"", ""Employees"", ""Term and Termination""]",0.95,0.0,0.0,0.95,1.0,HIGH_CONFIDENCE,"[openrouter] [2/3 models failed] The clause defines the agreement's term and duration of confidentiality, sets non-disclosure and non-use obligations, and requires imposing these restrictions on employees and representatives. | Model slot unavailable",llm_pseudo_label,0,0,0,0,1,0,0,0,0,1,0,1,0,0
d4566b17b742d10442e98756b95a2730_clause_012,d4566b17b742d10442e98756b95a2730,"3. Marking. All information disclosed under this Agreement is deemed Confidential Information whether or not it is so marked. It is the intent of the
Parties to mark information as confidential and/or proprietary prior to release to the Receiving Party. However, such markings may be overlooked
and or disclosed verbally or visually and shall not diminish the value of its confidentiality.","[""Definition of Confidential Information""]",[],[],"[""Definition of Confidential Information""]",0.95,0.0,0.0,0.95,1.0,HIGH_CONFIDENCE,"[openrouter] [2/3 models failed] This clause defines what constitutes Confidential Information, clarifying that markings are not strictly required for information to be deemed confidential. | Model slot unavailable (Quota/Error stopped: None) | Model",llm_pseudo_label,0,0,0,1,0,0,0,0,0,0,0,0,0,0
d4566b17b742d10442e98756b95a2730_clause_013,d4566b17b742d10442e98756b95a2730,"4. Return of Confidential Information. All Confidential Information and any copies and extracts thereof shall be promptly returned to the
disclosing party or at any time within thirty (30) days of receipt of a written request by the disclosing party for the return of such Confidential
Information. If authorized by the disclosing party, such Confidential Information may be destroyed by the Receiving Party if such destruction is
certified by the Receiving Party to the satisfaction of the disclosing party.","[""Confidentiality Obligations""]",[],[],"[""Confidentiality Obligations""]",0.95,0.0,0.0,0.95,1.0,HIGH_CONFIDENCE,[openrouter] [2/3 models failed] The clause sets out the receiving party's obligations regarding the prompt return or certified destruction of Confidential Information. | Model slot unavailable (Quota/Error stopped: None) | Model slot unavailable (Qu,llm_pseudo_label,0,0,0,0,1,0,0,0,0,0,0,0,0,0
d4566b17b742d10442e98756b95a2730_clause_014,d4566b17b742d10442e98756b95a2730,"5. No License Granted. Nothing contained in this Agreement shall be construed as granting or conferring any rights by license, express, implied or
otherwise, for any information, discovery or improvements made, conceived, or acquired after the date of this Agreement, or for any invention,
discovery, or improvement made, conceived, or acquired after the date of this Agreement, or for any invention, discovery, or improvement made,
conceived or acquired prior to the date of this Agreement.","[""Intellectual Property""]",[],[],"[""Intellectual Property""]",0.98,0.0,0.0,0.98,1.0,HIGH_CONFIDENCE,[openrouter] [2/3 models failed] The clause explicitly stipulates that no license or intellectual property rights are granted or conferred by the agreement. | Model slot unavailable (Quota/Error stopped: None) | Model slot unavailable (Quota/Error st,llm_pseudo_label,0,0,0,0,0,0,0,0,0,0,1,0,0,0
d4566b17b742d10442e98756b95a2730_clause_015,d4566b17b742d10442e98756b95a2730,"6. Limitation on Use and Disclosure of Confidential Information. Confidential Information shall be used solely for the purpose of sharing
technical, business and financial information to foster potential mutually beneficial business relationships.","[""Purpose"", ""Confidentiality Obligations""]",[],[],"[""Confidentiality Obligations"", ""Purpose""]",0.95,0.0,0.0,0.95,1.0,HIGH_CONFIDENCE,[openrouter] [2/3 models failed] The clause restricts the use and disclosure of Confidential Information while explicitly defining the permitted Purpose for its use. | Model slot unavailable (Quota/Error stopped: None) | Model slot unavailable (Quota,llm_pseudo_label,0,1,0,0,1,0,0,0,0,0,0,0,0,0
d4566b17b742d10442e98756b95a2730_clause_016,d4566b17b742d10442e98756b95a2730,"(a)
Confidential Information shall not be copied or reproduced by the Receiving Party, except for such copies as may be reasonably required
for accomplishment of the purposes stated herein;","[""Confidentiality Obligations"", ""Authorized Disclosure""]",[],[],"[""Confidentiality Obligations"", ""Authorized Disclosure""]",0.95,0.0,0.0,0.95,1.0,HIGH_CONFIDENCE,[openrouter] [2/3 models failed] The clause restricts the copying and reproduction of Confidential Information while specifying an exception for copies necessary to fulfill the agreement's purpose. | Model slot unavailable (Quota/Error stopped: None),llm_pseudo_label,0,0,0,0,1,1,0,0,0,0,0,0,0,0
d4566b17b742d10442e98756b95a2730_clause_017,d4566b17b742d10442e98756b95a2730,"(b)
Confidential Information shall be disclosed only to employees, agents, and other parties of the Receiving Party who have a “need to
know” in connection with the purposes stated herein; and","[""Authorized Disclosure"", ""Confidentiality Obligations"", ""Employees""]",[],[],"[""Confidentiality Obligations"", ""Employees"", ""Authorized Disclosure""]",0.95,0.0,0.0,0.95,1.0,HIGH_CONFIDENCE,[openrouter] [2/3 models failed] The clause restricts the disclosure of Confidential Information strictly to employees and agents with a need-to-know for the stated purpose. | Model slot unavailable (Quota/Error stopped: None) | Model slot unavailabl,llm_pseudo_label,0,0,0,0,1,1,0,0,0,0,0,1,0,0
d4566b17b742d10442e98756b95a2730_clause_018,d4566b17b742d10442e98756b95a2730,"(c)
This Agreement shall not restrict the disclosure or use of information that:","[""Non-Confidential Information""]",[],[],"[""Non-Confidential Information""]",0.95,0.0,0.0,0.95,1.0,HIGH_CONFIDENCE,[openrouter] [2/3 models failed] The clause introduces standard exceptions and exclusions to confidential information that are not restricted by the agreement. | Model slot unavailable (Quota/Error stopped: None) | Model slot unavailable (Quota/Error,llm_pseudo_label,0,0,0,0,0,0,1,0,0,0,0,0,0,0
d4566b17b742d10442e98756b95a2730_clause_019,d4566b17b742d10442e98756b95a2730,"(i)
was in the public domain at the time of disclosure or thereafter enters the public domain through no breach of this
Agreement by the Receiving Party;","[""Non-Confidential Information""]",[],[],"[""Non-Confidential Information""]",0.98,0.0,0.0,0.98,1.0,HIGH_CONFIDENCE,[openrouter] [2/3 models failed] The clause outlines a standard exclusion from confidential information for information that is or becomes publicly known through no fault of the receiving party. | Model slot unavailable (Quota/Error stopped: None) | ,llm_pseudo_label,0,0,0,0,0,0,1,0,0,0,0,0,0,0
d4566b17b742d10442e98756b95a2730_clause_020,d4566b17b742d10442e98756b95a2730,"(ii)
was, at the time of the receipt by the Receiving Party, otherwise known to the Receiving Party without restrictions as to the
use or disclosure;","[""Non-Confidential Information""]",[],[],"[""Non-Confidential Information""]",0.95,0.0,0.0,0.95,1.0,HIGH_CONFIDENCE,[openrouter] [2/3 models failed] The clause defines an exception to confidentiality for information that was already known to the Receiving Party prior to disclosure. | Model slot unavailable (Quota/Error stopped: None) | Model slot unavailable (Quot,llm_pseudo_label,0,0,0,0,0,0,1,0,0,0,0,0,0,0
d4566b17b742d10442e98756b95a2730_clause_021,d4566b17b742d10442e98756b95a2730,"(iii)
becomes known to the Receiving Party from a source other than the disclosing party without breach of this Agreement by
the Receiving Party; or","[""Non-Confidential Information""]",[],[],"[""Non-Confidential Information""]",0.98,0.0,0.0,0.98,1.0,HIGH_CONFIDENCE,[openrouter] [2/3 models failed] The clause outlines an exception to confidentiality where information is lawfully received from a third party without breaching the agreement. | Model slot unavailable (Quota/Error stopped: None) | Model slot unavaila,llm_pseudo_label,0,0,0,0,0,0,1,0,0,0,0,0,0,0
d4566b17b742d10442e98756b95a2730_clause_022,d4566b17b742d10442e98756b95a2730,"(iv)
is developed independently by the Receiving Party and without reliance upon the Confidential Information disclosed
herein.","[""Non-Confidential Information""]",[],[],"[""Non-Confidential Information""]",0.95,0.0,0.0,0.95,1.0,HIGH_CONFIDENCE,[openrouter] [2/3 models failed] The clause defines an exception to confidentiality for information independently developed by the Receiving Party. | Model slot unavailable (Quota/Error stopped: None) | Model slot unavailable (Quota/Error stopped: No,llm_pseudo_label,0,0,0,0,0,0,1,0,0,0,0,0,0,0
d4566b17b742d10442e98756b95a2730_clause_023,d4566b17b742d10442e98756b95a2730,7. Trading Limitations. The Parties’ will comply with any applicable United States securities laws.,"[""Additional Information""]",[],[],"[""Additional Information""]",0.95,0.0,0.0,0.95,1.0,HIGH_CONFIDENCE,"[openrouter] [2/3 models failed] The clause requires compliance with United States securities laws regarding trading limitations, which does not fit specific core categories and is best classified as Additional Information. | Model slot unavailable (",llm_pseudo_label,0,0,0,0,0,0,0,0,0,0,0,0,0,1
d4566b17b742d10442e98756b95a2730_clause_024,d4566b17b742d10442e98756b95a2730,8. Arbitration and Equitable Relief.,"[""Governing Law and Jurisdiction""]",[],[],"[""Governing Law and Jurisdiction""]",0.95,0.0,0.0,0.95,1.0,HIGH_CONFIDENCE,"[openrouter] [2/3 models failed] The clause header relates to arbitration and equitable relief, which govern dispute resolution mechanisms and court jurisdiction. | Model slot unavailable (Quota/Error stopped: None) | Model slot unavailable (Quota/Er",llm_pseudo_label,0,0,0,0,0,0,0,0,0,0,0,0,1,0
d4566b17b742d10442e98756b95a2730_clause_025,d4566b17b742d10442e98756b95a2730,"(a)
Arbitration. Except as provided herein, the Parties agree that any dispute or controversy arising out of or relating to any interpretation,
construction, performance or breach of this Agreement shall be settled by arbitration to be held in San Diego County, California, USA in
accordance with the Commercial Arbitration Rules then in effect for the American Arbitration Association. The arbitrator may grant
injunctions or other relief in such dispute or controversy. In the event of arbitration, the Parties may undertake a reasonable amount of
discovery. The decision of the arbitrator shall be final, conclusive and binding on the parties to the arbitration. Judgement may be entered
on the arbitrator’s decision in any court having jurisdiction.","[""Governing Law and Jurisdiction""]",[],[],"[""Governing Law and Jurisdiction""]",0.95,0.0,0.0,0.95,1.0,HIGH_CONFIDENCE,[openrouter] [2/3 models failed] The clause specifies the dispute resolution procedure (arbitration) and the location/jurisdiction for resolving controversies under the agreement. | Model slot unavailable (Quota/Error stopped: None) | Model slot unav,llm_pseudo_label,0,0,0,0,0,0,0,0,0,0,0,0,1,0
d4566b17b742d10442e98756b95a2730_clause_026,d4566b17b742d10442e98756b95a2730,"(b)
Equitable Remedies. The Parties agree that it would be impossible or inadequate to measure and calculate damages from any breach of
the covenants set forth herein. Accordingly, the Parties agree that if in the event of a breach of the covenants contained in this
Agreement, the affected party will have available, in addition to any other right or remedy available, the right to obtain an injunction
from a court of competent jurisdiction restraining such breach or threatened breach and to specify performance of any such provision of
the Agreement. The Parties further agree that no bond or other security shall be required in obtaining such equitable relief and the Parties
hereby consent to the issuance of such injunction and to the ordering of specific performance.","[""Liability for Damages""]",[],[],"[""Liability for Damages""]",0.95,0.0,0.0,0.95,1.0,HIGH_CONFIDENCE,"[openrouter] [2/3 models failed] The clause deals with equitable remedies, injunctive relief, and specific performance in the event of a breach of covenants. | Model slot unavailable (Quota/Error stopped: None) | Model slot unavailable (Quota/Error s",llm_pseudo_label,0,0,0,0,0,0,0,1,0,0,0,0,0,0
d4566b17b742d10442e98756b95a2730_clause_027,d4566b17b742d10442e98756b95a2730,"9. Legal Expenses. If any action or proceeding is brought for enforcement of this Agreement, or because of an alleged or actual dispute, breach,
default, or misrepresentation in connection with any of the provisions of this Agreement, the successful or prevailing party shall be entitled to
recover reasonable attorney’s fees and other costs incurred in such action or proceeding in addition to any other relief to which it may be entitled.","[""Liability for Damages""]",[],[],"[""Liability for Damages""]",0.9,0.0,0.0,0.9,1.0,HIGH_CONFIDENCE,"[openrouter] [2/3 models failed] The clause outlines the recovery of legal costs and reasonable attorney's fees by a prevailing party in disputes or enforcement actions, which falls under remedies and legal liabilities. | Model slot unavailable (Quot",llm_pseudo_label,0,0,0,0,0,0,0,1,0,0,0,0,0,0
d4566b17b742d10442e98756b95a2730_clause_028,d4566b17b742d10442e98756b95a2730,10. General Provisions.,"[""Additional Information""]",[],[],"[""Additional Information""]",0.95,0.0,0.0,0.95,1.0,HIGH_CONFIDENCE,[openrouter] [2/3 models failed] The text is a section header for general provisions and does not contain specific substantive terms. | Model slot unavailable (Quota/Error stopped: None) | Model slot unavailable (Quota/Error stopped: None),llm_pseudo_label,0,0,0,0,0,0,0,0,0,0,0,0,0,1
d4566b17b742d10442e98756b95a2730_clause_029,d4566b17b742d10442e98756b95a2730,"(a)
Governing Law. This Agreement shall be governed by the laws of the United States of America, State of California.","[""Governing Law and Jurisdiction""]",[],[],"[""Governing Law and Jurisdiction""]",0.99,0.0,0.0,0.99,1.0,HIGH_CONFIDENCE,[openrouter] [2/3 models failed] The clause explicitly specifies that the agreement is governed by the laws of the United States of America and the State of California. | Model slot unavailable (Quota/Error stopped: None) | Model slot unavailable (Qu,llm_pseudo_label,0,0,0,0,0,0,0,0,0,0,0,0,1,0
d4566b17b742d10442e98756b95a2730_clause_030,d4566b17b742d10442e98756b95a2730,"(b)
Severability. If one or more of the provisions in this Agreement is deemed void by law, then the remaining provisions will continue in
full force and effect.","[""Additional Information""]","[""Term and Termination""]","[""Additional Information""]","[""Additional Information""]",0.95,0.9,0.95,0.9333,0.3333,DISAGREEMENT,"This clause addresses the severability of the agreement, which is a standard contractual provision that falls under general additional information. | The clause discusses the continuation of the agreement's provisions in the event one is deemed void,",llm_pseudo_label,0,0,0,0,0,0,0,0,0,0,0,0,0,1
d4566b17b742d10442e98756b95a2730_clause_031,d4566b17b742d10442e98756b95a2730,"(c)
Successor and Assigns. This Agreement will be binding upon the successors and/or assignees of the Parties.","[""Additional Information""]","[""Party Identification"", ""Term and Termination""]","[""Party Identification"", ""Term and Termination""]","[""Party Identification"", ""Term and Termination""]",0.95,0.92,0.95,0.94,0.3333,DISAGREEMENT,"This clause specifies that the agreement is binding on successors and assignees, which is a general contractual provision not fitting into other specific NDA categories. | The clause discusses the binding nature of the agreement on successors and ass",llm_pseudo_label,1,0,0,0,0,0,0,0,0,1,0,0,0,0
d4566b17b742d10442e98756b95a2730_clause_032,d4566b17b742d10442e98756b95a2730,"(d)
Headings. All headings used herein are intended for reference purposes only and shall not affect the interpretation or validity of this
Agreement.","[""Additional Information""]","[""Party Identification""]","[""Additional Information""]","[""Additional Information""]",0.95,0.8,0.95,0.9,0.3333,DISAGREEMENT,"This clause addresses the interpretation of headings within the agreement, which is a general contractual provision not fitting other specific NDA categories. | The clause discusses headings which could relate to party identification in the context o",llm_pseudo_label,0,0,0,0,0,0,0,0,0,0,0,0,0,1
d4566b17b742d10442e98756b95a2730_clause_033,d4566b17b742d10442e98756b95a2730,"11. Obligations. Neither party has an obligation under this Agreement to purchase any service or item from the other party. Neither party has an
obligation under this Agreement to offer for sale or license products using or incorporating the Confidential Information. Either party may, at its sole
discretion, offer products for sale or license using its own information but not the Confidential Information of the other and may modify or
discontinue sales at","[""Competition Rights"", ""Confidentiality Obligations""]","[""Competition Rights"", ""Confidentiality Obligations""]","[""Confidentiality Obligations"", ""Non-Confidential Information""]","[""Competition Rights"", ""Confidentiality Obligations""]",0.95,0.92,0.95,0.94,0.5556,MEDIUM_CONFIDENCE,"This clause outlines the lack of obligation to purchase or license products and the right to offer products using one's own information, directly relating to confidentiality and competition. | The clause discusses obligations related to purchasing an",llm_pseudo_label,0,0,0,0,1,0,0,0,1,0,0,0,0,0
d4566b17b742d10442e98756b95a2730_clause_034,d4566b17b742d10442e98756b95a2730,"2

any time. This Agreement shall not constitute, create, give effect to, or otherwise imply a joint venture, pooling arrangement, partnership, or formal
business organization of any kind, nor shall it constitute, create, give effect to, or otherwise imply an obligation or commitment on the part of either
party to submit a proposal to or perform a contract with the other party. Nothing herein shall be construed as providing for the sharing of profits or
losses arising out of the efforts of either or both parties. Neither party will be liable to the other party for any costs, expense, risks, or liabilities
arising out of the other party’s efforts in connection with this Agreement.","[""Additional Information""]","[""Liability for Damages"", ""Purpose""]","[""Competition Rights"", ""Liability for Damages""]","[""Liability for Damages""]",0.9,0.92,0.95,0.9233,0.1111,DISAGREEMENT,"This clause clarifies the nature of the agreement, explicitly stating what it does not constitute (e.g., partnership, joint venture) and disclaiming liability for costs incurred by the other party, wh | The clause clarifies the nature of the agreemen",llm_pseudo_label,0,0,0,0,0,0,0,1,0,0,0,0,0,0
d4566b17b742d10442e98756b95a2730_clause_035,d4566b17b742d10442e98756b95a2730,"12. Entire Understanding. This Agreement contains the entire understanding between the Parties concerning the subject matter hereof, superseding
all prior contemporaneous communications, agreements and understandings between the Parties with respect to the disclosure and protection of
Confidential Information. The rights and obligations of the Parties shall be limited to those expressly set forth herein.","[""Additional Information""]","[""Party Identification"", ""Purpose""]","[""Additional Information""]","[""Additional Information""]",0.95,0.95,0.95,0.95,0.3333,DISAGREEMENT,"This clause specifies that the agreement constitutes the entire understanding between the parties, superseding prior communications, which falls under general contractual provisions. | This clause establishes the entire understanding between parties ",llm_pseudo_label,0,0,0,0,0,0,0,0,0,0,0,0,0,1
d4566b17b742d10442e98756b95a2730_clause_036,d4566b17b742d10442e98756b95a2730,"nStor Corporation, Inc.","[""Party Identification""]","[""Party Identification""]","[""Party Identification""]","[""Party Identification""]",0.98,0.99,0.95,0.9733,1.0,HIGH_CONFIDENCE,"This clause explicitly names a party involved, which directly falls under party identification. | The text mentions a specific company name, indicating it is identifying a party involved in the agreement. | The text identifies a party to the agreemen",llm_pseudo_label,1,0,0,0,0,0,0,0,0,0,0,0,0,0
d4566b17b742d10442e98756b95a2730_clause_037,d4566b17b742d10442e98756b95a2730,"Xyratex Technology Limited
/s/ Steve Aleshire","[""Party Identification""]","[""Party Identification""]","[""Party Identification""]","[""Party Identification""]",0.95,0.99,0.95,0.9633,1.0,HIGH_CONFIDENCE,"This clause identifies one of the parties involved in the agreement, Xyratex Technology Limited, and includes a signature. | The clause mentions a company name and a signature, indicating party identification. | The text identifies a party to the agr",llm_pseudo_label,1,0,0,0,0,0,0,0,0,0,0,0,0,0
d4566b17b742d10442e98756b95a2730_clause_038,d4566b17b742d10442e98756b95a2730,"/s/ Matt Cornell
Authorized Signature","[""Party Identification""]","[""Party Identification""]","[""Party Identification""]","[""Party Identification""]",0.95,0.99,0.95,0.9633,1.0,HIGH_CONFIDENCE,"This clause identifies an authorized signatory, which is a key aspect of party identification in a legal document. | The clause contains a signature, indicating the identification of a party involved in the agreement. | The clause contains a signatur",llm_pseudo_label,1,0,0,0,0,0,0,0,0,0,0,0,0,0
d4566b17b742d10442e98756b95a2730_clause_039,d4566b17b742d10442e98756b95a2730,Authorized Signature,"[""Additional Information""]","[""Party Identification""]","[""Party Identification""]","[""Party Identification""]",0.95,0.95,0.95,0.95,0.3333,DISAGREEMENT,"This clause indicates a signature line, which is supplementary information not fitting into other specific NDA categories. | The clause text 'Authorized Signature' implies identification of a party authorized to sign on behalf of an organization. | T",llm_pseudo_label,1,0,0,0,0,0,0,0,0,0,0,0,0,0
d4566b17b742d10442e98756b95a2730_clause_040,d4566b17b742d10442e98756b95a2730,"Matt Cornell
Steve Aleshire","[""Party Identification""]","[""Party Identification""]","[""Party Identification""]","[""Party Identification""]",0.98,0.99,0.95,0.9733,1.0,HIGH_CONFIDENCE,"This clause explicitly lists names, which directly identifies parties involved in the agreement. | The clause lists names of individuals, indicating it is identifying parties involved. | The text contains names that are likely to be the parties to th",llm_pseudo_label,1,0,0,0,0,0,0,0,0,0,0,0,0,0
d4566b17b742d10442e98756b95a2730_clause_041,d4566b17b742d10442e98756b95a2730,"Print Name

Print Name","[""Party Identification""]","[""Party Identification""]","[""Additional Information""]","[""Party Identification""]",0.95,0.99,0.95,0.9633,0.3333,DISAGREEMENT,"This clause provides fields for printing names, which is essential for identifying the parties involved in the agreement. | The clause appears to be a section for printing the names of parties involved, which is a clear indicator of party identificat",llm_pseudo_label,1,0,0,0,0,0,0,0,0,0,0,0,0,0
d4566b17b742d10442e98756b95a2730_clause_042,d4566b17b742d10442e98756b95a2730,"Executive VP – Storage Systems
COO","[""Party Identification""]","[""Party Identification""]","[""Party Identification""]","[""Party Identification""]",0.98,0.95,0.95,0.96,1.0,HIGH_CONFIDENCE,"The clause identifies specific roles within an organization, which are typically used to identify parties involved in an agreement. | The text appears to identify specific roles or titles of individuals, likely parties involved in the NDA. | The text",llm_pseudo_label,1,0,0,0,0,0,0,0,0,0,0,0,0,0
d4566b17b742d10442e98756b95a2730_clause_043,d4566b17b742d10442e98756b95a2730,"Title

Title
September 3, 2004","[""Additional Information""]","[""Party Identification""]","[""Additional Information""]","[""Additional Information""]",0.9,0.8,0.95,0.8833,0.3333,DISAGREEMENT,"The clause contains a title and a date, which are supplementary details not fitting into other specific NDA categories. | The clause appears to be a title or heading, which may indicate the parties involved or the subject of the agreement. | The text",llm_pseudo_label,0,0,0,0,0,0,0,0,0,0,0,0,0,1
d4566b17b742d10442e98756b95a2730_clause_044,d4566b17b742d10442e98756b95a2730,"9/3/04
Date

Date

3","[""Additional Information""]","[""Party Identification""]","[""Additional Information""]","[""Additional Information""]",0.9,0.8,0.95,0.8833,0.3333,DISAGREEMENT,"This clause contains only a date and a number, which does not fit into any specific legal category but could be considered additional metadata. | The clause appears to contain a date, which may be related to the identification of parties or the agree",llm_pseudo_label,0,0,0,0,0,0,0,0,0,0,0,0,0,1
