document_id,clause_id,clause_text,category_labels,annotation_status,label_verified,label_source,label_reviewer,annotation_notes,source,review_status,segment_type
0859334b76224ff82c1312ae7b2b5da1,0859334b76224ff82c1312ae7b2b5da1_clause_003,"THIS NON-DISCLOSURE AND CONFIDENTIALITY AGREEMENT (this “Agreement”) is made effective as of
February 18, 2013, by and between Central European Distribution Corporation, a Delaware corporation (“CEDC”) and
W&L Enterprises Ltd. (the “Recipient”).","[""Term and Termination""]",PENDING,false,human_annotation,Swathi.v,Reasoning,data/segmentation_v3/0859334b76224ff82c1312ae7b2b5da1.json,UNREVIEWED,legal_clause
0859334b76224ff82c1312ae7b2b5da1,0859334b76224ff82c1312ae7b2b5da1_clause_004,"WHEREAS, CEDC has issued (i) 3.00% Convertible Notes due 2013 (the “Convertible Notes”) and (ii) $380
million 9.125% Senior Secured Notes due 2016 and €430 ($556.6 million) 8.875% Senior Secured Notes due 2016
(collectively, the “2016 Notes” and together with the Convertible Notes, the “Notes”).",[],PENDING,false,human_annotation,,,data/segmentation_v3/0859334b76224ff82c1312ae7b2b5da1.json,UNREVIEWED,legal_clause
0859334b76224ff82c1312ae7b2b5da1,0859334b76224ff82c1312ae7b2b5da1_clause_005,"WHEREAS, the Recipient holds 7,517,549 shares of CEDC’s outstanding common stock (the “Common
Stock”).",[],PENDING,false,,,,data/segmentation_v3/0859334b76224ff82c1312ae7b2b5da1.json,UNREVIEWED,legal_clause
0859334b76224ff82c1312ae7b2b5da1,0859334b76224ff82c1312ae7b2b5da1_clause_006,"WHEREAS the Recipient and CEDC wish to enter into discussions with respect to a potential restructuring of the
Notes and Common Stock (a “Restructuring”).",[],PENDING,false,,,,data/segmentation_v3/0859334b76224ff82c1312ae7b2b5da1.json,UNREVIEWED,legal_clause
0859334b76224ff82c1312ae7b2b5da1,0859334b76224ff82c1312ae7b2b5da1_clause_007,"WHEREAS, CEDC, in such discussions, may disclose certain confidential information to the Recipient in order
to initiate, facilitate, and/or progress such restructuring discussions (the “Purpose”).",[],PENDING,false,,,,data/segmentation_v3/0859334b76224ff82c1312ae7b2b5da1.json,UNREVIEWED,legal_clause
0859334b76224ff82c1312ae7b2b5da1,0859334b76224ff82c1312ae7b2b5da1_clause_008,"NOW THEREFORE, in consideration for receiving certain confidential information and other good and valuable
consideration, the receipt and sufficiency of which are hereby acknowledged, the parties hereto agree as follows:",[],PENDING,false,,,,data/segmentation_v3/0859334b76224ff82c1312ae7b2b5da1.json,UNREVIEWED,legal_clause
0859334b76224ff82c1312ae7b2b5da1,0859334b76224ff82c1312ae7b2b5da1_clause_009,1. Scope of Confidential Information.,[],PENDING,false,,,,data/segmentation_v3/0859334b76224ff82c1312ae7b2b5da1.json,UNREVIEWED,legal_clause
0859334b76224ff82c1312ae7b2b5da1,0859334b76224ff82c1312ae7b2b5da1_clause_010,"1.1 Subject to Section 1.2 below, “Confidential Information” means confidential, secret, proprietary or other non-public
information pertaining to the business, operations, brands, marketing plans, financial matters, legal matters, products,
projects, business plans or practices, research and development, product development, intellectual property, financial
models, trademarks, trade secrets, accounting and financing data, and methods of production, distribution or
procurement, suppliers, distributors, consultants, advisors or employees, directors or officers of CEDC or any of its
Subsidiaries (defined below) (together, the “CEDC Group”) that is disclosed or otherwise made available, either orally or
in writing, by any member of the CEDC Group to the Recipient or its affiliates, agents, or advisors (including, without
limitation, financial advisors, attorneys, banks and other sources of equity and debt financing and accountants)
(collectively, “Representatives”).",[],PENDING,false,,,,data/segmentation_v3/0859334b76224ff82c1312ae7b2b5da1.json,UNREVIEWED,legal_clause
0859334b76224ff82c1312ae7b2b5da1,0859334b76224ff82c1312ae7b2b5da1_clause_011,"1.2 Notwithstanding anything herein to the contrary, Confidential Information shall not include any information that (a)
is or becomes publicly available (other than through a breach of this Agreement by the Recipient), (b) is in the
possession of or known to the Recipient or its Representatives prior to such information having been furnished to
Recipient hereunder, (c) is independently conceived, developed or discovered by the Recipient or on its behalf, (d) is
made available to the Recipient or its Representatives by any person other than a member of the CEDC Group without
any known breach of any obligation of confidentiality of such other person, or (e) is the subject of a written confirmation
from CEDC or any of its Subsidiaries or any member of the CEDC Group stating that any such information is not
Confidential Information. In clarification of the foregoing, a general disclosure in the public domain will not cause more
specific (but related) information to be excluded as Confidential Information under one of the above exceptions.",[],PENDING,false,,,,data/segmentation_v3/0859334b76224ff82c1312ae7b2b5da1.json,UNREVIEWED,legal_clause
0859334b76224ff82c1312ae7b2b5da1,0859334b76224ff82c1312ae7b2b5da1_clause_012,"1.3 “Subsidiary” of any entity means any other entity in which such first entity owns or Controls, directly or
indirectly, an amount of the voting securities, other voting interests or voting partnership interests sufficient to elect at
least a majority of such other entity’s board of directors or other governing body (or, if there are no such voting interests,
50% or more of the equity interests of such other entity). For purposes of this Section 1.3, “Control” means the
possession, directly or indirectly, of the power to direct or cause the direction of the management and policies of an
individual, corporation, partnership, limited partnership or limited liability company, whether through the ownership of
voting securities, by contract or otherwise.",[],PENDING,false,,,,data/segmentation_v3/0859334b76224ff82c1312ae7b2b5da1.json,UNREVIEWED,legal_clause
0859334b76224ff82c1312ae7b2b5da1,0859334b76224ff82c1312ae7b2b5da1_clause_013,2. Use and Disclosure of Confidential Information.,[],PENDING,false,,,,data/segmentation_v3/0859334b76224ff82c1312ae7b2b5da1.json,UNREVIEWED,legal_clause
0859334b76224ff82c1312ae7b2b5da1,0859334b76224ff82c1312ae7b2b5da1_clause_014,"2.1 The Recipient agrees that all Confidential Information will be held and maintained by it in the strictest confidence,
will be used by it solely and exclusively for the purpose of evaluating, negotiating and implementing a Restructuring,
and will not, directly or indirectly, be used or disclosed by it for any other purpose whatsoever. CEDC acknowledges that
Recipient is engaged in businesses similar to those conducted by CEDC and the CEDC Group or other industries in the
ordinary course of Recipient’s business. The Recipient will use reasonable care to maintain the confidentiality of
Confidential Information, provided that such care shall be at least as great as the precautions taken by the Recipient to
protect its own confidential information of similar nature.",[],PENDING,false,,,,data/segmentation_v3/0859334b76224ff82c1312ae7b2b5da1.json,UNREVIEWED,legal_clause
0859334b76224ff82c1312ae7b2b5da1,0859334b76224ff82c1312ae7b2b5da1_clause_015,"2.2 The Recipient agrees that it will not, without the prior written consent of CEDC, directly or indirectly, disclose all or
any portion of the Confidential Information, or the substance thereof, to any third party other than its Representatives in
connection with the Purpose, except, subject to Section 2.3 below, to the extent required by applicable law or legal
process.",[],PENDING,false,,,,data/segmentation_v3/0859334b76224ff82c1312ae7b2b5da1.json,UNREVIEWED,legal_clause
0859334b76224ff82c1312ae7b2b5da1,0859334b76224ff82c1312ae7b2b5da1_clause_016,"2.3 The Recipient agrees that if the Recipient is required by any law, court or governmental order to disclose any
Confidential Information, the Recipient will provide CEDC, to the extent practicable and legally permissible, with
prompt written notice of such requirement so that CEDC or the applicable member of the CEDC Group may seek an
appropriate protective order with respect thereto. If such an order is not obtained, only that portion of the Confidential
Information shall be furnished that is legally required to be furnished, at the sole expense of CEDC or one of its
Subsidiaries, and the Recipient shall exercise commercial efforts to obtain reliable assurances that confidential treatment
will be accorded such Confidential Information. Notwithstanding the foregoing, notice to CEDC shall not be required
where disclosure is made (i) in response to a request by a regulatory or self-regulatory authority, or (ii) in connection
with a routine audit or examination by a bank examiner or auditor, and such request, audit or examination does not
reference CEDC or this Agreement.",[],PENDING,false,,,,data/segmentation_v3/0859334b76224ff82c1312ae7b2b5da1.json,UNREVIEWED,legal_clause
0859334b76224ff82c1312ae7b2b5da1,0859334b76224ff82c1312ae7b2b5da1_clause_017,"2.4 The Recipient shall ensure that each of its Representatives who are either provided with Confidential Information, or
otherwise have access to such Confidential Information, are informed of its confidential nature and are directed to abide
by the terms of this Agreement applicable to Representatives or appropriate duties or obligations of confidentiality
imposing confidentiality obligations on such Representatives (except that there shall be no requirement to so inform
where the Representative to whom the information is to be disclosed is subject to professional obligations to maintain the
confidentiality of the Confidential Information or is otherwise bound by requirements of confidentiality in relation to the
Confidential Information). The Recipient agrees to be liable for any breach of this Agreement by the Recipient or its
affiliates or Representatives. The Recipient shall use reasonable efforts to provide written notice to CEDC of any use or
disclosure of Confidential Information in breach of this Agreement of which Recipient is aware, including without
limitation written details regarding the circumstances and the identity of the individuals or entities who as a result
received or may have received access to such Confidential Information.
-2-",[],PENDING,false,,,,data/segmentation_v3/0859334b76224ff82c1312ae7b2b5da1.json,UNREVIEWED,legal_clause
0859334b76224ff82c1312ae7b2b5da1,0859334b76224ff82c1312ae7b2b5da1_clause_018,3. Certain Rights and Limitations.,[],PENDING,false,,,,data/segmentation_v3/0859334b76224ff82c1312ae7b2b5da1.json,UNREVIEWED,legal_clause
0859334b76224ff82c1312ae7b2b5da1,0859334b76224ff82c1312ae7b2b5da1_clause_019,"3.1 The parties hereto are independent of one another and this Agreement does not create any agency, partnership or
similar relationship between the parties hereto. CEDC acknowledges that neither the Recipient nor any of its affiliates,
nor its or their Representatives, will be deemed to have made any representation or warranty or commitment with respect
to the Purpose except as may be set forth in one or more final, legally binding definitive agreements. Except as otherwise
provided by CEDC, the Recipient (i) acknowledges that neither CEDC nor any of its Representatives make any
representation or warranty hereunder, either express or implied, as to the truth, accuracy or completeness of any
Confidential Information, provided, however, that CEDC, the CEDC Group and any of their Representatives shall use
good faith efforts to ensure that all Confidential Information furnished to Recipient hereunder is true, accurate and
complete to the best of their knowledge, and (ii) agrees, to the fullest extent permitted by law that in the absence of fraud
or willful misconduct on their part neither CEDC nor any of its Subsidiaries or Representatives shall have any liability to
the Recipient or its Representatives on any basis (including, without limitation, in contract, tort, under federal or state
securities laws or otherwise) as a result of the review by the Recipient or its Representatives or the use of the
Confidential Information by the Recipient or its Representatives in accordance with the provisions of this Agreement.",[],PENDING,false,,,,data/segmentation_v3/0859334b76224ff82c1312ae7b2b5da1.json,UNREVIEWED,legal_clause
0859334b76224ff82c1312ae7b2b5da1,0859334b76224ff82c1312ae7b2b5da1_clause_020,"3.2 The Recipient agrees that, upon written request by CEDC, all Confidential Information (and all copies, summaries
and notes of the contents or parts thereof) and all Company property received by the Recipient shall, as soon as
reasonably practicable, be either returned to CEDC or, to the extent technically practicable, destroyed (at the Recipient’s
or its Representatives’ option), except that Recipient and its Representatives may retain copies of Confidential
Information as is required to comply with applicable law or regulation or professional standards or internal compliance
requirements. The Recipient’s obligations under Section 2 hereof shall survive the return of such tangible embodiments
of Confidential Information until termination of this Agreement. Notwithstanding anything to the contrary in this
Agreement, neither Recipient nor any of its Representatives shall be required to delete electronically stored Confidential
Information to the extent such deletion would be technologically impracticable or inconsistent with the archival records
retention policy of the Recipient or its Representatives.",[],PENDING,false,,,,data/segmentation_v3/0859334b76224ff82c1312ae7b2b5da1.json,UNREVIEWED,legal_clause
0859334b76224ff82c1312ae7b2b5da1,0859334b76224ff82c1312ae7b2b5da1_clause_021,"3.3 The Recipient shall not remove, obscure, overprint, deface or destroy any notice of confidentiality, copyright,
trademark, logo, legend or other notices of ownership or confidentiality from any originals or copies of Confidential
Information the Recipient obtains from the CEDC Group.",[],PENDING,false,,,,data/segmentation_v3/0859334b76224ff82c1312ae7b2b5da1.json,UNREVIEWED,legal_clause
0859334b76224ff82c1312ae7b2b5da1,0859334b76224ff82c1312ae7b2b5da1_clause_022,"-3-

3.4 CEDC understands and acknowledges that the Recipient and an affiliate of the Recipient are currently reporting
persons with respect to CEDC’s common stock on a Schedule 13D under the provisions of §§ 240.13d-1(a) and 13d-2(a)
of the United States Securities Exchange Act of 1934, among others, and that accordingly the Recipient and its affiliate
will have ongoing disclosure obligations thereunder, which shall not be restricted or limited by this Agreement, including
that this Agreement shall be disclosed and publicly filed as an amendment to such Schedule 13D.",[],PENDING,false,,,,data/segmentation_v3/0859334b76224ff82c1312ae7b2b5da1.json,UNREVIEWED,legal_clause
0859334b76224ff82c1312ae7b2b5da1,0859334b76224ff82c1312ae7b2b5da1_clause_023,"4. Remedies. The Recipient acknowledges that a breach of any of the terms of this Agreement may cause irreparable
harm to CEDC for which CEDC may not be adequately compensated by money damages. Accordingly, the Recipient
agrees that, in addition to all other remedies available to CEDC, including any member of the CEDC Group, in an action
at law, in the event of any breach or threatened breach by the Recipient of the terms of this Agreement, CEDC shall,
without the necessity of proving actual damages or posting any bond or other security, be entitled to seek temporary and
permanent injunctive relief, including, but not limited to, specific performance of the terms of this Agreement. Each
party's rights and obligations under this Agreement are cumulative and are in addition to and not in limitation of such
party's rights and obligations under law, equity or any other written agreement.",[],PENDING,false,,,,data/segmentation_v3/0859334b76224ff82c1312ae7b2b5da1.json,UNREVIEWED,legal_clause
0859334b76224ff82c1312ae7b2b5da1,0859334b76224ff82c1312ae7b2b5da1_clause_024,"5. Miscellaneous.

5.1 This Agreement shall be governed by and construed and take effect as an enforceable contract in accordance with
the laws of the State of New York governing such agreements, without regard to conflicts-of-law principles thereof that
would require applicability of any other law. The parties hereto agree that any dispute between them relating to this
Agreement will be resolved solely in the manner set forth in clause (i) below:",[],PENDING,false,,,,data/segmentation_v3/0859334b76224ff82c1312ae7b2b5da1.json,UNREVIEWED,legal_clause
0859334b76224ff82c1312ae7b2b5da1,0859334b76224ff82c1312ae7b2b5da1_clause_025,"(i) Each of the parties hereto irrevocably submits to the jurisdiction of the United States District Court located in
the State of New York and in the Borough of Manhattan, and all appellate courts relating thereto, for the purpose
of any suit, action, proceeding or judgment relating to or arising out of this Agreement. Service of process in
connection with any such suit, action or proceeding may be served on each party hereto anywhere in the world by
the same methods as are specified for the giving of notices under this Agreement. Each party hereto irrevocably
waives any objection to the laying of venue of any such suit, action or proceeding brought in such courts and
irrevocably waives any claim that any such suit, action or proceeding brought in any such court has been brought
in an inconvenient forum. EACH OF THE PARTIES HERETO WAIVES ANY RIGHT TO REQUEST A",[],PENDING,false,,,,data/segmentation_v3/0859334b76224ff82c1312ae7b2b5da1.json,UNREVIEWED,legal_clause
0859334b76224ff82c1312ae7b2b5da1,0859334b76224ff82c1312ae7b2b5da1_clause_026,"TRIAL BY JURY IN ANY LITIGATION WITH RESPECT TO THIS AGREEMENT AND REPRESENTS
THAT COUNSEL HAS BEEN CONSULTED SPECIFICALLY AS TO THIS WAIVER.",[],PENDING,false,,,,data/segmentation_v3/0859334b76224ff82c1312ae7b2b5da1.json,UNREVIEWED,legal_clause
0859334b76224ff82c1312ae7b2b5da1,0859334b76224ff82c1312ae7b2b5da1_clause_027,"5.2 Any notices or other correspondence (hereinafter collectively referred to as “correspondence”) required or permitted
to be given hereunder shall be in writing and shall be sent by postage prepaid first class mail, courier or facsimile or
delivered by hand to the party to whom such correspondence is required or permitted to be given hereunder, and shall be
deemed sufficient upon receipt when delivered personally or by courier, overnight delivery service or confirmed
facsimile, or three (3) Business Days after being deposited in the regular mail as certified or registered mail (airmail if
sent internationally) with postage prepaid, if such notice is addressed to the party to be notified at such party’s address or
facsimile number as set forth below:
-4-",[],PENDING,false,,,,data/segmentation_v3/0859334b76224ff82c1312ae7b2b5da1.json,UNREVIEWED,legal_clause
0859334b76224ff82c1312ae7b2b5da1,0859334b76224ff82c1312ae7b2b5da1_clause_028,(a) All correspondence to the CEDC Group shall be addressed as follows:,[],PENDING,false,,,,data/segmentation_v3/0859334b76224ff82c1312ae7b2b5da1.json,PRIORITY_UNREVIEWED,legal_clause
0859334b76224ff82c1312ae7b2b5da1,0859334b76224ff82c1312ae7b2b5da1_clause_029,"Central European Distribution Corporation
Bobrowiecka 6
00-728 Warsaw
Poland
Attention: Grant Winterton
Facsimile: +48 22 456 60 01",[],PENDING,false,,,,data/segmentation_v3/0859334b76224ff82c1312ae7b2b5da1.json,UNREVIEWED,legal_clause
0859334b76224ff82c1312ae7b2b5da1,0859334b76224ff82c1312ae7b2b5da1_clause_030,"with a copy to

Skadden, Arps, Slate, Meagher & Flom (UK) LLP
40 Bank St., Canary Wharf
London E14 5DS
UK
Attention: Scott Simpson, Esq.
Facsimile: +44 20 7519 7070",[],PENDING,false,,,,data/segmentation_v3/0859334b76224ff82c1312ae7b2b5da1.json,PRIORITY_UNREVIEWED,legal_clause
0859334b76224ff82c1312ae7b2b5da1,0859334b76224ff82c1312ae7b2b5da1_clause_031,(b) All correspondence to the Recipient shall be addressed as follows:,[],PENDING,false,,,,data/segmentation_v3/0859334b76224ff82c1312ae7b2b5da1.json,UNREVIEWED,legal_clause
0859334b76224ff82c1312ae7b2b5da1,0859334b76224ff82c1312ae7b2b5da1_clause_032,"W&L Enterprises Ltd.
Craigmuir Chambers,
P.O. Box 71,
Road Town,
Tortola,
British Virgin Islands
Attention: Mark Kaufman
Facsimile: +7-495-232-6138",[],PENDING,false,,,,data/segmentation_v3/0859334b76224ff82c1312ae7b2b5da1.json,UNREVIEWED,legal_clause
0859334b76224ff82c1312ae7b2b5da1,0859334b76224ff82c1312ae7b2b5da1_clause_033,"with copies to

Darrois Villey Maillot Brochier A.A.R.P.I.
69, avenue Victor Hugo
Paris 75783
France
Attention: Ben Burman, Esq.
Facsimile: + 33 1 45 02 49 59",[],PENDING,false,,,,data/segmentation_v3/0859334b76224ff82c1312ae7b2b5da1.json,PRIORITY_UNREVIEWED,legal_clause
0859334b76224ff82c1312ae7b2b5da1,0859334b76224ff82c1312ae7b2b5da1_clause_034,"and

Wachtell, Lipton Rosen & Katz
51 West 52nd Street
New York, New York 10019
Attention: Adam Emmerich, Esq.
Facsimile: (212) 403-2234",[],PENDING,false,,,,data/segmentation_v3/0859334b76224ff82c1312ae7b2b5da1.json,UNREVIEWED,legal_clause
0859334b76224ff82c1312ae7b2b5da1,0859334b76224ff82c1312ae7b2b5da1_clause_035,"-5-

(c) Either party may change the address to which correspondence to it is to be addressed by written notification
as provided for herein.",[],PENDING,false,,,,data/segmentation_v3/0859334b76224ff82c1312ae7b2b5da1.json,PRIORITY_UNREVIEWED,legal_clause
0859334b76224ff82c1312ae7b2b5da1,0859334b76224ff82c1312ae7b2b5da1_clause_036,"5.3 This Agreement contains the complete and exclusive agreement of the parties with respect to the subject matter
hereof and supersedes all prior and contemporaneous agreements and understandings whether written or oral, express or
implied. This Agreement shall be binding upon and inure to the benefit of the parties, and their respective successors
and permitted assigns, including without limitation the heirs, executors and legal representatives of each such party. The
Recipient acknowledges and agrees that all members of the CEDC Group are third party beneficiaries of this
Agreement. Except where expressly indicated otherwise, the words “written” or “in writing” shall include, but not be
limited to, written or printed documents, electronic and facsimile transmissions and computer disks or tapes (whether
machine or user readable). If any provision of this Agreement is held invalid, illegal or unenforceable by a court of
competent jurisdiction, such shall not affect any other provision of this Agreement, which shall remain in full force and
effect to the fullest extent permitted by applicable law. Upon such determination of invalidity or unenforceability, the
parties shall negotiate in good faith to modify this Agreement so as to effect the original intent of the parties as closely as
possible in a reasonably acceptable manner in order that the transactions contemplated hereby may be consummated as
originally contemplated to the fullest extent possible. No amendment, modification or alteration of the terms of this
Agreement shall be effective unless made in writing and executed by both parties hereto. A failure or delay in exercising
any right in respect to this Agreement will not be presumed to operate as a waiver, and a single or partial exercise of any
right will not be presumed to preclude any subsequent or further exercise of that right or the exercise of any other right.
Any such waiver shall be effective only in the specific instance and for the purpose given. This Agreement may be
signed in one or more counterparts, each of which shall be deemed to be an original for all purposes.",[],PENDING,false,,,,data/segmentation_v3/0859334b76224ff82c1312ae7b2b5da1.json,UNREVIEWED,legal_clause
0859334b76224ff82c1312ae7b2b5da1,0859334b76224ff82c1312ae7b2b5da1_clause_037,"6. Securities Laws. The Recipient acknowledges that it is aware (and, if applicable, that its Representatives who are
apprised of this matter have been advised) that the United States securities laws prohibit any person who has material
non-public information about a company from purchasing or selling securities of such company, or from communicating
such information to any other person under circumstances in which it is reasonably foreseeable that such person is likely
to purchase or sell such securities. The Recipient agrees that, to the extent that it has actually received Confidential
Information pursuant to this Agreement that constitutes material non-public information, it will not trade any securities
of CEDC or any of its Subsidiaries prior to the termination of this Agreement and that it will not use any Confidential
Information in contravention of the United States securities laws.",[],PENDING,false,,,,data/segmentation_v3/0859334b76224ff82c1312ae7b2b5da1.json,UNREVIEWED,legal_clause
0859334b76224ff82c1312ae7b2b5da1,0859334b76224ff82c1312ae7b2b5da1_clause_038,"7. Termination.

7.1 The provisions of this Agreement shall continue in full force and effect at all times until the earliest to occur of (i)
the filing of an exchange offer, offering memorandum or disclosure statement with respect to the 2016 Notes or
Convertible Notes, provided that, to the extent CEDC and the Recipient continue discussions on the terms of a
Restructuring following such filing, this period shall extend until the filing of an amended exchange offer, offering
memorandum or disclosure statement reflecting such discussions or (ii) 9:00 a.m. (GMT) on March 5, 2013, whereupon
this Agreement shall terminate and be of no further force or effect (the “Termination Date”), other than with respect to
the rights and obligations of CEDC and Recipient per Section 7.2 hereof.
-6-",[],PENDING,false,,,,data/segmentation_v3/0859334b76224ff82c1312ae7b2b5da1.json,UNREVIEWED,legal_clause
0859334b76224ff82c1312ae7b2b5da1,0859334b76224ff82c1312ae7b2b5da1_clause_039,"7.2 On the Termination Date, CEDC shall publicly file a document (the “Cleansing Document”) containing all of the
written and oral Confidential Information that constitutes material non-public information and that was provided by
CEDC or its advisors to any of (a) the Recipient or its Representatives or (b) any holder of securities who is subject to a
confidentiality agreement substantially similar to this Agreement (or to such holder’s Representatives) that was
subsequently shared with the Recipient or its Representatives; provided that such Confidential Information shall not
include any information only disclosed to the Recipients' advisors and specifically designated as ‘Non-Cleansing
Information’ by CEDC at the time of such disclosure (such Confidential Information other than the ‘Non-Cleansing
Information’ being the “Disclosure Information”). As promptly as practicable, CEDC will provide the Recipient with a
draft of the Cleansing Document. The Cleansing Document shall be the offering memorandum and/or disclosure
statement and/or Form 8-K or any periodic report required or permitted to be filed under the Exchange Act with the
Securities Exchange Commission (the “SEC”) or, if the SEC’s EDGAR filing system is not available, in such other
manner that CEDC reasonably determines results in public dissemination of such information. If CEDC does not file the
Cleansing Document on the Termination Date as required in accordance with this Section 7.2, then Recipient and/or its
Representatives shall be entitled to disclose the Confidential Information that was provided by CEDC or any of its
Subsidiaries hereunder without liability to the extent that Recipient or its Representatives reasonably believes that the
information constitutes material non-public information that is required to allow it to freely trade, through the issuance of
a press release or similar form of public communication, without any liability or breach under this Agreement (such an
announcement, the “Recipient’s Cleansing Announcement”). For the avoidance of doubt, if the Cleansing Document
filed by CEDC pursuant hereto is not in sufficient detail to ensure that, in the reasonable opinion of each of the
Recipients or their Representatives, the Recipients and their Representatives will be cleansed of any Confidential
Information hereunder such that, following the filing of the Cleansing Document by CEDC, no Recipient shall be
restricted, prevented or prohibited from trading any securities under applicable insider dealing or market abuse laws or
regulations in any jurisdiction or pursuant to any other applicable laws or regulations, then the Recipients may make a
Recipient’s Cleansing Announcement in the manner set forth above in this Section 7.2.",[],PENDING,false,,,,data/segmentation_v3/0859334b76224ff82c1312ae7b2b5da1.json,UNREVIEWED,legal_clause
0859334b76224ff82c1312ae7b2b5da1,0859334b76224ff82c1312ae7b2b5da1_clause_040,"[Signatures on the Following Page ]
-7-",[],PENDING,false,,,,data/segmentation_v3/0859334b76224ff82c1312ae7b2b5da1.json,UNREVIEWED,legal_clause
0859334b76224ff82c1312ae7b2b5da1,0859334b76224ff82c1312ae7b2b5da1_clause_041,"IN WITNESS WHEREOF, this Agreement is executed by the undersigned parties. The parties hereto further certify that
the persons signing this Agreement are duly authorized to do so.",[],PENDING,false,,,,data/segmentation_v3/0859334b76224ff82c1312ae7b2b5da1.json,UNREVIEWED,legal_clause
0859334b76224ff82c1312ae7b2b5da1,0859334b76224ff82c1312ae7b2b5da1_clause_043,By: /s/ Grant Winterton,[],PENDING,false,,,,data/segmentation_v3/0859334b76224ff82c1312ae7b2b5da1.json,UNREVIEWED,legal_clause
0859334b76224ff82c1312ae7b2b5da1,0859334b76224ff82c1312ae7b2b5da1_clause_044,Print Name: Grant Winterton,[],PENDING,false,,,,data/segmentation_v3/0859334b76224ff82c1312ae7b2b5da1.json,UNREVIEWED,legal_clause
0859334b76224ff82c1312ae7b2b5da1,0859334b76224ff82c1312ae7b2b5da1_clause_045,Title: Chief Executive Officer,[],PENDING,false,,,,data/segmentation_v3/0859334b76224ff82c1312ae7b2b5da1.json,UNREVIEWED,legal_clause
0859334b76224ff82c1312ae7b2b5da1,0859334b76224ff82c1312ae7b2b5da1_clause_046,W&L ENTERPRISES LTD.,[],PENDING,false,,,,data/segmentation_v3/0859334b76224ff82c1312ae7b2b5da1.json,UNREVIEWED,legal_clause
0859334b76224ff82c1312ae7b2b5da1,0859334b76224ff82c1312ae7b2b5da1_clause_047,By: /s/ Mark Kaufman,[],PENDING,false,,,,data/segmentation_v3/0859334b76224ff82c1312ae7b2b5da1.json,UNREVIEWED,legal_clause
0859334b76224ff82c1312ae7b2b5da1,0859334b76224ff82c1312ae7b2b5da1_clause_048,Print Name: Mark Kaufman,[],PENDING,false,,,,data/segmentation_v3/0859334b76224ff82c1312ae7b2b5da1.json,UNREVIEWED,legal_clause
0859334b76224ff82c1312ae7b2b5da1,0859334b76224ff82c1312ae7b2b5da1_clause_049,"Title: Director

-8-",[],PENDING,false,,,,data/segmentation_v3/0859334b76224ff82c1312ae7b2b5da1.json,UNREVIEWED,legal_clause
0a42e159b33ed521c4157d8babfaf3c1,0a42e159b33ed521c4157d8babfaf3c1_clause_002,"This Mutual Confidentiality Agreement (this “Agreement”), dated as of July 16, 2010, is entered into by and among Financière Elitech
SAS, a société par actions simplifiée organized under the laws of France (“Elitech”), Wescor, Inc., a Utah corporation (“Wescor”), Elitech UK
Limited, a private limited company organized under the laws of the United Kingdom (“Elitech UK” and, collectively with Elitech and Wescor,
the “Elitech Group”), Corgenix Medical Corporation, a Nevada corporation (“Corgenix”), and Corgenix U.K. Ltd., a private limited company
organized under the laws of the United Kingdom (“Corgenix U.K.” and, collectively with Corgenix, the “Corgenix Group”).",[],PENDING,false,,,,data/segmentation_v3/0a42e159b33ed521c4157d8babfaf3c1.json,UNREVIEWED,legal_clause
0a42e159b33ed521c4157d8babfaf3c1,0a42e159b33ed521c4157d8babfaf3c1_clause_004,"A. The Elitech Group and the Corgenix Group desire to enter into a commercial relationship with each other, either directly or
through their respective Affiliates (as defined below), specifically: (1) that certain Common Stock Purchase Agreement by and among Corgenix,
Elitech and Wescor (the “SPA”); (2) that certain Master Distribution Agreement by and between Corgenix and Elitech UK (the “MDA”); and
(3) that certain Joint Product Development Agreement by and between Corgenix and Elitech (the “JPDA” and, collectively with the SPA and the
MDA, the “Transaction Agreements”).",[],PENDING,false,,,,data/segmentation_v3/0a42e159b33ed521c4157d8babfaf3c1.json,UNREVIEWED,legal_clause
0a42e159b33ed521c4157d8babfaf3c1,0a42e159b33ed521c4157d8babfaf3c1_clause_005,"B. In order for the Corgenix Group and the Elitech Group to enter into the proposed commercial relationship, it is necessary for
the parties to disclose certain valuable proprietary information to each other and ensure that such proprietary information will be treated as
confidential.",[],PENDING,false,,,,data/segmentation_v3/0a42e159b33ed521c4157d8babfaf3c1.json,UNREVIEWED,legal_clause
0a42e159b33ed521c4157d8babfaf3c1,0a42e159b33ed521c4157d8babfaf3c1_clause_006,"C. Each of Corgenix, Corgenix U.K., Elitech, Wescor and Elitech UK, on behalf of itself and its respective Affiliates, agrees and
acknowledges that any Confidential Information (as defined below) that it receives from a disclosing party must be kept confidential in
accordance with the terms and conditions of this Agreement.",[],PENDING,false,,,,data/segmentation_v3/0a42e159b33ed521c4157d8babfaf3c1.json,UNREVIEWED,legal_clause
0a42e159b33ed521c4157d8babfaf3c1,0a42e159b33ed521c4157d8babfaf3c1_clause_008,"The parties, intending to be legally bound, agree as follows:",[],PENDING,false,,,,data/segmentation_v3/0a42e159b33ed521c4157d8babfaf3c1.json,UNREVIEWED,legal_clause
0a42e159b33ed521c4157d8babfaf3c1,0a42e159b33ed521c4157d8babfaf3c1_clause_009,1. Definitions. For purposes of this Agreement the following terms shall have the meanings set forth below:,[],PENDING,false,,,,data/segmentation_v3/0a42e159b33ed521c4157d8babfaf3c1.json,UNREVIEWED,legal_clause
0a42e159b33ed521c4157d8babfaf3c1,0a42e159b33ed521c4157d8babfaf3c1_clause_010,"a. The term “documents” means form or medium in which Confidential Information may be produced, including, but not be
limited to, writings, spreadsheets, presentations, web pages, emails, voicemails, drawings, graphs, charts, photographs, sound
recordings, optical or magnetic discs and data compilations in whatever form recorded or stored from which information can be
obtained and/or translated, if necessary, into reasonably usable form, and any reproductions thereof.",[],PENDING,false,,,,data/segmentation_v3/0a42e159b33ed521c4157d8babfaf3c1.json,UNREVIEWED,legal_clause
0a42e159b33ed521c4157d8babfaf3c1,0a42e159b33ed521c4157d8babfaf3c1_clause_011,"1

b. The term “Confidential Information” means any and all information, tangible or intangible, in whatever form or medium
provided or obtained by any receiving party or such party’s representatives, directly or indirectly, including all documents and
information generated by a disclosing party or its representatives that contains, reflects or is derived from such information,
whether orally, in writing, in documents, through or by observation or otherwise, in any way relating to the Transaction
Agreements and the transactions contemplated in such Transaction Agreements, including, but not limited to, information
about existing or contemplated products, services, client lists, marketing techniques, pricing policies, financial information,
research and development techniques and processes, manufacturing processes, sales processes, bidding and tender processes,
costs, profits, sales, markets and all other data and intellectual property related thereto.",[],PENDING,false,,,,data/segmentation_v3/0a42e159b33ed521c4157d8babfaf3c1.json,UNREVIEWED,legal_clause
0a42e159b33ed521c4157d8babfaf3c1,0a42e159b33ed521c4157d8babfaf3c1_clause_012,"Notwithstanding the foregoing, information shall not be considered Confidential Information for purposes of this Agreement if:
(a) a receiving party or its Affiliates already possesses the information without an obligation of confidentiality at the time of
disclosure as verified by independent written files or records; (b) the information is or becomes part of the public domain other
than as a result of unauthorized disclosure by a receiving party or its Affiliates of such information; (c) the information has
been or is made available to a receiving party or its Affiliates by a third party that, to the receiving party’s or its Affiliates’ best
knowledge, is not under an obligation of confidentiality to the disclosing party or its Affiliates; or (d) the information is
independently developed by a receiving party or its Affiliates prior to such information being disclosed by a disclosing party, as
verified by independent written files or records.",[],PENDING,false,,,,data/segmentation_v3/0a42e159b33ed521c4157d8babfaf3c1.json,UNREVIEWED,legal_clause
0a42e159b33ed521c4157d8babfaf3c1,0a42e159b33ed521c4157d8babfaf3c1_clause_013,"c. The term “Affiliate” means with respect to any person, any other person that, directly or indirectly, controls, is controlled by,
or is under a common control with, such first person. The term “control” including the terms “controlled by” and “under a
common control with” (as used in the preceding sentence) means the possession, directly or indirectly, of the power to direct or
cause the direction of management and policies of the person, whether through the ownership of securities, by contract or
otherwise.",[],PENDING,false,,,,data/segmentation_v3/0a42e159b33ed521c4157d8babfaf3c1.json,UNREVIEWED,legal_clause
0a42e159b33ed521c4157d8babfaf3c1,0a42e159b33ed521c4157d8babfaf3c1_clause_014,"2. Confidentiality. With respect to the Confidential Information, the Elitech Group and its Affiliates (on the one hand), and the
Corgenix Group and its Affiliates (on the other hand), shall: (a) restrict disclosure of the Confidential Information solely to those of their
respective employees, Affiliates, advisors or representatives with a need to know; (b) advise their respective employees, Affiliates, advisors or",[],PENDING,false,,,,data/segmentation_v3/0a42e159b33ed521c4157d8babfaf3c1.json,UNREVIEWED,legal_clause
0a42e159b33ed521c4157d8babfaf3c1,0a42e159b33ed521c4157d8babfaf3c1_clause_015,"representatives who receive the Confidential Information of the obligation of confidentiality hereunder; (c) use, and advise their respective
employees, Affiliates, advisors or representatives to use, the same degree of care to protect the Confidential Information and to prevent
disclosure of the Confidential Information as is used with the party’s own confidential information, which shall be at least the degree of care that
a reasonably prudent person would take to protect and prevent disclosure of confidential",[],PENDING,false,,,,data/segmentation_v3/0a42e159b33ed521c4157d8babfaf3c1.json,UNREVIEWED,legal_clause
0a42e159b33ed521c4157d8babfaf3c1,0a42e159b33ed521c4157d8babfaf3c1_clause_016,"2

information; and (d) use the Confidential Information only for purposes of carrying out their respective obligations under the Transaction
Agreements.",[],PENDING,false,,,,data/segmentation_v3/0a42e159b33ed521c4157d8babfaf3c1.json,UNREVIEWED,legal_clause
0a42e159b33ed521c4157d8babfaf3c1,0a42e159b33ed521c4157d8babfaf3c1_clause_017,"3. Compliance with Laws. If any party to this Agreement or its Affiliates, as the case may be, becomes legally compelled
(including pursuant to any rule or regulation promulgated by any securities regulation authority or any securities exchange) to make any
disclosure that is prohibited or otherwise constrained by this Agreement, then such party will give, or will cause its Affiliate to give, the other
parties immediate written notice of such requirement so that they may seek a protective order or other appropriate relief, or waive compliance
with the nondisclosure provisions of this Agreement. Subject to the foregoing, the party that is legally compelled to disclose Confidential
Information may make only such disclosure that it is legally compelled or otherwise required to make to avoid standing liable for contempt or
suffering other material censure or penalty; provided, however, that such party and its Affiliates must use reasonable efforts to obtain reliable
assurance that confidential treatment will be accorded any Confidential Information so disclosed.",[],PENDING,false,,,,data/segmentation_v3/0a42e159b33ed521c4157d8babfaf3c1.json,UNREVIEWED,legal_clause
0a42e159b33ed521c4157d8babfaf3c1,0a42e159b33ed521c4157d8babfaf3c1_clause_018,"4. Return of Documents. Upon the request of Corgenix, on the one hand, or Elitech, on the other hand, the other party shall
return, or shall cause its Affiliates to return, as the case may be, all documents containing the requesting party’s Confidential Information,
without retaining any copies or other reproductions, in whole or in part, except for one copy of such documents or records retained in confidence
by the other party’s counsel solely for the purpose of any dispute or anticipated dispute arising out of the discussions or use of the Confidential
Information.",[],PENDING,false,,,,data/segmentation_v3/0a42e159b33ed521c4157d8babfaf3c1.json,UNREVIEWED,legal_clause
0a42e159b33ed521c4157d8babfaf3c1,0a42e159b33ed521c4157d8babfaf3c1_clause_019,"5. Breach. If the Corgenix Group or its Affiliates, on the one hand, or the Elitech Group or its Affiliates, on the other hand,
breaches its obligations under this Agreement, the other party shall have available to it all its rights and remedies at law and in equity, including
the right to seek injunctive relief without being required to post a bond or similar form of security, it being acknowledged and agreed by all
parties that a breach or threatened breach of the terms of this Agreement by one party or its Affiliates may cause irreparable injury to the other
party or its Affiliates and that money damages will not provide an adequate remedy to such other party or its Affiliates.",[],PENDING,false,,,,data/segmentation_v3/0a42e159b33ed521c4157d8babfaf3c1.json,UNREVIEWED,legal_clause
0a42e159b33ed521c4157d8babfaf3c1,0a42e159b33ed521c4157d8babfaf3c1_clause_020,"6. Assignment. This Agreement may not be assigned by any party hereto without the prior written consent of the other parties.
This Agreement shall bind and accrue to the benefit of the parties hereto and their respective successors and permitted assigns. Notwithstanding
the foregoing, this Agreement may be assigned by Elitech or Corgenix to any of their respective Affiliates, provided such Affiliate existed as of
the date of this Agreement.",[],PENDING,false,,,,data/segmentation_v3/0a42e159b33ed521c4157d8babfaf3c1.json,UNREVIEWED,legal_clause
0a42e159b33ed521c4157d8babfaf3c1,0a42e159b33ed521c4157d8babfaf3c1_clause_021,"7. Notices. Except as may be otherwise provided herein, all notices, requests, waivers and other communications made pursuant
to this Agreement will be in writing and will be conclusively deemed to have been duly given (a) when hand delivered to the other parties;
(b) when received if sent by facsimile or electronic mail to the number or the email address set forth below, provided that the sending party
receives a confirmation of delivery; (c) three (3) business days after deposit in the U.S. mail with first class or certified mail receipt requested",[],PENDING,false,,,,data/segmentation_v3/0a42e159b33ed521c4157d8babfaf3c1.json,UNREVIEWED,legal_clause
0a42e159b33ed521c4157d8babfaf3c1,0a42e159b33ed521c4157d8babfaf3c1_clause_022,"3

postage prepaid and addressed to the other parties as set forth below; or (d) forty-eight (48) hours after deposit with an internationally recognized
overnight delivery service, postage prepaid, addressed to the parties as set forth below with next-business-day delivery guaranteed, provided that
the sending party receives a confirmation of delivery from the delivery service provider. Each person making a communication hereunder by
facsimile or electronic mail will promptly confirm by telephone to the person to whom such communication was addressed each communication
made by it by facsimile or electronic mail, but the absence of such confirmation will not affect the validity of any such communication. A party
may change or supplement the addresses, facsimile numbers and email addresses provided in its signature block below, or designate additional
addresses, facsimile numbers or email addresses, for purposes of this Section 7 by giving the other parties written notice of the new address,
facsimile numbers or email addresses in the manner set forth above.",[],PENDING,false,,,,data/segmentation_v3/0a42e159b33ed521c4157d8babfaf3c1.json,UNREVIEWED,legal_clause
0a42e159b33ed521c4157d8babfaf3c1,0a42e159b33ed521c4157d8babfaf3c1_clause_023,"8. Governing Law. This Agreement and any controversy arising out of or relating to this Agreement will be governed by and
construed in accordance with the internal laws of the State of Colorado, without regard to conflict of law principles that would result in the
application of any law other than the law of the State of Colorado.",[],PENDING,false,,,,data/segmentation_v3/0a42e159b33ed521c4157d8babfaf3c1.json,UNREVIEWED,legal_clause
0a42e159b33ed521c4157d8babfaf3c1,0a42e159b33ed521c4157d8babfaf3c1_clause_024,"9. Venue. Each of the parties consents and submits to the jurisdiction of the federal courts located in the District of Colorado in
connection with any suits or other actions arising between the parties under this Agreement, and consents and waives any objections to the venue
of such action or proceeding in the federal courts located in the District of Colorado.",[],PENDING,false,,,,data/segmentation_v3/0a42e159b33ed521c4157d8babfaf3c1.json,UNREVIEWED,legal_clause
0a42e159b33ed521c4157d8babfaf3c1,0a42e159b33ed521c4157d8babfaf3c1_clause_025,"10. Severability. If any term, provision, covenant, or condition of this Agreement, or its application to any person or
circumstance, will be held by a court of competent jurisdiction to be invalid, unenforceable, or void, the remainder of this Agreement and such
term, provision, covenant, or condition as applied to other persons or circumstances will remain in full force and effect.",[],PENDING,false,,,,data/segmentation_v3/0a42e159b33ed521c4157d8babfaf3c1.json,UNREVIEWED,legal_clause
0a42e159b33ed521c4157d8babfaf3c1,0a42e159b33ed521c4157d8babfaf3c1_clause_026,"11. Entire Agreement; Amendments. The Transaction Agreements and this Agreement constitute the full and entire
understanding and agreement among the parties with respect to the subject hereof and thereof. The provisions of this Agreement may be
amended with the prior written consent of Corgenix and Elitech.",[],PENDING,false,,,,data/segmentation_v3/0a42e159b33ed521c4157d8babfaf3c1.json,UNREVIEWED,legal_clause
0a42e159b33ed521c4157d8babfaf3c1,0a42e159b33ed521c4157d8babfaf3c1_clause_027,"12. Authorization. Each of the undersigned representatives of the parties warrants and represents that he or she is duly authorized
to execute and deliver this Agreement on behalf of the respective party for which he or she signs, and that the organization on whose behalf he or
she signs is currently in good standing in the jurisdiction where organized.",[],PENDING,false,,,,data/segmentation_v3/0a42e159b33ed521c4157d8babfaf3c1.json,UNREVIEWED,legal_clause
0a42e159b33ed521c4157d8babfaf3c1,0a42e159b33ed521c4157d8babfaf3c1_clause_028,"13. Headings. The headings of the sections of this Agreement are inserted for convenience only and will not be deemed to
constitute a part of this Agreement.",[],PENDING,false,,,,data/segmentation_v3/0a42e159b33ed521c4157d8babfaf3c1.json,UNREVIEWED,legal_clause
0a42e159b33ed521c4157d8babfaf3c1,0a42e159b33ed521c4157d8babfaf3c1_clause_029,"14. Counterparts. This Agreement may be executed in two or more counterparts, each of which will be deemed an original, but
all of which together will constitute one and the same instrument.",[],PENDING,false,,,,data/segmentation_v3/0a42e159b33ed521c4157d8babfaf3c1.json,UNREVIEWED,legal_clause
0a42e159b33ed521c4157d8babfaf3c1,0a42e159b33ed521c4157d8babfaf3c1_clause_030,"4

15. Delays, Omission, and Waivers. No delay or omission to exercise any right, power or remedy accruing to any party as a
result of a breach or default of this Agreement will impair any such right, power or remedy of the non-defaulting party, nor will it be construed to
be a waiver of any such breach or default or an acquiescence therein, nor will any similar breach or default be deemed a waiver of any other
breach or default theretofore or thereafter occurring; nor will any waiver of any single breach or default be deemed a waiver of any other breach
or default theretofore or thereafter occurring. Any waiver, permit, consent or approval of any kind or character on the part of any party of any
breach or default under this Agreement or any waiver on the part of any party of any provisions or conditions of this Agreement must be in
writing and will be effective only to the extent specifically set forth in such writing.",[],PENDING,false,,,,data/segmentation_v3/0a42e159b33ed521c4157d8babfaf3c1.json,UNREVIEWED,legal_clause
0a42e159b33ed521c4157d8babfaf3c1,0a42e159b33ed521c4157d8babfaf3c1_clause_031,"16. Survival. This Agreement shall become effective on the date set forth above and shall continue for as long as any of the
Transaction Agreements are in effect, and shall survive the termination of any of the Transaction Agreements for a term of twenty (20) years
commencing on the date that the last Transaction Agreement expires or is terminated.",[],PENDING,false,,,,data/segmentation_v3/0a42e159b33ed521c4157d8babfaf3c1.json,UNREVIEWED,legal_clause
0a42e159b33ed521c4157d8babfaf3c1,0a42e159b33ed521c4157d8babfaf3c1_clause_032,[Remainder of page intentionally left blank. Signature page follows.],[],PENDING,false,,,,data/segmentation_v3/0a42e159b33ed521c4157d8babfaf3c1.json,UNREVIEWED,legal_clause
0a42e159b33ed521c4157d8babfaf3c1,0a42e159b33ed521c4157d8babfaf3c1_clause_033,"5

IN WITNESS WHEREOF, the parties hereto have caused this Agreement to be executed and delivered by their duly authorized
representative as of the date and year set forth above.",[],PENDING,false,,,,data/segmentation_v3/0a42e159b33ed521c4157d8babfaf3c1.json,UNREVIEWED,legal_clause
0a42e159b33ed521c4157d8babfaf3c1,0a42e159b33ed521c4157d8babfaf3c1_clause_036,"By:
Douglass T. Simpson",[],PENDING,false,,,,data/segmentation_v3/0a42e159b33ed521c4157d8babfaf3c1.json,UNREVIEWED,legal_clause
0a42e159b33ed521c4157d8babfaf3c1,0a42e159b33ed521c4157d8babfaf3c1_clause_037,"By:
Pierre Debiais
Title:
President and Chief Executive Officer",[],PENDING,false,,,,data/segmentation_v3/0a42e159b33ed521c4157d8babfaf3c1.json,UNREVIEWED,legal_clause
0a42e159b33ed521c4157d8babfaf3c1,0a42e159b33ed521c4157d8babfaf3c1_clause_038,"Title:
President

Address for notices:",[],PENDING,false,,,,data/segmentation_v3/0a42e159b33ed521c4157d8babfaf3c1.json,UNREVIEWED,legal_clause
0a42e159b33ed521c4157d8babfaf3c1,0a42e159b33ed521c4157d8babfaf3c1_clause_039,"Address for notices:
Attention: President
11575 Main Street, Suite 400
Broomfield, Colorado 80020
Facsimile: (303) 453-8896
Email: Dsimpson@corgenix.com",[],PENDING,false,,,,data/segmentation_v3/0a42e159b33ed521c4157d8babfaf3c1.json,UNREVIEWED,legal_clause
0a42e159b33ed521c4157d8babfaf3c1,0a42e159b33ed521c4157d8babfaf3c1_clause_040,"Attention: Pierre Debiais
12-12 bis, rue Jean Jaurès
92800 Puteaux
France
Facsimile: +33 (1) 41 45 07 19
Email: p.debiais@elitechgroup.com",[],PENDING,false,,,,data/segmentation_v3/0a42e159b33ed521c4157d8babfaf3c1.json,UNREVIEWED,legal_clause
0a42e159b33ed521c4157d8babfaf3c1,0a42e159b33ed521c4157d8babfaf3c1_clause_043,"By:
Douglass T. Simpson",[],PENDING,false,,,,data/segmentation_v3/0a42e159b33ed521c4157d8babfaf3c1.json,UNREVIEWED,legal_clause
0a42e159b33ed521c4157d8babfaf3c1,0a42e159b33ed521c4157d8babfaf3c1_clause_044,"By:
Janice Wallentine
Title:
Director",[],PENDING,false,,,,data/segmentation_v3/0a42e159b33ed521c4157d8babfaf3c1.json,UNREVIEWED,legal_clause
0a42e159b33ed521c4157d8babfaf3c1,0a42e159b33ed521c4157d8babfaf3c1_clause_045,"Title:
Chief Financial Officer",[],PENDING,false,,,,data/segmentation_v3/0a42e159b33ed521c4157d8babfaf3c1.json,UNREVIEWED,legal_clause
0a42e159b33ed521c4157d8babfaf3c1,0a42e159b33ed521c4157d8babfaf3c1_clause_046,Address for notices:,[],PENDING,false,,,,data/segmentation_v3/0a42e159b33ed521c4157d8babfaf3c1.json,UNREVIEWED,legal_clause
0a42e159b33ed521c4157d8babfaf3c1,0a42e159b33ed521c4157d8babfaf3c1_clause_047,"Address for notices:
40 Commerce Road
Lynch Wood
Peterborough PE2 6LR
United Kingdom
Fax +44 (0) 1733 238412
Email: Dsimpson@corgenix.com",[],PENDING,false,,,,data/segmentation_v3/0a42e159b33ed521c4157d8babfaf3c1.json,UNREVIEWED,legal_clause
0a42e159b33ed521c4157d8babfaf3c1,0a42e159b33ed521c4157d8babfaf3c1_clause_048,"Attention: Michael Saunders
370 West 1700 South
Logan, Utah 84321
Facsimile: (425) 752-4127
Email: m.saunders@elitechgroup.com",[],PENDING,false,,,,data/segmentation_v3/0a42e159b33ed521c4157d8babfaf3c1.json,UNREVIEWED,legal_clause
0a42e159b33ed521c4157d8babfaf3c1,0a42e159b33ed521c4157d8babfaf3c1_clause_049,Signature Page — Mutual Confidentiality Agreement,[],PENDING,false,,,,data/segmentation_v3/0a42e159b33ed521c4157d8babfaf3c1.json,UNREVIEWED,legal_clause
0a42e159b33ed521c4157d8babfaf3c1,0a42e159b33ed521c4157d8babfaf3c1_clause_051,"By:
Tim Watson

Title:
Managing Director",[],PENDING,false,,,,data/segmentation_v3/0a42e159b33ed521c4157d8babfaf3c1.json,UNREVIEWED,legal_clause
0a42e159b33ed521c4157d8babfaf3c1,0a42e159b33ed521c4157d8babfaf3c1_clause_052,Address for notices:,[],PENDING,false,,,,data/segmentation_v3/0a42e159b33ed521c4157d8babfaf3c1.json,PRIORITY_UNREVIEWED,legal_clause
0a42e159b33ed521c4157d8babfaf3c1,0a42e159b33ed521c4157d8babfaf3c1_clause_053,"Attention: Tim Watson
Unit 6, River Park Industrial Estate
Billet Lane
Berkhamsted HP4 1HL
England
Facsimile: +44 144 287 6774
Email: tim@elitechuk.com",[],PENDING,false,,,,data/segmentation_v3/0a42e159b33ed521c4157d8babfaf3c1.json,UNREVIEWED,legal_clause
0a42e159b33ed521c4157d8babfaf3c1,0a42e159b33ed521c4157d8babfaf3c1_clause_054,Signature Page — Mutual Confidentiality Agreement,[],PENDING,false,,,,data/segmentation_v3/0a42e159b33ed521c4157d8babfaf3c1.json,UNREVIEWED,legal_clause
0b59dfc4ce9b40b0c39759dc1ade14bc,0b59dfc4ce9b40b0c39759dc1ade14bc_clause_001,"MUTUAL NON-DISCLOSURE AND NON-SOLICITATION AGREEMENT
 This Mutual Non-Disclosure and Non-Solicitation Agreement (this ""Agreement""), is made as of September 17, 2001 between EarthLink, Inc. a
Delaware corporation (""EarthLink""), and PeoplePC, Inc., a Delaware corporation (""PeoplePC""). EarthLink and PeoplePC are sometimes referred to
herein individually as a ""Party"" and collectively as the ""Parties.""",[],PENDING,false,,,,data/segmentation_v3/0b59dfc4ce9b40b0c39759dc1ade14bc.json,UNREVIEWED,legal_clause
0b59dfc4ce9b40b0c39759dc1ade14bc,0b59dfc4ce9b40b0c39759dc1ade14bc_clause_002,"1. Purpose. EarthLink and PeoplePC wish to have discussions relating to a potential transaction (the ""Transaction"") between EarthLink
(and/or its subsidiaries and stockholders) and PeoplePC (and/or its subsidiaries and stockholders). In the course of such discussions, each Party
expects to make available to the other Party and its Representatives (as defined herein) Evaluation Material (as defined herein) concerning the
businesses, financial condition, operations, assets, properties, liabilities, and prospects of such Party. As a condition to making such information
available, each Party is entering this Agreement and agrees that all Evaluation Material received by it or its Representatives from the other Party or
any of its Representatives shall be treated in accordance with this Agreement.",[],PENDING,false,,,,data/segmentation_v3/0b59dfc4ce9b40b0c39759dc1ade14bc.json,UNREVIEWED,legal_clause
0b59dfc4ce9b40b0c39759dc1ade14bc,0b59dfc4ce9b40b0c39759dc1ade14bc_clause_003,"2. Certain Definitions. As used in this Agreement: (i) the term ""Receiving Party"" means the Party receiving Evaluation Material; (ii) the
term ""Furnishing Party"" means the Party providing Evaluation Material or causing Evaluation Material to be provided; (iii) the term
""Representatives"" means the directors, officers, employees, agents or advisors (including, without limitation, attorneys, accountants, investment
bankers, financial advisors and other consultants and advisors engaged in connection with the review and evaluation of the Transaction) of the
specified Party; and (iv) the term ""Evaluation Material"" means all proprietary and confidential information concerning the Furnishing Party or any
of its subsidiaries or affiliates, whether in verbal, visual, written, electronic or other form, which is made available by the Furnishing Party or any of
its Representatives to the Receiving Party or any of its Representatives (""Primary Evaluation Material""), together, in each case, with all notes,
memoranda, summaries, analyses, studies, compilations and other writings relating thereto or based in whole or in part thereon prepared by the
Receiving Party or any of its Representatives (""Derivative Evaluation Material""). Notwithstanding the foregoing, the term ""Evaluation Material""
shall not include, and the Parties' obligations herein (other than their obligations under paragraph 6 of this Agreement) shall not extend to
information which (a) was rightfully in the possession of the Receiving Party prior to disclosure by the Furnishing Party; (b) was or is independently
developed by the Receiving Party without use of the Evaluation Material; (c) is now or hereafter becomes available to the public other than as a
result of disclosure by the Receiving Party or any of the Receiving Party's Representatives in violation of this Agreement; (d) becomes available to
the Receiving Party or any of its Representatives on a non-confidential basis from a source other than the Furnishing Party or any of its
Representatives and such source is not, to the knowledge of the Receiving Party following reasonable inquiry, under any obligation to the Furnishing
Party or any of its Representatives (whether contractual, legal or fiduciary) to keep such information confidential; or (e) is transmitted by or on
behalf of the Furnishing Party after receiving written notification from the Receiving Party of the termination of discussions relating to the
Transaction or written instructions from the Receiving Party not to furnish any further Evaluation Material.",[],PENDING,false,,,,data/segmentation_v3/0b59dfc4ce9b40b0c39759dc1ade14bc.json,UNREVIEWED,legal_clause
0b59dfc4ce9b40b0c39759dc1ade14bc,0b59dfc4ce9b40b0c39759dc1ade14bc_clause_004,3. Confidentiality and Use of Evaluation Material.,[],PENDING,false,,,,data/segmentation_v3/0b59dfc4ce9b40b0c39759dc1ade14bc.json,PRIORITY_UNREVIEWED,legal_clause
0b59dfc4ce9b40b0c39759dc1ade14bc,0b59dfc4ce9b40b0c39759dc1ade14bc_clause_005,"(a) Confidentiality of Evaluation Material. All Evaluation Material (i) shall be used solely for the purpose of evaluating and
considering the Transaction; (ii) shall be kept strictly confidential by the Receiving Party; and (iii) shall be provided by the Receiving Party
solely to those of its Representatives to whom disclosure is reasonably required to facilitate the Receiving Party's evaluation or consideration
of the Transaction, it being the intention of the Parties to restrict the dissemination of Evaluation Material to as small a working group as
practicable. The Parties agree that all Evaluation Material is and shall remain the property of the Furnishing Party. Before providing access to
Evaluation Material to any Representative, the Receiving Party shall inform such Representative of the confidentiality of the Evaluation
Material, and shall advise such
Representative that, by accepting possession of or access to such information, such Representative is agreeing to be bound by this
Agreement. Each Party shall be responsible for any breach of this Agreement by any of its Representatives.",[],PENDING,false,,,,data/segmentation_v3/0b59dfc4ce9b40b0c39759dc1ade14bc.json,UNREVIEWED,legal_clause
0b59dfc4ce9b40b0c39759dc1ade14bc,0b59dfc4ce9b40b0c39759dc1ade14bc_clause_006,"(b) Compulsory Disclosure of Evaluation Material. If the Receiving Party or its Representatives are requested or required in any
judicial, arbitral or administrative proceeding or by any governmental or regulatory authority to disclose any Evaluation Material (whether by
deposition, interrogatory, request for documents, subpoena, civil investigative demand, or otherwise), or the Receiving Party is so requested
or required to disclose any of the facts disclosure of which is prohibited under paragraph (3)(e) of this Agreement, the Receiving Party shall
give the Furnishing Party prompt notice of such request so that the Furnishing Party may seek an appropriate protective order or other
appropriate remedy and/or waive compliance with the provisions of this Agreement, and, upon the Furnishing Party's request and at the
Furnishing Party's expense, shall reasonably cooperate with the Furnishing Party in seeking such an order. If, in the absence of a protective
order or other remedy or the receipt of a waiver by the Furnishing Party, the Receiving Party is nontheless, in the opinion of the Receiving
Party's or (in the case of disclosure requested or required of a Representative, such Representative's) outside counsel or General Counsel,
legally compelled to disclose Evaluation Material, the Receiving Party shall disclose only that portion of the Evaluation Material which the
Receiving Party is legally required to disclose and upon the Furnishing Party's request and at the Furnishing Party's expense, shall use all
requisite reasonable efforts to obtain assurances that confidential treatment will be accorded to such Evaluation Material to the extent such
assurances are available. Subject to the foregoing conditions and limitations, the Receiving Party may disclose Evaluation Material under the
circumstances set forth in this paragraph (b) without liability hereunder.",[],PENDING,false,,,,data/segmentation_v3/0b59dfc4ce9b40b0c39759dc1ade14bc.json,UNREVIEWED,legal_clause
0b59dfc4ce9b40b0c39759dc1ade14bc,0b59dfc4ce9b40b0c39759dc1ade14bc_clause_007,"(c) Other Public Disclosure. Except (i) for such public disclosure as may be necessary, in the good faith judgment of the disclosing
Party consistent with advice of counsel, for the disclosing Party not to be in violation of any applicable law, regulation or order, or (ii) with",[],PENDING,false,,,,data/segmentation_v3/0b59dfc4ce9b40b0c39759dc1ade14bc.json,UNREVIEWED,legal_clause
0b59dfc4ce9b40b0c39759dc1ade14bc,0b59dfc4ce9b40b0c39759dc1ade14bc_clause_008,"the prior written consent of the order Party, neither Part shall:
 (x) make any disclosure (and each Party shall direct its Representatives not to make any disclosure) to any person of (A) the
fact that discussions, negotiations or investigations are taking or have taken place concerning a Transaction, (B) the existence or
contents of this Agreement, or the fact that either Party has requested or received Evaluation Material from the other Party, or (C) any
of the terms, conditions or other facts with respect to any proposed Transaction, including the status of the discussions or negotiations
related thereto, or
 (y) make any public statement concerning a proposed Transaction.",[],PENDING,false,,,,data/segmentation_v3/0b59dfc4ce9b40b0c39759dc1ade14bc.json,UNREVIEWED,legal_clause
0b59dfc4ce9b40b0c39759dc1ade14bc,0b59dfc4ce9b40b0c39759dc1ade14bc_clause_009,"(d) Notice If either Party proposes to make any disclosure in reliance on clause (i) above, the disclosing Party shall, to the extent
practicable, provide the other Party with the text of the proposed disclosure as far in advance of its disclosure as is practicable and shall in
good faith consult with and consider the suggestions of the other Party concerning the nature and scope of the information it proposes to
disclose. Notwithstanding the foregoing, a Party may make such public announcement or public statement if in the opinion of such Party's
outside counsel or General Counsel, such public announcement or public statement is necessary to avoid committing a violation of law or of
any rule or regulation of any securities association, stock exchange or national securities quotation system on which such Party's securities
are listed or trade. In such event, the disclosing Party shall use its reasonable best efforts to give advance notice to the other Party and to
consult with the other Party on the timing and content of any such public announcement or public statement.",[],PENDING,false,,,,data/segmentation_v3/0b59dfc4ce9b40b0c39759dc1ade14bc.json,UNREVIEWED,legal_clause
0b59dfc4ce9b40b0c39759dc1ade14bc,0b59dfc4ce9b40b0c39759dc1ade14bc_clause_010,"(e) Certain Securities Law Restrictions. Each Party acknowledges that the Evaluation Material may contain material nonpublic
information concerning the Furnishing Party. Each Party
2
further acknowledges its awareness of the restrictions imposed by federal and state securities laws on persons in possession of material
nonpublic information. Nothing herein shall constitute an admission by either Party that any Evaluation Material in fact contains material
nonpublic information concerning the Furnishing Party.",[],PENDING,false,,,,data/segmentation_v3/0b59dfc4ce9b40b0c39759dc1ade14bc.json,UNREVIEWED,legal_clause
0b59dfc4ce9b40b0c39759dc1ade14bc,0b59dfc4ce9b40b0c39759dc1ade14bc_clause_011,"(f) Contact with Employees and Representatives. Neither Party shall communicate with any employee of the other Party regarding
the Transaction or disclose any Evaluation Material to any employee or Representative of the other Party, other than the employees and
Representatives named on the working group lists provided by the Parties from time to time.",[],PENDING,false,,,,data/segmentation_v3/0b59dfc4ce9b40b0c39759dc1ade14bc.json,UNREVIEWED,legal_clause
0b59dfc4ce9b40b0c39759dc1ade14bc,0b59dfc4ce9b40b0c39759dc1ade14bc_clause_012,"(g) General. Notwithstanding any other provision of this Agreement, neither Party will be restricted from using the information
contained in the Evaluation Material that is retained in the minds of Representatives who have had access to the other Party's Evaluation
Material, unless such use shall infringe on any of such Party's patent rights, trademark rights or copyright rights.",[],PENDING,false,,,,data/segmentation_v3/0b59dfc4ce9b40b0c39759dc1ade14bc.json,UNREVIEWED,legal_clause
0b59dfc4ce9b40b0c39759dc1ade14bc,0b59dfc4ce9b40b0c39759dc1ade14bc_clause_013,"4. Accuracy of Evaluation Material: No Representations or Warranties. Each Party acknowledges and agrees (a) that no representation or
warranty, express or implied, is made by either Party or any of its respective Representatives as to the accuracy or completeness of the Evaluation
Material, and (b) that the Parties shall be entitled to rely only on those representations and warranties (if any) that may be made in a definitive
written agreement for the Transaction, signed and delivered by both Parties, and then only to the extent, and subject to the limitations, provided
therein.",[],PENDING,false,,,,data/segmentation_v3/0b59dfc4ce9b40b0c39759dc1ade14bc.json,PRIORITY_UNREVIEWED,legal_clause
0b59dfc4ce9b40b0c39759dc1ade14bc,0b59dfc4ce9b40b0c39759dc1ade14bc_clause_014,"5. No Solicitation.
 (a) For a period of one year subsequent to the termination of discussions regarding a Transaction, neither Party shall, without the prior
written consent of the other Party, directly or indirectly solicit for hire any person currently employed by the other Party (or any of its
subsidiaries) with whom the hiring Party first has contact, or who first becomes known to the hiring Party. In the course of the Parties'
discussions and due diligence with respect to the proposed Transaction; provided, however, that the foregoing provision shall not prevent
either Party, without such consent, from employing any employee who (i) contacts the hiring Party directly at his or her own initiative
without any direct or indirect solicitation by or encouragement from the hiring Party, (ii) responds to a mass media solicitation or
advertisement consistent with the hiring Party's past practices that is not directed at employees of the other Party or (iii) is identified by a
third party executive search firm or employment agency without any assistance from such Party.",[],PENDING,false,,,,data/segmentation_v3/0b59dfc4ce9b40b0c39759dc1ade14bc.json,UNREVIEWED,legal_clause
0b59dfc4ce9b40b0c39759dc1ade14bc,0b59dfc4ce9b40b0c39759dc1ade14bc_clause_015,"(b) For a period one year from the date of this Agreement, neither Party shall, without the prior written consent of the other Party or the
other Party's board of directors, either directly or indirectly through any affiliate or Representative or otherwise: (i) acquire, offer to acquire,
or agree to acquire, by purchase, tender offer, merger, consolidation, share exchange or otherwise, ownership or control of any voting
securities, or any direct or indirect right to acquire any voting securities, of the other Party, any subsidiary thereof, or any successor
corporation thereto; (ii) make, or in any way participate in any ""solicitation"" of ""proxies"" (as such terms are used in the rules and regulations
of the Securities and Exchange Commission) to vote, or seek to advise or influence any person or entity with respect to the voting of, any
voting securities of the other Party; (iii) seek or propose to influence or control the management or policies of the other Party; (iv) make any
public announcement with respect to, or submit a proposal for, or offer of any merger, acquisition or other business combination or
extraordinary transaction involving the other Party or any of its subsidiaries or any securities or assets of the other Party or any of its
subsidiaries; (v) form, join or in any way participate in a ""group""( as defined in Section 13(d)(3) of the Securities Exchange Act of 1934, as
amended) in connection with any of the foregoing, or (vi) request the other Party or any of the other party's Representatives to amend or
waive any provision of this paragraph 5(b) in any manner which may reasonably be expected to compel or result in public disclosure;
provided that such limitations shall expire upon the public",[],PENDING,false,,,,data/segmentation_v3/0b59dfc4ce9b40b0c39759dc1ade14bc.json,UNREVIEWED,legal_clause
0b59dfc4ce9b40b0c39759dc1ade14bc,0b59dfc4ce9b40b0c39759dc1ade14bc_clause_016,"3
announcement of a third party tender offer for more than fifty percent of the outstanding voting securities of the other Party or a business
combination between the other Party and a third party. Each Party (the ""Representing Party"") represents and warrants to the other Party that
as of the date of this Agreement the Representing Party does not directly or indirectly own or possess voting or dispositive control over any
voting securities of the other Party.",[],PENDING,false,,,,data/segmentation_v3/0b59dfc4ce9b40b0c39759dc1ade14bc.json,UNREVIEWED,legal_clause
0b59dfc4ce9b40b0c39759dc1ade14bc,0b59dfc4ce9b40b0c39759dc1ade14bc_clause_017,"6. Return and Destruction of Evaluation Material. At any time after termination of discussions by either Party with respect to the
Transaction, upon the request of the Furnishing Party, the Receiving Party shall promptly (and in no event later than five business days after such
request) (a) redeliver or cause to be redelivered to the Furnishing Party all copies of all Primary Evaluation Material in the possession or control of
the Receiving Party or its Representatives which is in a visual or written format and erase or destroy all copies of all such Primary Evaluation
Material which is stored in electronic format, and (b) destroy or cause to be destroyed all Derivative Evaluation Material in the possession or control
of the Receiving Party or any of its Representatives. Nothing herein shall obligate the Receiving Party to provide any Derivative Evaluation Material
to the Furnishing Party. Notwithstanding the return, destruction or erasure of Evaluation Material hereunder, the Receiving Party and its
Representatives shall continue to be bound by their confidentiality and other obligations hereunder.",[],PENDING,false,,,,data/segmentation_v3/0b59dfc4ce9b40b0c39759dc1ade14bc.json,UNREVIEWED,legal_clause
0b59dfc4ce9b40b0c39759dc1ade14bc,0b59dfc4ce9b40b0c39759dc1ade14bc_clause_018,"7. Remedies. Each Party agrees that money damages would not be a sufficient remedy for any breach of any provision of this Agreement by
it or any of its Representatives, and that in addition to all other remedies which either Party may have, each Party shall be entitled to specific
performance and injunctive or other equitable relief as a remedy for any such breach. Such remedies shall not be deemed to be the exclusive
remedies for a breach of this Agreement but shall be in addition to all other remedies available at law or in equity. No failure or delay by either Party
in exercising any right, power or privilege hereunder shall operate as a waiver thereof, nor shall any single or partial exercise thereof preclude any
other or further exercise thereof or the exercise of any right, power or privilege hereunder. In the event that either Party should institute proceedings
to enforce any provision of this Agreement, the prevailing Party in such proceedings shall be entitled to recover all expenses relating to the
enforcement of this Agreement, including reasonable attorneys' fees and costs, in addition to any other remedies.",[],PENDING,false,,,,data/segmentation_v3/0b59dfc4ce9b40b0c39759dc1ade14bc.json,UNREVIEWED,legal_clause
0b59dfc4ce9b40b0c39759dc1ade14bc,0b59dfc4ce9b40b0c39759dc1ade14bc_clause_019,"8. Miscellaneous.
 (a) No License. Neither Party grants a license, by implication or otherwise, under any of its trade secrets or other intellectual
property rights to the Receiving Party. The terms of this Agreement shall not be construed to limit either Party's right to independently
develop or acquire products without use of the other Party's Evaluation Material. The Furnishing Party acknowledges that the Receiving
Party may currently or in the future develop information internally, or receive information from other parties, that is similar to the Evaluation
Material. Accordingly, nothing in this Agreement will be construed as a representation or agreement that the Receiving Party will not
develop or have developed for its products, concepts, systems, or techniques that are similar to or compete with the products, concepts,
systems or techniques contemplated by or embodied in the Evaluation Material, provided that the Receiving Party does not violate any of its
obligations under this Agreement in connection with such development.",[],PENDING,false,,,,data/segmentation_v3/0b59dfc4ce9b40b0c39759dc1ade14bc.json,UNREVIEWED,legal_clause
0b59dfc4ce9b40b0c39759dc1ade14bc,0b59dfc4ce9b40b0c39759dc1ade14bc_clause_020,"(b) Entire Agreement. This Agreement contains the sole and entire agreement between the Parties with respect to the confidentiality
of the Evaluation Material and the confidentiality of their discussions, negotiations and investigations concerning a Transaction.",[],PENDING,false,,,,data/segmentation_v3/0b59dfc4ce9b40b0c39759dc1ade14bc.json,UNREVIEWED,legal_clause
0b59dfc4ce9b40b0c39759dc1ade14bc,0b59dfc4ce9b40b0c39759dc1ade14bc_clause_021,"(c) Amendment and Waiver. This Agreement may be amended, modified or waived only by a separate written instrument duly signed
and delivered by or on behalf of both Parties.
4",[],PENDING,false,,,,data/segmentation_v3/0b59dfc4ce9b40b0c39759dc1ade14bc.json,UNREVIEWED,legal_clause
0b59dfc4ce9b40b0c39759dc1ade14bc,0b59dfc4ce9b40b0c39759dc1ade14bc_clause_022,"(d) Severability. The invalidity or unenforceability of any provision of this Agreement shall not impair or affect the validity or
enforceability of any other provision of this Agreement unless the enforcement of such provision in such circumstances would be
inequitable.",[],PENDING,false,,,,data/segmentation_v3/0b59dfc4ce9b40b0c39759dc1ade14bc.json,UNREVIEWED,legal_clause
0b59dfc4ce9b40b0c39759dc1ade14bc,0b59dfc4ce9b40b0c39759dc1ade14bc_clause_023,"(e) No Obligation to Complete a Transaction. It is expressly understood that this Agreement is not intended to, and does not,
constitute an agreement to consummate a Transaction, to conduct or continue negotiations with respect to a Transaction, or to enter into a
definitive agreement with respect to a Transaction, and neither Party shall have any rights or obligations of any kind whatsoever with respect
to such a Transaction by virtue of this Agreement or by virtue of any other written or oral expression by the Parties' respective
Representatives unless and until a definitive agreement with respect to a Transaction is executed and delivered by both Parties, other than for
the matters specifically agreed to herein. Both Parties further acknowledge and agree that each Party reserves the right, in its sole discretion,
to provide or not to provide Evaluation Material to the Receiving Party under this Agreement, to reject any and all proposals made by the
other Party or any of its Representatives with regard to a Transaction, and to terminate discussions and negotiations at any time. If either
Party determines not to proceed with negotiations with respect to a Transaction, it will promptly inform the other Party of such
determination.",[],PENDING,false,,,,data/segmentation_v3/0b59dfc4ce9b40b0c39759dc1ade14bc.json,PRIORITY_UNREVIEWED,legal_clause
0b59dfc4ce9b40b0c39759dc1ade14bc,0b59dfc4ce9b40b0c39759dc1ade14bc_clause_024,"(f) Governing Law; Forum. This Agreement shall be governed by and construed in accordance with the internal laws of the State of
Georgia, without regard to the principles of the conflict of laws thereof. Each Party consents and submits to the exclusive jurisdiction of the
federal and state courts in the State of Georgia, and the city of Atlanta, for the adjudication of any action, suit, or proceeding arising out of or
otherwise relating to this Agreement.",[],PENDING,false,,,,data/segmentation_v3/0b59dfc4ce9b40b0c39759dc1ade14bc.json,UNREVIEWED,legal_clause
0b59dfc4ce9b40b0c39759dc1ade14bc,0b59dfc4ce9b40b0c39759dc1ade14bc_clause_025,"[Signatures on following page]
5
 The Parties have executed this Agreement as of the date first written above.
EarthLink, Inc.",[],PENDING,false,,,,data/segmentation_v3/0b59dfc4ce9b40b0c39759dc1ade14bc.json,UNREVIEWED,legal_clause
0b59dfc4ce9b40b0c39759dc1ade14bc,0b59dfc4ce9b40b0c39759dc1ade14bc_clause_026,"PeoplePC, Inc.
By:

/s/ BRINTON O.C. YOUNG",[],PENDING,false,,,,data/segmentation_v3/0b59dfc4ce9b40b0c39759dc1ade14bc.json,UNREVIEWED,legal_clause
0b59dfc4ce9b40b0c39759dc1ade14bc,0b59dfc4ce9b40b0c39759dc1ade14bc_clause_027,"By:

/s/ CHARLES ORTMEYER
Name:",[],PENDING,false,,,,data/segmentation_v3/0b59dfc4ce9b40b0c39759dc1ade14bc.json,UNREVIEWED,legal_clause
0b59dfc4ce9b40b0c39759dc1ade14bc,0b59dfc4ce9b40b0c39759dc1ade14bc_clause_028,"Brinton O.C. Young

Name:",[],PENDING,false,,,,data/segmentation_v3/0b59dfc4ce9b40b0c39759dc1ade14bc.json,UNREVIEWED,legal_clause
0b59dfc4ce9b40b0c39759dc1ade14bc,0b59dfc4ce9b40b0c39759dc1ade14bc_clause_029,"Charles Ortmeyer
Title:",[],PENDING,false,,,,data/segmentation_v3/0b59dfc4ce9b40b0c39759dc1ade14bc.json,UNREVIEWED,legal_clause
0b59dfc4ce9b40b0c39759dc1ade14bc,0b59dfc4ce9b40b0c39759dc1ade14bc_clause_030,EVP of Strategic Planning,[],PENDING,false,,,,data/segmentation_v3/0b59dfc4ce9b40b0c39759dc1ade14bc.json,UNREVIEWED,legal_clause
0b59dfc4ce9b40b0c39759dc1ade14bc,0b59dfc4ce9b40b0c39759dc1ade14bc_clause_031,"Title:

SVP and General Counsel
6
QuickLinks",[],PENDING,false,,,,data/segmentation_v3/0b59dfc4ce9b40b0c39759dc1ade14bc.json,UNREVIEWED,legal_clause
2268c5d1120f1abd57170d689f496418,2268c5d1120f1abd57170d689f496418_clause_002,"THIS NON-DISCLOSURE AGREEMENT (this ""Agreement""), is made and entered into as of the date on which it is fully
executed, as indicated by signatures below, by and among First Financial Northwest, Inc. (the ""Company""), the Stilwell Group (composed of
Stilwell Associates, L.P., Stilwell Partners, L.P., Stilwell Value Partners II, L.P., Stilwell Value Partners V, L.P., Stilwell Value Partners VI, L.P.,
Stilwell Value Partners VII, L.P., Stilwell Value LLC, Stilwell Associates Insurance Fund of The S.A.L.I. Multi-Series Fund L.P., Stilwell Advisers
LLC, and Joseph Stilwell, an individual, and their employees and representatives), and Spencer L. Schneider, a director nominee of the Stilwell
Group (""Schneider"").",[],PENDING,false,,,,data/segmentation_v3/2268c5d1120f1abd57170d689f496418.json,UNREVIEWED,legal_clause
2268c5d1120f1abd57170d689f496418,2268c5d1120f1abd57170d689f496418_clause_003,"WHEREAS, the Company has agreed to place Schneider on its board of directors, subject to approval by interested state and
federal regulatory agencies;",[],PENDING,false,,,,data/segmentation_v3/2268c5d1120f1abd57170d689f496418.json,UNREVIEWED,legal_clause
2268c5d1120f1abd57170d689f496418,2268c5d1120f1abd57170d689f496418_clause_004,"WHEREAS, the Company, the Stilwell Group and Schneider have agreed that it is in their mutual interests to enter into this
Agreement as hereinafter described.",[],PENDING,false,,,,data/segmentation_v3/2268c5d1120f1abd57170d689f496418.json,UNREVIEWED,legal_clause
2268c5d1120f1abd57170d689f496418,2268c5d1120f1abd57170d689f496418_clause_005,"NOW THEREFORE, for good and valuable consideration, the parties hereto mutually agree as follows:",[],PENDING,false,,,,data/segmentation_v3/2268c5d1120f1abd57170d689f496418.json,UNREVIEWED,legal_clause
2268c5d1120f1abd57170d689f496418,2268c5d1120f1abd57170d689f496418_clause_006,"1. In connection with Schneider serving on the Company's board, Schneider and other Company employees, directors, and
agents may divulge nonpublic information concerning the Company and its subsidiaries to the Stilwell Group and such information may be shared
among the Stilwell Group's employees and agents who have a need to know such information. The Stilwell Group expressly agrees to maintain all
nonpublic information concerning the Company and its subsidiaries in confidence. The Stilwell Group expressly acknowledges that federal and
state securities laws may prohibit a person from purchasing or selling securities of a company, or from communicating such information to any other
person under circumstances in which it is reasonably foreseeable that such other person is likely to purchase or sell such securities, while the first-
mentioned person is in possession of material nonpublic information about such company. The Stilwell Group agrees to comply with the Company's
insider trading and disclosure policies, as in effect from time to time, to the same extent as if it were a director of the Company. To the extent the
nonpublic information concerning the Company and its subsidiaries received by the Stilwell Group is material, this Agreement is intended to satisfy
the confidentiality agreement exclusion of Regulation FD of the Securities and Exchange Commission (the ""SEC"") set forth in Section 243.100(b)
(2)(ii) of Regulation FD.",[],PENDING,false,,,,data/segmentation_v3/2268c5d1120f1abd57170d689f496418.json,UNREVIEWED,legal_clause
2268c5d1120f1abd57170d689f496418,2268c5d1120f1abd57170d689f496418_clause_007,"2. Each of the Stilwell Group and Schneider represents and warrants to the Company that this Agreement has been duly and
validly authorized (in the case of the entity members of the Stilwell Group), executed and delivered by them, and is a valid and binding agreement
enforceable against them in accordance with its terms.",[],PENDING,false,,,,data/segmentation_v3/2268c5d1120f1abd57170d689f496418.json,UNREVIEWED,legal_clause
2268c5d1120f1abd57170d689f496418,2268c5d1120f1abd57170d689f496418_clause_008,"3. Schneider hereby further represents and warrants to the Company that: (a) he satisfies all of the qualifications to be a
director of the Company as set forth in Article III, Section 4 of the Company's bylaws and any additional applicable qualifications under the laws of
the State of Washington or under the regulations of any bank regulatory authority, and that he is not in any way precluded from serving as a director
by order or other action of any court, regulatory or other governmental authority; and (b) no event has occurred with respect to Schneider that would
require disclosure in a document filed by the Company with the SEC pursuant to the Securities Act of 1933, as amended, or the Securities Exchange
Act of 1934, as amended, under Item 401(f) of SEC Regulation S-K.",[],PENDING,false,,,,data/segmentation_v3/2268c5d1120f1abd57170d689f496418.json,UNREVIEWED,legal_clause
2268c5d1120f1abd57170d689f496418,2268c5d1120f1abd57170d689f496418_clause_009,"4. The Stilwell Group acknowledges that with regard to its obligations to maintain the confidentiality of nonpublic
information of the Company and its subsidiaries, monetary damages may not be a sufficient remedy for any breach or threatened breach of this
Agreement and that, in addition to all other remedies, the Company may be entitled to seek specific performance and injunctive or other equitable
relief as a remedy for such breach, and in conjunction therewith the Company shall not be required to post any bond.",[],PENDING,false,,,,data/segmentation_v3/2268c5d1120f1abd57170d689f496418.json,UNREVIEWED,legal_clause
2268c5d1120f1abd57170d689f496418,2268c5d1120f1abd57170d689f496418_clause_010,"5. This Agreement constitutes the entire agreement between the parties hereto pertaining to the subject matter hereof and
supersedes all prior and contemporaneous agreements, understandings, negotiations and discussions of the parties in connection therewith not
referred to herein.",[],PENDING,false,,,,data/segmentation_v3/2268c5d1120f1abd57170d689f496418.json,UNREVIEWED,legal_clause
2268c5d1120f1abd57170d689f496418,2268c5d1120f1abd57170d689f496418_clause_011,"6. This Agreement shall be governed by, and construed in accordance with, the laws of the State of Washington, without
regard to choice of law principles that may otherwise compel the application of the laws of any other jurisdiction. Each of the parties hereby
irrevocably consents to the exclusive jurisdiction of the state and federal courts sitting in the State of Washington to resolve any dispute arising from
this Agreement and waives any defense of inconvenient or improper forum.",[],PENDING,false,,,,data/segmentation_v3/2268c5d1120f1abd57170d689f496418.json,UNREVIEWED,legal_clause
2268c5d1120f1abd57170d689f496418,2268c5d1120f1abd57170d689f496418_clause_012,"7. The terms and provisions of this Agreement shall be deemed severable and, in the event any term or provision hereof or
portion thereof is deemed or held to be invalid, illegal or unenforceable, such provision shall be conformed to prevailing law rather than voided, if
possible, in order to achieve the intent of the parties, and, in any event, the remaining terms and provisions of this Agreement shall nevertheless
continue and be deemed to be in full force and effect and binding upon the parties.",[],PENDING,false,,,,data/segmentation_v3/2268c5d1120f1abd57170d689f496418.json,UNREVIEWED,legal_clause
2268c5d1120f1abd57170d689f496418,2268c5d1120f1abd57170d689f496418_clause_013,"8. All representations, warranties, covenants and agreements made herein shall survive the execution and delivery of this
Agreement.",[],PENDING,false,,,,data/segmentation_v3/2268c5d1120f1abd57170d689f496418.json,UNREVIEWED,legal_clause
2268c5d1120f1abd57170d689f496418,2268c5d1120f1abd57170d689f496418_clause_014,"9. This Agreement may not be modified, amended, altered or supplemented except upon the execution and delivery of a
written agreement executed by all of the parties hereto.",[],PENDING,false,,,,data/segmentation_v3/2268c5d1120f1abd57170d689f496418.json,UNREVIEWED,legal_clause
2268c5d1120f1abd57170d689f496418,2268c5d1120f1abd57170d689f496418_clause_015,"10. This Agreement may be executed in counterparts, each of which shall be an original, but all of which together shall
constitute one and the same agreement.",[],PENDING,false,,,,data/segmentation_v3/2268c5d1120f1abd57170d689f496418.json,UNREVIEWED,legal_clause
2268c5d1120f1abd57170d689f496418,2268c5d1120f1abd57170d689f496418_clause_016,"16

IN WITNESS WHEREOF, this Agreement has been duly executed and delivered by duly authorized officers of the undersigned as
of the day and year first above written.",[],PENDING,false,,,,data/segmentation_v3/2268c5d1120f1abd57170d689f496418.json,UNREVIEWED,legal_clause
2268c5d1120f1abd57170d689f496418,2268c5d1120f1abd57170d689f496418_clause_017,THE STILWELL GROUP,[],PENDING,false,,,,data/segmentation_v3/2268c5d1120f1abd57170d689f496418.json,API_FAILURE,section_heading
2268c5d1120f1abd57170d689f496418,2268c5d1120f1abd57170d689f496418_clause_018,"FIRST FINANCIAL NORTHWEST, INC.",[],PENDING,false,,,,data/segmentation_v3/2268c5d1120f1abd57170d689f496418.json,UNREVIEWED,legal_clause
2268c5d1120f1abd57170d689f496418,2268c5d1120f1abd57170d689f496418_clause_019,"/s/Joseph Stilwell

/s/Victor Karpiak
By:",[],PENDING,false,,,,data/segmentation_v3/2268c5d1120f1abd57170d689f496418.json,UNREVIEWED,legal_clause
2268c5d1120f1abd57170d689f496418,2268c5d1120f1abd57170d689f496418_clause_020,"Date
Joseph Stilwell",[],PENDING,false,,,,data/segmentation_v3/2268c5d1120f1abd57170d689f496418.json,UNREVIEWED,legal_clause
2268c5d1120f1abd57170d689f496418,2268c5d1120f1abd57170d689f496418_clause_021,"12-20, 2012

By:

Date
Victor Karpiak, President, Chief Executive Officer
and Chairman of the Board",[],PENDING,false,,,,data/segmentation_v3/2268c5d1120f1abd57170d689f496418.json,UNREVIEWED,legal_clause
2268c5d1120f1abd57170d689f496418,2268c5d1120f1abd57170d689f496418_clause_022,"December 19, 2012

SPENCER L. SCHNEIDER",[],PENDING,false,,,,data/segmentation_v3/2268c5d1120f1abd57170d689f496418.json,PRIORITY_UNREVIEWED,legal_clause
2268c5d1120f1abd57170d689f496418,2268c5d1120f1abd57170d689f496418_clause_023,"/s/Spencer L. Schneider
Date: 12/20, 2012",[],PENDING,false,,,,data/segmentation_v3/2268c5d1120f1abd57170d689f496418.json,UNREVIEWED,legal_clause
2268c5d1120f1abd57170d689f496418,2268c5d1120f1abd57170d689f496418_clause_024,17,[],PENDING,false,,,,data/segmentation_v3/2268c5d1120f1abd57170d689f496418.json,PRIORITY_UNREVIEWED,fragment
247166e0245431dcf97ee884f1f07e35,247166e0245431dcf97ee884f1f07e35_clause_000,CONFIDENTIALITY AGREEMENT,[],PENDING,false,,,,data/segmentation_v3/247166e0245431dcf97ee884f1f07e35.json,PRIORITY_UNREVIEWED,section_heading
247166e0245431dcf97ee884f1f07e35,247166e0245431dcf97ee884f1f07e35_clause_001,"CONFIDENTIALITY AGREEMENT (this “Agreement”), dated as of April 20, 2018, by and between Elaine P. Wynn (the
“Requesting Stockholder”) and Wynn Resorts, Limited, a Nevada corporation (the “Company”).",[],PENDING,false,,,,data/segmentation_v3/247166e0245431dcf97ee884f1f07e35.json,UNREVIEWED,legal_clause
247166e0245431dcf97ee884f1f07e35,247166e0245431dcf97ee884f1f07e35_clause_002,"WHEREAS, the Requesting Stockholder hereby represents that she is the beneficial owner of 9,539,077 shares of
common stock of the Company, $0.01 par value per share;",[],PENDING,false,,,,data/segmentation_v3/247166e0245431dcf97ee884f1f07e35.json,UNREVIEWED,legal_clause
247166e0245431dcf97ee884f1f07e35,247166e0245431dcf97ee884f1f07e35_clause_003,"WHEREAS, by letter to the Company dated April 20, 2018, the Requesting Stockholder has made a demand (the
“Demand”) to inspect and make and/or receive copies or abstracts from certain records of the Company (the “Records”)
pursuant to Nevada Revised Statutes 78.105; and",[],PENDING,false,,,,data/segmentation_v3/247166e0245431dcf97ee884f1f07e35.json,UNREVIEWED,legal_clause
247166e0245431dcf97ee884f1f07e35,247166e0245431dcf97ee884f1f07e35_clause_004,"WHEREAS, subject to the execution of this Agreement and payment by the Requesting Stockholder for the production of the
Records, the Company will make the Records available for inspection by the Requesting Stockholder in response to the Demand and
any future demands by the Requesting Stockholder, subject to the provisions contained in this Agreement.",[],PENDING,false,,,,data/segmentation_v3/247166e0245431dcf97ee884f1f07e35.json,UNREVIEWED,legal_clause
247166e0245431dcf97ee884f1f07e35,247166e0245431dcf97ee884f1f07e35_clause_005,"NOW THEREFORE, for good and valuable consideration, the receipt and sufficiency of which are hereby acknowledged,
the parties do hereby agree as follows:",[],PENDING,false,,,,data/segmentation_v3/247166e0245431dcf97ee884f1f07e35.json,UNREVIEWED,legal_clause
247166e0245431dcf97ee884f1f07e35,247166e0245431dcf97ee884f1f07e35_clause_006,"1. Confidentiality and Purpose. The Company shall make the Records available for inspection by the Requesting
Stockholder in response to the Demand and any future demands by the Requesting Stockholder. The Requesting Stockholder shall
hold the Records (as defined in the Demand) in strict confidence and shall not, and shall direct her Representatives (as defined below)
not to, publish, communicate or otherwise disclose the Records to anyone, either directly or indirectly, other than as permitted by",[],PENDING,false,,,,data/segmentation_v3/247166e0245431dcf97ee884f1f07e35.json,UNREVIEWED,legal_clause
247166e0245431dcf97ee884f1f07e35,247166e0245431dcf97ee884f1f07e35_clause_007,"Section 3 of this Agreement. The Requesting Stockholder expressly agrees and represents, consistent with her Demand, that the
Records shall be utilized solely for the purpose set forth in the Demand (the “Permitted Purpose”).",[],PENDING,false,,,,data/segmentation_v3/247166e0245431dcf97ee884f1f07e35.json,UNREVIEWED,legal_clause
247166e0245431dcf97ee884f1f07e35,247166e0245431dcf97ee884f1f07e35_clause_008,"The confidentiality obligations set forth in this Agreement shall not apply to any of the Records that (a) were already
properly in the Requesting Stockholder’s or her Representatives’ possession as of the date hereof, provided that such Records were
not subject to any legal, contractual or fiduciary obligation of confidentiality owed to the Company or any subsidiary thereof, (b)
properly came into the Requesting Stockholder’s or her Representatives’ possession after the date hereof, provided that such
Information was not subject to any legal, contractual or fiduciary obligation of confidentiality owed to the Company or any
subsidiary thereof, or (c) are, on the date hereof, or subsequently become, publicly available, other than as a result of a breach of this
Agreement by the Requesting Stockholder or her Representatives.",[],PENDING,false,,,,data/segmentation_v3/247166e0245431dcf97ee884f1f07e35.json,UNREVIEWED,legal_clause
247166e0245431dcf97ee884f1f07e35,247166e0245431dcf97ee884f1f07e35_clause_009,"2. Confidentiality Designation. The Company hereby designates the Records as confidential on the grounds that the
Company in good faith believes that the Records constitute or reveals confidential information that requires the protection provided
in this Agreement.",[],PENDING,false,,,,data/segmentation_v3/247166e0245431dcf97ee884f1f07e35.json,UNREVIEWED,legal_clause
247166e0245431dcf97ee884f1f07e35,247166e0245431dcf97ee884f1f07e35_clause_010,"-22-

3. Permitted Disclosure. The Requesting Stockholder shall be permitted to disclose the Records only on a need-to-know
basis for the Permitted Purpose (a) to the employees, officers, attorneys, consultants, agents or other representatives of the Requesting
Stockholder or any of her affiliates or associates (collectively, “Representatives”) or (b) as required by law, regulation or legal
process, including as required by the Securities and Exchange Commission or any applicable stock exchange; provided, however, that
the Requesting Stockholder shall, to the extent legally permissible, (i) provide reasonable notice to the Company of any such
requirement, so that the Company may seek a protective order or other appropriate remedy and/or waive compliance with this
Agreement; (ii) furnish only such Records as are legally required to be disclosed and (iii) exercise reasonable efforts to obtain
assurance that confidential treatment will be accorded to any Records that are required to be disclosed. The Requesting Stockholder
shall be responsible for any breach of this Agreement by her Representatives and agrees to advise her Representatives against
prohibited or unauthorized disclosure or use of the Records (including litigation).",[],PENDING,false,,,,data/segmentation_v3/247166e0245431dcf97ee884f1f07e35.json,UNREVIEWED,legal_clause
247166e0245431dcf97ee884f1f07e35,247166e0245431dcf97ee884f1f07e35_clause_011,"4. Return or Destruction of Information. The parties agree that, within ten business days following the conclusion of the
Company’s 2018 annual meeting of stockholders (including any postponements and/or adjournments thereof), the Requesting
Stockholder shall, and shall direct her Representatives to, destroy the Records.",[],PENDING,false,,,,data/segmentation_v3/247166e0245431dcf97ee884f1f07e35.json,UNREVIEWED,legal_clause
247166e0245431dcf97ee884f1f07e35,247166e0245431dcf97ee884f1f07e35_clause_012,"5. Enforcement. The parties agree that money damages would not be a sufficient remedy for any breach of this Agreement
by any of the parties hereto and that the other party shall be entitled to equitable relief, including injunctive relief and specific
performance, in the event of any breach or threatened breach of this Agreement, without proof of actual damages or any requirement
to post a bond, in addition to all other remedies available at law or in equity. If any action, suit or proceeding is initiated by a party to
enforce the provisions hereof, the prevailing party in such action, suit or proceeding shall be entitled to reimbursement of all costs
and expenses, including attorneys’ fees, incurred by such prevailing party in connection therewith.",[],PENDING,false,,,,data/segmentation_v3/247166e0245431dcf97ee884f1f07e35.json,UNREVIEWED,legal_clause
247166e0245431dcf97ee884f1f07e35,247166e0245431dcf97ee884f1f07e35_clause_013,"6. Governing Law; Venue and Jurisdiction. This Agreement shall be governed by the laws of the State of Nevada without
regard to principles of conflict of laws thereof. The parties agree that the Courts of the State of Nevada shall have exclusive
jurisdiction for purposes of any action, suit or proceeding arising hereunder, and the parties hereby consent to such venue and submit
to such exclusive jurisdiction. Each of the Requesting Stockholder and the Company agrees that it will not bring any action, suit or
proceeding relating to this Agreement in any court other than the Courts of the State of Nevada.",[],PENDING,false,,,,data/segmentation_v3/247166e0245431dcf97ee884f1f07e35.json,UNREVIEWED,legal_clause
247166e0245431dcf97ee884f1f07e35,247166e0245431dcf97ee884f1f07e35_clause_014,"7. General Provisions. Captions and section headings used herein are for convenience of reference only, are not part of this
Agreement and shall not affect the construction of, or to be taken into consideration in, interpreting, this Agreement. This Agreement
may be amended, changed, modified, altered or terminated only by written instruments signed by the parties hereto, and no waiver of
compliance with any provision or condition of this Agreement shall be effective unless evidenced by a written instrument executed
by the party against whom such waiver is to be effective. In the event any provision of this Agreement is held invalid or
unenforceable by any court of competent jurisdiction, such holding shall not invalidate or render unenforceable any other provision
hereof. This Agreement may be executed in multiple counterparts, each of which will be deemed an original for all purposes and all
of which shall constitute a single instrument. Delivery of an executed signature page of this Agreement by email, facsimile or other
customary means of electronic transmission (e.g., “pdf’) shall be effective as delivery of a manually executed counterpart hereof.",[],PENDING,false,,,,data/segmentation_v3/247166e0245431dcf97ee884f1f07e35.json,UNREVIEWED,legal_clause
247166e0245431dcf97ee884f1f07e35,247166e0245431dcf97ee884f1f07e35_clause_015,[Remainder of page intentionally left blank],[],PENDING,false,,,,data/segmentation_v3/247166e0245431dcf97ee884f1f07e35.json,UNREVIEWED,legal_clause
247166e0245431dcf97ee884f1f07e35,247166e0245431dcf97ee884f1f07e35_clause_016,"-23-

IN WITNESS WHEREOF, the undersigned have caused this Agreement to be executed on the date first written above.",[],PENDING,false,,,,data/segmentation_v3/247166e0245431dcf97ee884f1f07e35.json,UNREVIEWED,legal_clause
247166e0245431dcf97ee884f1f07e35,247166e0245431dcf97ee884f1f07e35_clause_017,"WYNN RESORTS, LIMITED",[],PENDING,false,,,,data/segmentation_v3/247166e0245431dcf97ee884f1f07e35.json,PRIORITY_UNREVIEWED,section_heading
247166e0245431dcf97ee884f1f07e35,247166e0245431dcf97ee884f1f07e35_clause_018,"By:

Name:

Title:

ELAINE P. WYNN",[],PENDING,false,,,,data/segmentation_v3/247166e0245431dcf97ee884f1f07e35.json,UNREVIEWED,legal_clause
247166e0245431dcf97ee884f1f07e35,247166e0245431dcf97ee884f1f07e35_clause_019,"Signed:

-24-",[],PENDING,false,,,,data/segmentation_v3/247166e0245431dcf97ee884f1f07e35.json,PRIORITY_UNREVIEWED,fragment
266929af5f5b1ddb4018f2633cb96e24,266929af5f5b1ddb4018f2633cb96e24_clause_000,EX-10.13 3 y31303a1exv10w13.htm EX-10.13: NON-CIRCUMVENTION/NON-DISCLOSURE AGREEMENT,[],PENDING,false,,,,data/segmentation_v3/266929af5f5b1ddb4018f2633cb96e24.json,PRIORITY_UNREVIEWED,header
266929af5f5b1ddb4018f2633cb96e24,266929af5f5b1ddb4018f2633cb96e24_clause_001,"Exhibit 10.13
Non-Circumvention/Non-Disclosure Agreement
 This Non-Circumvention/Non-Disclosure Agreement is made as of this 1st day of January 2004, by and between Flow Capital Advisors, Inc.,
having is principal place of business at 3727 Pine Lake Drive, Weston, FL 33332 (hereinafter “Finder”), and JAG Media Holdings, Inc., having
its principal place of business at 6865 SW 18th Street, Suite B-13 Boca Raton, Florida 33433 (“hereinafter “Jag”).",[],PENDING,false,,,,data/segmentation_v3/266929af5f5b1ddb4018f2633cb96e24.json,UNREVIEWED,legal_clause
266929af5f5b1ddb4018f2633cb96e24,266929af5f5b1ddb4018f2633cb96e24_clause_002,"1. Pursuant to discussions between Flow and Jag, Flow has disclosed to Jag that certain parties, some of whom who have been identified to
Jag and others who have yet to be identified by Flow to Jag (the “Introduced Parties”), may be interested in entering into certain transactions with
Jag.",[],PENDING,false,,,,data/segmentation_v3/266929af5f5b1ddb4018f2633cb96e24.json,UNREVIEWED,legal_clause
266929af5f5b1ddb4018f2633cb96e24,266929af5f5b1ddb4018f2633cb96e24_clause_003,"2. Jag agrees that once Flow has disclosed the Identity of any Introduced Party to Jag, Jag, its officers, directors, shareholders, employees and
agents shall not have any contacts with the Introduced Party other than through Flow, unless Flow grants permission in writing for such contacts.
Specifically, Jag agrees not to circumvent, avoid or bypass Flow, either directly or indirectly, in order to avoid payment of fees or commissions;
or otherwise benefit, either financially or otherwise, from any information supplied to it in the context of any transaction with an Introduced
Party.",[],PENDING,false,,,,data/segmentation_v3/266929af5f5b1ddb4018f2633cb96e24.json,UNREVIEWED,legal_clause
266929af5f5b1ddb4018f2633cb96e24,266929af5f5b1ddb4018f2633cb96e24_clause_004,"3. This Agreement shall be governed by and construed and enforced in accordance local laws of the State of Florida applicable to agreements
made and to be performed within the State, without regard to conflict of laws principles thereof.",[],PENDING,false,,,,data/segmentation_v3/266929af5f5b1ddb4018f2633cb96e24.json,UNREVIEWED,legal_clause
266929af5f5b1ddb4018f2633cb96e24,266929af5f5b1ddb4018f2633cb96e24_clause_005,"4. This Agreement shall inure to the benefit of, and is binding upon, the parties hereto and their respective principals, shareholders, heirs,
officers, representatives, successors and assigns.",[],PENDING,false,,,,data/segmentation_v3/266929af5f5b1ddb4018f2633cb96e24.json,UNREVIEWED,legal_clause
266929af5f5b1ddb4018f2633cb96e24,266929af5f5b1ddb4018f2633cb96e24_clause_006,"5. No waiver of any provisions hereof shall be valid unless it is in writing signed by the person against whom it is charged. No waiver of any
provision herein shall constitute a waiver of any other provision hereof, or of the provision at any other time.",[],PENDING,false,,,,data/segmentation_v3/266929af5f5b1ddb4018f2633cb96e24.json,UNREVIEWED,legal_clause
266929af5f5b1ddb4018f2633cb96e24,266929af5f5b1ddb4018f2633cb96e24_clause_007,"6. This is an agreement between separate legal entities and neither is the agent or employee of the other for any purpose whatsoever. The
parties do not intend to create a partnership or joint venture between themselves. Neither party shall have the right to bind the other to any
agreement with a third party or to inure any obligation or liabilities on behalf of the other party.",[],PENDING,false,,,,data/segmentation_v3/266929af5f5b1ddb4018f2633cb96e24.json,UNREVIEWED,legal_clause
266929af5f5b1ddb4018f2633cb96e24,266929af5f5b1ddb4018f2633cb96e24_clause_008,"7. This Agreement contains the whole agreement between the parties concerning the subject matter hereof and there are no collateral or
precedent representation, agreements or conditions not specifically set forth herein.",[],PENDING,false,,,,data/segmentation_v3/266929af5f5b1ddb4018f2633cb96e24.json,UNREVIEWED,legal_clause
266929af5f5b1ddb4018f2633cb96e24,266929af5f5b1ddb4018f2633cb96e24_clause_009,"8. Any modification or amendment of any provisions of this Agreement must be in writing, signed by the parties hereof and dated subsequent
to the date hereof.",[],PENDING,false,,,,data/segmentation_v3/266929af5f5b1ddb4018f2633cb96e24.json,UNREVIEWED,legal_clause
266929af5f5b1ddb4018f2633cb96e24,266929af5f5b1ddb4018f2633cb96e24_clause_010,"9. If any provision or provisions of this Agreement shall be held to be invalid, illegal or unenforceable for any reason whatsoever;
1",[],PENDING,false,,,,data/segmentation_v3/266929af5f5b1ddb4018f2633cb96e24.json,UNREVIEWED,legal_clause
266929af5f5b1ddb4018f2633cb96e24,266929af5f5b1ddb4018f2633cb96e24_clause_011,"(i) the validity, legality and enforceability of the remaining provisions of this Agreement (including, without limitation, each portion of
any Section of this Agreement containing any such provisions held to be invalid, illegal or unenforceable) shall not in any way be
effected or impaired thereby; and",[],PENDING,false,,,,data/segmentation_v3/266929af5f5b1ddb4018f2633cb96e24.json,UNREVIEWED,legal_clause
266929af5f5b1ddb4018f2633cb96e24,266929af5f5b1ddb4018f2633cb96e24_clause_012,"(ii) to the fullest extent possible, the provisions of this Agreement (including, without limitation, each portion of any Section of this
Agreement containing any such provision held to be invalid, illegal or unenforceable) shall be construed so as to give effect to the
intent manifested by the provision held, invalid illegal or unenforceable.",[],PENDING,false,,,,data/segmentation_v3/266929af5f5b1ddb4018f2633cb96e24.json,UNREVIEWED,legal_clause
266929af5f5b1ddb4018f2633cb96e24,266929af5f5b1ddb4018f2633cb96e24_clause_013,"IN WITNESS WHEREOF, the partied hereto have executed this Non-Circumvention/Non-Disclosure agreement on the day, month and year
first written above.",[],PENDING,false,,,,data/segmentation_v3/266929af5f5b1ddb4018f2633cb96e24.json,UNREVIEWED,legal_clause
266929af5f5b1ddb4018f2633cb96e24,266929af5f5b1ddb4018f2633cb96e24_clause_014,"Flow Capital Advisor, Inc.",[],PENDING,false,,,,data/segmentation_v3/266929af5f5b1ddb4018f2633cb96e24.json,UNREVIEWED,legal_clause
266929af5f5b1ddb4018f2633cb96e24,266929af5f5b1ddb4018f2633cb96e24_clause_015,"JAG Media Holding, Inc.",[],PENDING,false,,,,data/segmentation_v3/266929af5f5b1ddb4018f2633cb96e24.json,UNREVIEWED,legal_clause
266929af5f5b1ddb4018f2633cb96e24,266929af5f5b1ddb4018f2633cb96e24_clause_016,"By:
/s/ Albert Auer

By:
/s/ Thomas J. Mazzarisi",[],PENDING,false,,,,data/segmentation_v3/266929af5f5b1ddb4018f2633cb96e24.json,UNREVIEWED,legal_clause
266929af5f5b1ddb4018f2633cb96e24,266929af5f5b1ddb4018f2633cb96e24_clause_017,"Name: Albert Auer

Name: Thomas J. Mazzarisi",[],PENDING,false,,,,data/segmentation_v3/266929af5f5b1ddb4018f2633cb96e24.json,UNREVIEWED,legal_clause
266929af5f5b1ddb4018f2633cb96e24,266929af5f5b1ddb4018f2633cb96e24_clause_018,"Title: President

Title: Chairman & CEO
2",[],PENDING,false,,,,data/segmentation_v3/266929af5f5b1ddb4018f2633cb96e24.json,UNREVIEWED,legal_clause
293f59373f6a966b13cd7463b4617a6f,293f59373f6a966b13cd7463b4617a6f_clause_000,EXHIBIT 10.1,[],PENDING,false,,,,data/segmentation_v3/293f59373f6a966b13cd7463b4617a6f.json,PRIORITY_UNREVIEWED,header
293f59373f6a966b13cd7463b4617a6f,293f59373f6a966b13cd7463b4617a6f_clause_001,"FULL AND GENERAL MUTUAL RELEASE,
SETTLEMENT AND CONFIDENTIALITY AGREEMENT
This FULL AND GENERAL RELEASE, , Settlement and Confidentiality Agreement (hereinafter this “Agreement”) is entered into between RMS TITANIC, INC.
(“RMST”) and PREMIER EXHIBITIONS, INC. (“Premier”, and hereinafter collectively with RMST referred to as “the Company”), and THOMAS ZALLER
(“Zaller”), IMAGINE EXHIBITIONS, INC., a Georgia corporation (“Imagine-Georgia”), IMAGINE EXHIBITIONS, INC., a Nevada corporation (“Imagine-Nevada”),
IMAGINE EXHIBITIONS PTE, LTD. (“Imagine PTE”), and TZ, INC. (collectively, “Imagine”) and KINGSMEN EXHIBITS PTE LTD. and its parent company,
KINGSMEN CREATIVE, LTD. (collectively “Kingsmen”) and altogether collectively referred to as the “Parties.”",[],PENDING,false,,,,data/segmentation_v3/293f59373f6a966b13cd7463b4617a6f.json,UNREVIEWED,legal_clause
293f59373f6a966b13cd7463b4617a6f,293f59373f6a966b13cd7463b4617a6f_clause_002,"WHEREAS, RMST and Premier, are Florida corporations whose principal places of business are in Atlanta, Georgia, and who present museum quality exhibitions
featuring artifacts recovered from the wreck site of the RMS Titanic (“the RMST Exhibition”); and",[],PENDING,false,,,,data/segmentation_v3/293f59373f6a966b13cd7463b4617a6f.json,UNREVIEWED,legal_clause
293f59373f6a966b13cd7463b4617a6f,293f59373f6a966b13cd7463b4617a6f_clause_003,"WHEREAS, on or about June 13, 2011 the Company entered into an agreement to present the RMST Exhibition in Singapore;",[],PENDING,false,,,,data/segmentation_v3/293f59373f6a966b13cd7463b4617a6f.json,UNREVIEWED,legal_clause
293f59373f6a966b13cd7463b4617a6f,293f59373f6a966b13cd7463b4617a6f_clause_004,"WHEREAS, Zaller is a former employee of the Company who resides in Atlanta, Georgia, and who is the CEO and sole shareholder for Imagine-Georgia,
Imagine-Nevada, Imagine PTE, and TZ, Inc. (collectively, “Imagine”), which companies are engaged in the entertainment business, and, among other things,
provide exhibitions at museums and other public venues, including their own Titanic exhibition (“the Imagine Exhibition”); and",[],PENDING,false,,,,data/segmentation_v3/293f59373f6a966b13cd7463b4617a6f.json,UNREVIEWED,legal_clause
293f59373f6a966b13cd7463b4617a6f,293f59373f6a966b13cd7463b4617a6f_clause_005,"WHEREAS, Kingsmen are Singapore companies whose business operations include the design, production and construction of interiors, including for exhibitions;
and,",[],PENDING,false,,,,data/segmentation_v3/293f59373f6a966b13cd7463b4617a6f.json,UNREVIEWED,legal_clause
293f59373f6a966b13cd7463b4617a6f,293f59373f6a966b13cd7463b4617a6f_clause_006,"WHEREAS, RMST, TZ, Inc., Imagine PTE, Zaller and Kingsmen were all involved in the staging and presentation of the RMST Exhibition in Singapore in 2011
and 2012, and during which time RMST alleges that it provided Zaller and Kingsmen certain trade secrets, intellectual property and other confidential and
proprietary information solely for use in the Singapore exhibition; and",[],PENDING,false,,,,data/segmentation_v3/293f59373f6a966b13cd7463b4617a6f.json,UNREVIEWED,legal_clause
293f59373f6a966b13cd7463b4617a6f,293f59373f6a966b13cd7463b4617a6f_clause_007,"WHEREAS, following the period when the RMST Exhibition was being presented in Singapore, Imagine-PTE and Kingsmen entered into an agreement for the
presentation of the Imagine Exhibition in Macau, and presented the Imagine Exhibition in Macau on or about October 22, 2012 through March 31, 2013; and",[],PENDING,false,,,,data/segmentation_v3/293f59373f6a966b13cd7463b4617a6f.json,UNREVIEWED,legal_clause
293f59373f6a966b13cd7463b4617a6f,293f59373f6a966b13cd7463b4617a6f_clause_008,"WHEREAS, a dispute exists between the parties as to whether Zaller, Imagine and Kingsmen misappropriated and used trade secrets, intellectual property,
and/or proprietary information of the Company, and improperly copied the trade dress of the RMST Exhibition in the Imagine Exhibition; and",[],PENDING,false,,,,data/segmentation_v3/293f59373f6a966b13cd7463b4617a6f.json,UNREVIEWED,legal_clause
293f59373f6a966b13cd7463b4617a6f,293f59373f6a966b13cd7463b4617a6f_clause_009,"WHEREAS, Imagine, Zaller and Kingsmen have denied that they have misappropriated or used any trade secrets, intellectual property and/or proprietary
information that the Company claims to own and have continued to market and promote their Imagine Exhibition throughout the world (the “Existing Imagine
Exhibition”); and",[],PENDING,false,,,,data/segmentation_v3/293f59373f6a966b13cd7463b4617a6f.json,UNREVIEWED,legal_clause
293f59373f6a966b13cd7463b4617a6f,293f59373f6a966b13cd7463b4617a6f_clause_010,"WHEREAS, the Company filed a civil action in the United States District Court for the Northern District of Georgia, Atlanta Division (“the Federal Action”), against
Zaller and Imagine (Civil Action No. 1:13cv-00625-WSD) alleging, among other things, breach of contract, fraud and fraudulent inducement, trade dress and
Lanham Act violations, and misappropriation of trade secrets; and",[],PENDING,false,,,,data/segmentation_v3/293f59373f6a966b13cd7463b4617a6f.json,UNREVIEWED,legal_clause
293f59373f6a966b13cd7463b4617a6f,293f59373f6a966b13cd7463b4617a6f_clause_011,"2

WHEREAS, Kingsmen instituted a civil action in the High Court of the Republic of Singapore (Suit No.: 365 of 2013) against the Company (“the Singapore
Action”), alleging that Kingsmen has not infringed or improperly used any of the Company’s trademarks, trade dress, trade secrets or other intellectual property;
and",[],PENDING,false,,,,data/segmentation_v3/293f59373f6a966b13cd7463b4617a6f.json,UNREVIEWED,legal_clause
293f59373f6a966b13cd7463b4617a6f,293f59373f6a966b13cd7463b4617a6f_clause_012,"WHEREAS, the Company filed a civil action in the United States District Court for the Middle District of Florida, Jacksonville Division, against Kingsmen (Case
No. 3:13-cv-463-J-20-TEM), (“the Florida Action”), alleging similar claims but which case has been dismissed; and",[],PENDING,false,,,,data/segmentation_v3/293f59373f6a966b13cd7463b4617a6f.json,UNREVIEWED,legal_clause
293f59373f6a966b13cd7463b4617a6f,293f59373f6a966b13cd7463b4617a6f_clause_013,"WHEREAS, the Company has filed a counterclaim in the Singapore Action seeking recovery for damages allegedly sustained from Kingsmen’s activities, and",[],PENDING,false,,,,data/segmentation_v3/293f59373f6a966b13cd7463b4617a6f.json,UNREVIEWED,legal_clause
293f59373f6a966b13cd7463b4617a6f,293f59373f6a966b13cd7463b4617a6f_clause_014,"WHEREAS, Zaller and Imagine deny the allegations asserted against them by the Company, including but not limited to those allegations asserted in the Federal
Action; and",[],PENDING,false,,,,data/segmentation_v3/293f59373f6a966b13cd7463b4617a6f.json,UNREVIEWED,legal_clause
293f59373f6a966b13cd7463b4617a6f,293f59373f6a966b13cd7463b4617a6f_clause_015,"WHEREAS, all the parties referenced herein now wish to settle any and all differences and controversies between them, including those set forth, or which could
have been set forth in the Federal Action, the Florida Action and the Singapore Action",[],PENDING,false,,,,data/segmentation_v3/293f59373f6a966b13cd7463b4617a6f.json,UNREVIEWED,legal_clause
293f59373f6a966b13cd7463b4617a6f,293f59373f6a966b13cd7463b4617a6f_clause_016,"(1) NOW THEREFORE, in consideration of the covenants, conditions and promises set forth herein and for other good and valuable consideration, the receipt
and sufficiency and delivery of which is hereby acknowledged, the parties hereto, intending to be legally bound, agree as follows: Imagine (on its own account
and/or on behalf of any other party or person, including but not limited to insurers) shall pay to the Company, the sum of Seven Hundred Twenty-Five Thousand
Dollars ($725,000). The sum stated above is the sole monetary consideration for this release. The monetary consideration shall be paid as follows: $725,000 by
certified check(s) and/or wire transfers to the Company on or before November 30, 2014. Zaller, Imagine and Kingsmen, and their insurers and counsel, make no
representations or warranties as",[],PENDING,false,,,,data/segmentation_v3/293f59373f6a966b13cd7463b4617a6f.json,UNREVIEWED,legal_clause
293f59373f6a966b13cd7463b4617a6f,293f59373f6a966b13cd7463b4617a6f_clause_017,"3

to the tax treatment, implications or consequences to the Company from these payments; and the Company assumes full responsibility for the tax consequences of these payments, if any.",[],PENDING,false,,,,data/segmentation_v3/293f59373f6a966b13cd7463b4617a6f.json,UNREVIEWED,legal_clause
293f59373f6a966b13cd7463b4617a6f,293f59373f6a966b13cd7463b4617a6f_clause_018,"(2) Kingsmen agrees, represents and warrants that it shall not exhibit or participate in any Titanic-themed exhibition with Zaller or Imagine (excluding the Existing
Imagine Exhibition) anywhere for 24 months from the date of execution of this Agreement.",[],PENDING,false,,,,data/segmentation_v3/293f59373f6a966b13cd7463b4617a6f.json,UNREVIEWED,legal_clause
293f59373f6a966b13cd7463b4617a6f,293f59373f6a966b13cd7463b4617a6f_clause_019,"(3) Zaller and Imagine agree, represent and warrant that they will not engage or participate in any Titanic-themed exhibitions (excluding the Existing Imagine
Exhibition) for 24 months from the date of execution of this Agreement",[],PENDING,false,,,,data/segmentation_v3/293f59373f6a966b13cd7463b4617a6f.json,UNREVIEWED,legal_clause
293f59373f6a966b13cd7463b4617a6f,293f59373f6a966b13cd7463b4617a6f_clause_020,"(4) Zaller and Imagine agree, represent and warrant that they will not stage a Titanic-themed Exhibition, including the Existing Imagine Exhibition, in the United
States or Canada for 36 months from the date of execution of this Agreement, or Western Europe (defined herein as the United Kingdom, Ireland, France,
Germany, Italy, Switzerland, Spain, Portugal, Sweden, Denmark and Norway only) for 24 months from the date of execution of this Agreement.",[],PENDING,false,,,,data/segmentation_v3/293f59373f6a966b13cd7463b4617a6f.json,UNREVIEWED,legal_clause
293f59373f6a966b13cd7463b4617a6f,293f59373f6a966b13cd7463b4617a6f_clause_021,"(5) In consideration of the payment set forth in paragraph one (1) above, and for other good and valuable consideration, the receipt of which is hereby
acknowledged, the Company, together with its affiliates, subsidiaries, parents, shareholders, officers, principals, employees, directors, agents, insurers, attorneys,
and assigns fully, finally, and completely releases, quitclaims and discharges Zaller, Imagine and Kingsmen, their predecessors and successors, present and
former affiliates, subsidiaries, legal representatives, heirs, spouses, executors, administrators, insurers, employees, officers, directors, shareholders, attorneys,
independent contractors and agents from each and every present, past or future claim, debt, demand, judgment, cause of action, rights, damages, costs or suits,
responsibility and liability of every kind and character whatsoever, known or unknown, suspected or unsuspected, now existing,",[],PENDING,false,,,,data/segmentation_v3/293f59373f6a966b13cd7463b4617a6f.json,UNREVIEWED,legal_clause
293f59373f6a966b13cd7463b4617a6f,293f59373f6a966b13cd7463b4617a6f_clause_022,"4

whether based on statute, federal law, common law, international law, tort, contract, or any other theory of recovery, pertaining to all matters which are, have been or may have been or could have been the subject of
and/or in connection with the Federal Court Action, the Florida Action, the Singapore Action or arising out of and/or in connection with any RMST Exhibition, and from any and all alleged breaches and damages
between the parties, which existed up to the date of execution of this Agreement. Further or additionally, the Company shall write to Las Vegas Sands Corporation, the Venetian in Macau and Marina Bay Sands in
Singapore notifying them that the disputes between the Company and Zaller/Imagine/Kingsmen have been fully and finally resolved with Zaller, Imagine and Kingsmen denying any liability to the Company and
making no admissions with respect to the resolution of the dispute (“the Sands Letter”). A draft of the Sands Letter shall first be sent to Zaller, Imagine and Kingsmen prior to it being sent and within seven (7) days of
the date of payment set forth in paragraph 1. The Sands Letter shall be sent by the Company within seven (7) days of approval of the draft by Zaller, Imagine and Kingsmen.",[],PENDING,false,,,,data/segmentation_v3/293f59373f6a966b13cd7463b4617a6f.json,UNREVIEWED,legal_clause
293f59373f6a966b13cd7463b4617a6f,293f59373f6a966b13cd7463b4617a6f_clause_023,"(6) As a required condition of this settlement, the Company agrees to dismiss with prejudice the Federal Court Action, and the counterclaim in the Singapore
Action, within five (5) days of receipt of the payment described in paragraph one (1) above, and covenants not to sue Zaller, Imagine and Kingsmen for the
released claims set out in this Agreement and/or for any claims alleged or which could have been alleged in the Federal Court Action, the Florida Action, the
Singapore Action, or which existed up to the date of execution of this Agreement whether known or unknown.",[],PENDING,false,,,,data/segmentation_v3/293f59373f6a966b13cd7463b4617a6f.json,UNREVIEWED,legal_clause
293f59373f6a966b13cd7463b4617a6f,293f59373f6a966b13cd7463b4617a6f_clause_024,"(7) In consideration of the dismissal of the Federal Court Action, the counterclaim in the Singapore Action, the aforesaid releases, and other good and valuable
consideration, Zaller, Imagine and Kingsmen, and their heirs, spouses, executors, administrators, affiliated companies,",[],PENDING,false,,,,data/segmentation_v3/293f59373f6a966b13cd7463b4617a6f.json,UNREVIEWED,legal_clause
293f59373f6a966b13cd7463b4617a6f,293f59373f6a966b13cd7463b4617a6f_clause_025,"5

subsidiaries, current and former officers, directors, managers, shareholders, members, employees, agents, attorneys, and their insurers, representatives, successors and assigns, do fully and finally, completely
release, quitclaim and discharge the Company, its predecessors and successors, present and former affiliates, subsidiaries, officers, directors, shareholders, members, employees, attorneys, insurers, and agents
from each and every present, past or future claim, debt, demand, judgment, cause of action, rights, damages, costs, or suits, responsibility and liability of every kind and character whatsoever, known or unknown,
suspected or unsuspected, now existing, whether based on statute, federal law, common law, international law, tort, contract, or any other theory of recovery, pertaining to the Company, including as to the RMST
Exhibitions, and for all actions or inactions including, but not limited to, all claims and counts set forth in the Singapore Action, and/or arising out of or otherwise related to the incident(s) referenced in the
above-identified litigation, including without limitation, all rights or claims that also could have been asserted in the Federal Court Action, the Florida Action, or the Singapore Action, and from all alleged breaches and",[],PENDING,false,,,,data/segmentation_v3/293f59373f6a966b13cd7463b4617a6f.json,PRIORITY_UNREVIEWED,legal_clause
293f59373f6a966b13cd7463b4617a6f,293f59373f6a966b13cd7463b4617a6f_clause_026,"damages between the parties which existed up to the date of execution of this Agreement, whether known or unknown. Kingsmen further agrees that, within five (5) days of execution of this Agreement, it will together
with the Company’s Singapore lawyers, dismiss with prejudice its claims and the Company’s counterclaims in the Singapore Action, each party therein to bear its own costs and attorneys’ fees.",[],PENDING,false,,,,data/segmentation_v3/293f59373f6a966b13cd7463b4617a6f.json,UNREVIEWED,legal_clause
293f59373f6a966b13cd7463b4617a6f,293f59373f6a966b13cd7463b4617a6f_clause_027,"(8) As a required condition of this settlement, the Company agrees to dismiss with prejudice all claims alleged against Kingsmen in its Counterclaim in the
Singapore Action, and covenants not to sue Kingsmen for the released claims and/or any claims alleged or which could have been alleged in the Florida Action or
the Singapore Action, or which existed up to the date",[],PENDING,false,,,,data/segmentation_v3/293f59373f6a966b13cd7463b4617a6f.json,UNREVIEWED,legal_clause
293f59373f6a966b13cd7463b4617a6f,293f59373f6a966b13cd7463b4617a6f_clause_028,"6

of execution of this Agreement, and/or in connection with the matters set out therein (including in the preamble of this Agreement) whether known or unknown.",[],PENDING,false,,,,data/segmentation_v3/293f59373f6a966b13cd7463b4617a6f.json,UNREVIEWED,legal_clause
293f59373f6a966b13cd7463b4617a6f,293f59373f6a966b13cd7463b4617a6f_clause_029,"(9) The Parties further agree that irrespective of any prior rulings or orders , they shall bear their own costs, attorneys’ fees and litigation expenses.",[],PENDING,false,,,,data/segmentation_v3/293f59373f6a966b13cd7463b4617a6f.json,UNREVIEWED,legal_clause
293f59373f6a966b13cd7463b4617a6f,293f59373f6a966b13cd7463b4617a6f_clause_030,"(10) The Parties agree to assume full responsibility for and to indemnify and hold each other harmless from any and all liability for claims or liens which are, or
may be, asserted against them which arise out of or otherwise relate to their alleged obligations incurred after commencement of the Federal Action, including,
but not limited to, claims or liens for legal, expert witness or any other services rendered or provided to or on behalf of the parties or otherwise arising out of or by
operation of statute or common law.",[],PENDING,false,,,,data/segmentation_v3/293f59373f6a966b13cd7463b4617a6f.json,UNREVIEWED,legal_clause
293f59373f6a966b13cd7463b4617a6f,293f59373f6a966b13cd7463b4617a6f_clause_031,"(11) Zaller, Imagine and Kingsmen do not admit, but rather expressly deny, the allegations of liability and/or wrongdoing set forth against them in the Federal
Action, the Florida Action and the Singapore Action, and the aforesaid monetary consideration is paid in compromise of a disputed claim or claims in order to
avoid the expenses of further investigation and litigation.",[],PENDING,false,,,,data/segmentation_v3/293f59373f6a966b13cd7463b4617a6f.json,UNREVIEWED,legal_clause
293f59373f6a966b13cd7463b4617a6f,293f59373f6a966b13cd7463b4617a6f_clause_032,"(12) The Parties represent and warrant that they have not conveyed, transferred, pledged, hypothecated, or in any manner whatsoever assigned or encumbered
any of the claims set forth or which could have been set forth in the Federal Action, the Florida Action and the Singapore Action.",[],PENDING,false,,,,data/segmentation_v3/293f59373f6a966b13cd7463b4617a6f.json,UNREVIEWED,legal_clause
293f59373f6a966b13cd7463b4617a6f,293f59373f6a966b13cd7463b4617a6f_clause_033,"(13) The undersigned specifically authorize and direct Robert S. Thompson, Esquire and Robert W. McFarland, Esquire, or their designees, to execute orders
dismissing the Federal Court Action with prejudice, and further direct the law firm of TSMP Law Corporation and",[],PENDING,false,,,,data/segmentation_v3/293f59373f6a966b13cd7463b4617a6f.json,UNREVIEWED,legal_clause
293f59373f6a966b13cd7463b4617a6f,293f59373f6a966b13cd7463b4617a6f_clause_034,"7

Cherrin Wong and the law firm of Rajah Tann, to execute all documents necessary to dismiss with prejudice the Claims and Counterclaim in the Singapore Action.",[],PENDING,false,,,,data/segmentation_v3/293f59373f6a966b13cd7463b4617a6f.json,UNREVIEWED,legal_clause
293f59373f6a966b13cd7463b4617a6f,293f59373f6a966b13cd7463b4617a6f_clause_035,"(14) As a material inducement to enter this settlement, the Parties have agreed and do agree that the nature, terms and conditions of this Agreement are strictly
confidential and shall not in the future be disclosed, other than to the following: (A) the Parties to this Agreement and any subsidiary, affiliate, associate, employee
or parent companies and their insurers, reinsurers, auditors, accountants and attorneys, to further the legitimate business purposes of such Parties; (B) between
and amongst the Parties in connection with the required notices and other proceedings set forth in this Agreement; (C) the Internal Revenue Service, or any other
state, federal, or local governmental taxing authority, in connection with tax returns, amendments or related documents; (D) the Securities and Exchange
Commission (“SEC”) in such filings as the Company is required to provide, and such SEC disclosures may state that the Federal Action has been resolved by
agreement of the parties therein, and that the Company is receiving funds from the settlement without any admissions of fault or liability, and shall further state
that the Singapore Action has been dismissed by agreement of Kingsmen and the Company; and that Zaller, Imagine and Kingsmen deny any liability to the
Company ; (E) any person designated pursuant to an order from a court of competent jurisdiction, or as may otherwise be required by law, provided that the
disclosing Party shall make reasonable efforts to have this Agreement covered by protective order limiting dissemination to those involved in such proceedings;
(F) in the event of a dispute or other litigation between any of the Parties involving the provisions of this Agreement, but in such event the disclosure shall be
under terms that preserve the confidentiality of the information disclosed; (G) the Singapore Exchange (“SGX”) in such filings as Kingsmen is required to provide
but such SGX disclosure shall be limited to a bare or simple",[],PENDING,false,,,,data/segmentation_v3/293f59373f6a966b13cd7463b4617a6f.json,UNREVIEWED,legal_clause
293f59373f6a966b13cd7463b4617a6f,293f59373f6a966b13cd7463b4617a6f_clause_036,"8

statement relating to the outcome of the Singapore Action and, if relevant, that the Company denies any liability to Kingsmen and vice versa or (H) the Parties agree in writing to the specific disclosure. To the extent
necessary, the Parties assign a value of $500.00 of the total consideration for this Agreement.",[],PENDING,false,,,,data/segmentation_v3/293f59373f6a966b13cd7463b4617a6f.json,UNREVIEWED,legal_clause
293f59373f6a966b13cd7463b4617a6f,293f59373f6a966b13cd7463b4617a6f_clause_037,"(15) Each of the Parties further agrees that they will not say or do anything that would or could be construed to defame, libel or disparage the reputation of any of
the other Parties, except as required by law. The Parties further agree that they will require their respective employees who have knowledge of the existence and
terms of this Agreement, for so long as they remain employees, to not say or do anything that would or could be reasonably construed to defame, libel or
disparage the reputation of any of the other Parties, except as required by law. Nothing contained herein shall prevent any Party from providing truthful testimony
in court, administrative hearings, arbitration, discovery responses, depositions, or as otherwise required by law.",[],PENDING,false,,,,data/segmentation_v3/293f59373f6a966b13cd7463b4617a6f.json,UNREVIEWED,legal_clause
293f59373f6a966b13cd7463b4617a6f,293f59373f6a966b13cd7463b4617a6f_clause_038,"(16) This Agreement contains the entire agreement between the parties hereto, regarding the issues and disputes which have arisen in the Federal Action, the
Florida Action and the Singapore Action, and all other related matters regarding the rights, duties and obligations under the aforementioned matters, and no
promise, inducement, agreement or other consideration not herein expressed has been made between the parties. It is expressly understood and agreed that
this Agreement may not be altered, amended, modified or otherwise changed in any respect or particular whatsoever, except by a writing duly executed by an
authorized representative of each of the Parties.",[],PENDING,false,,,,data/segmentation_v3/293f59373f6a966b13cd7463b4617a6f.json,UNREVIEWED,legal_clause
293f59373f6a966b13cd7463b4617a6f,293f59373f6a966b13cd7463b4617a6f_clause_039,"(17) The undersigned acknowledge that they have read the foregoing provisions of this document before executing it and that they understand its provisions, or
have made any",[],PENDING,false,,,,data/segmentation_v3/293f59373f6a966b13cd7463b4617a6f.json,UNREVIEWED,legal_clause
293f59373f6a966b13cd7463b4617a6f,293f59373f6a966b13cd7463b4617a6f_clause_040,"9

necessary inquiries to understand its provisions. Further, the undersigned have been advised by counsel of their choice of the advisability of accepting the settlement herein set out. The persons executing this
Agreement for the Company, Imagine, and Kingsmen affirm, respectively, that they possess authority to execute this Agreement on the entity’s behalf. As between the Company, and Zaller and Imagine, this
Agreement shall be deemed to have been made and entered into in the State of Georgia, and shall in all respects be interpreted, enforced and governed under the laws of the State of Georgia, without regard to
conflicts of laws principles or choice of law provisions. The language of all parts of this Agreement shall be construed as a whole, according to its plain meaning, and not be interpreted or construed against or for any
of the Parties. Any dispute and/or difference between the Company and Kingsmen arising out of and/or in connection with this Agreement (including but not limited to any questions regarding its existence, effect,
validity and/or termination) shall be referred to and finally resolved by international arbitration in Singapore in accordance with the Rules of the Singapore International Arbitration Centre (“SIAC Rules”) for the time
being in force, which rules are deemed to be incorporated by reference in this clause. The Tribunal shall consist of a single arbitrator appointed by the Chairman of the SIAC. The language of the arbitration shall be
English. The prevailing party in any action or proceedings brought to enforce and/or because of an alleged breach of this Agreement shall be entitled to recovery of its costs and attorneys’ fees incurred in the action.
As between the Company and Kingsmen, any dispute arising under and/or in connection with this Agreement shall be governed solely and only by the laws of the Republic of Singapore (excluding private international
law considerations) as if both the Company and Kingsmen and the transaction are domiciled in the Republic of Singapore.",[],PENDING,false,,,,data/segmentation_v3/293f59373f6a966b13cd7463b4617a6f.json,UNREVIEWED,legal_clause
293f59373f6a966b13cd7463b4617a6f,293f59373f6a966b13cd7463b4617a6f_clause_041,"10

(18) Should any provision of this Agreement be held by a court or tribunal of competent jurisdiction to be unenforceable, or enforceable only if modified, that
holding shall not affect the validity of the remainder of this Agreement, the balance of which shall continue to be binding upon the parties, with any modification to
become a part hereof and treated as though contained in this original Agreement.",[],PENDING,false,,,,data/segmentation_v3/293f59373f6a966b13cd7463b4617a6f.json,UNREVIEWED,legal_clause
293f59373f6a966b13cd7463b4617a6f,293f59373f6a966b13cd7463b4617a6f_clause_042,"(19) Zaller, Imagine and the Company consent to personal jurisdiction and venue in connection with any alleged breach of this Agreement in the United States
District Court for the Northern District of Georgia, Atlanta Division, or an appropriate state court forum for Atlanta, Georgia. This Agreement shall be binding
upon, and inure to the benefit of the successors and assigns of the parties. The prevailing party in any action brought to enforce and/or because of an alleged
breach of this Agreement shall be entitled to recovery of its costs and attorneys’ fees incurred in the action.",[],PENDING,false,,,,data/segmentation_v3/293f59373f6a966b13cd7463b4617a6f.json,UNREVIEWED,legal_clause
293f59373f6a966b13cd7463b4617a6f,293f59373f6a966b13cd7463b4617a6f_clause_043,"(20) This Agreement shall be effective whether executed as a single document or in counterparts, and taken together shall be deemed a single binding and
enforceable instrument. True copies of this Agreement have the same force and effect as an original.",[],PENDING,false,,,,data/segmentation_v3/293f59373f6a966b13cd7463b4617a6f.json,UNREVIEWED,legal_clause
293f59373f6a966b13cd7463b4617a6f,293f59373f6a966b13cd7463b4617a6f_clause_044,"THE UNDERSIGNED HAVE READ THIS RELEASE, UNDERSTANDS IT FULLY, AND SIGNS IT VOLUNTARILY, WITH THE INTENT TO BE LEGALLY BOUND
THEREBY.",[],PENDING,false,,,,data/segmentation_v3/293f59373f6a966b13cd7463b4617a6f.json,UNREVIEWED,legal_clause
293f59373f6a966b13cd7463b4617a6f,293f59373f6a966b13cd7463b4617a6f_clause_045,"IN WITNESS WHEREOF, we do hereby set our hands and seals.",[],PENDING,false,,,,data/segmentation_v3/293f59373f6a966b13cd7463b4617a6f.json,PRIORITY_UNREVIEWED,legal_clause
293f59373f6a966b13cd7463b4617a6f,293f59373f6a966b13cd7463b4617a6f_clause_046,"(1)
IMAGINE EXHIBITIONS, INC., a Georgia corporation",[],PENDING,false,,,,data/segmentation_v3/293f59373f6a966b13cd7463b4617a6f.json,UNREVIEWED,legal_clause
293f59373f6a966b13cd7463b4617a6f,293f59373f6a966b13cd7463b4617a6f_clause_047,"By:

Title:

Date:

11",[],PENDING,false,,,,data/segmentation_v3/293f59373f6a966b13cd7463b4617a6f.json,PRIORITY_UNREVIEWED,legal_clause
293f59373f6a966b13cd7463b4617a6f,293f59373f6a966b13cd7463b4617a6f_clause_048,"(2)
IMAGINE EXHIBITIONS, INC., a Nevada corporation",[],PENDING,false,,,,data/segmentation_v3/293f59373f6a966b13cd7463b4617a6f.json,UNREVIEWED,legal_clause
293f59373f6a966b13cd7463b4617a6f,293f59373f6a966b13cd7463b4617a6f_clause_049,"By:

Title:

Date:

(3)
IMAGINE EXHIBITIONS PTE, Ltd.",[],PENDING,false,,,,data/segmentation_v3/293f59373f6a966b13cd7463b4617a6f.json,UNREVIEWED,legal_clause
293f59373f6a966b13cd7463b4617a6f,293f59373f6a966b13cd7463b4617a6f_clause_050,"By:

Title:

Date:

(4)
TZ, Inc.",[],PENDING,false,,,,data/segmentation_v3/293f59373f6a966b13cd7463b4617a6f.json,PRIORITY_UNREVIEWED,legal_clause
293f59373f6a966b13cd7463b4617a6f,293f59373f6a966b13cd7463b4617a6f_clause_051,"By:

Title:

Date:

(5)",[],PENDING,false,,,,data/segmentation_v3/293f59373f6a966b13cd7463b4617a6f.json,UNREVIEWED,legal_clause
293f59373f6a966b13cd7463b4617a6f,293f59373f6a966b13cd7463b4617a6f_clause_052,THOMAS ZALLER,[],PENDING,false,,,,data/segmentation_v3/293f59373f6a966b13cd7463b4617a6f.json,PRIORITY_UNREVIEWED,section_heading
293f59373f6a966b13cd7463b4617a6f,293f59373f6a966b13cd7463b4617a6f_clause_053,"(6)
PREMIER EXHIBITIONS, INC.",[],PENDING,false,,,,data/segmentation_v3/293f59373f6a966b13cd7463b4617a6f.json,UNREVIEWED,legal_clause
293f59373f6a966b13cd7463b4617a6f,293f59373f6a966b13cd7463b4617a6f_clause_054,"By:

Title:

Date:

12",[],PENDING,false,,,,data/segmentation_v3/293f59373f6a966b13cd7463b4617a6f.json,UNREVIEWED,legal_clause
293f59373f6a966b13cd7463b4617a6f,293f59373f6a966b13cd7463b4617a6f_clause_055,"(7)
RMS TITANIC, INC.",[],PENDING,false,,,,data/segmentation_v3/293f59373f6a966b13cd7463b4617a6f.json,UNREVIEWED,legal_clause
293f59373f6a966b13cd7463b4617a6f,293f59373f6a966b13cd7463b4617a6f_clause_056,"By:

Title:

Date:

(8)
KINGSMEN EXHIBITS PTE, LTD.",[],PENDING,false,,,,data/segmentation_v3/293f59373f6a966b13cd7463b4617a6f.json,UNREVIEWED,legal_clause
293f59373f6a966b13cd7463b4617a6f,293f59373f6a966b13cd7463b4617a6f_clause_057,"By:

Title:

Date:

(9)
KINGSMEN CREATIVES LTD.",[],PENDING,false,,,,data/segmentation_v3/293f59373f6a966b13cd7463b4617a6f.json,UNREVIEWED,legal_clause
293f59373f6a966b13cd7463b4617a6f,293f59373f6a966b13cd7463b4617a6f_clause_058,"By:

Title:

Date:

13",[],PENDING,false,,,,data/segmentation_v3/293f59373f6a966b13cd7463b4617a6f.json,UNREVIEWED,legal_clause
3504e06a49433c1456720513186da1bd,3504e06a49433c1456720513186da1bd_clause_000,"EX-10.8 18 g20786exv10w8.htm EX-10.8
Exhibit 10.8
(ANSON LOGO)
Client Confidentiality & Non-Disclosure Agreement
This Agreement by and between TechniScan Medical Systems, Inc. (hereinafter referred to as “Client”) and The Anson Group, LLC (hereinafter
referred to as “Anson”), shall govern the conditions of disclosure of confidential information relating to Client’s business (“the Information”).
The Information includes all oral and written information, regardless of medium, disclosed to Anson by Client that is labeled or otherwise
identified as confidential.
With regard to the Information, Anson hereby agrees:",[],PENDING,false,,,,data/segmentation_v3/3504e06a49433c1456720513186da1bd.json,UNREVIEWED,legal_clause
3504e06a49433c1456720513186da1bd,3504e06a49433c1456720513186da1bd_clause_001,"1.
 Not to use the Information except for the sole purpose of providing consulting services requested by Client.",[],PENDING,false,,,,data/segmentation_v3/3504e06a49433c1456720513186da1bd.json,UNREVIEWED,legal_clause
3504e06a49433c1456720513186da1bd,3504e06a49433c1456720513186da1bd_clause_002,"2.
 To safeguard the Information against disclosure to others with the same degree of care as it exercises with its own information of a similar
nature; and",[],PENDING,false,,,,data/segmentation_v3/3504e06a49433c1456720513186da1bd.json,PRIORITY_UNREVIEWED,legal_clause
3504e06a49433c1456720513186da1bd,3504e06a49433c1456720513186da1bd_clause_003,"3.
 Not to disclose the Information to others (except to its employees, agents or consultants who are bound to Anson by a like obligation of
confidentiality) without the express written permission of Client, except that Anson shall not be prevented from using or disclosing any of
the Information:",[],PENDING,false,,,,data/segmentation_v3/3504e06a49433c1456720513186da1bd.json,UNREVIEWED,legal_clause
3504e06a49433c1456720513186da1bd,3504e06a49433c1456720513186da1bd_clause_004,"a)
 Which Anson can demonstrate by written records was previously known to it;",[],PENDING,false,,,,data/segmentation_v3/3504e06a49433c1456720513186da1bd.json,UNREVIEWED,legal_clause
3504e06a49433c1456720513186da1bd,3504e06a49433c1456720513186da1bd_clause_005,"b)
 Which is now, or becomes in the future, public knowledge other than through acts or omissions of Anson;",[],PENDING,false,,,,data/segmentation_v3/3504e06a49433c1456720513186da1bd.json,UNREVIEWED,legal_clause
3504e06a49433c1456720513186da1bd,3504e06a49433c1456720513186da1bd_clause_006,"c)
 Which is lawfully obtained by Anson from sources independent of Client; or",[],PENDING,false,,,,data/segmentation_v3/3504e06a49433c1456720513186da1bd.json,UNREVIEWED,legal_clause
3504e06a49433c1456720513186da1bd,3504e06a49433c1456720513186da1bd_clause_007,"d)
 Which Anson is required by law to disclose.
Anson agrees to provide prompt written notice to Client of any legal requests or compulsion to disclose the Information, and to make only such
disclosures as are legally required.
Anson agrees to return or destroy all documents or other materials provided by Client that constitute the Information, without retaining any
copies or extracts thereof, upon request by Client.",[],PENDING,false,,,,data/segmentation_v3/3504e06a49433c1456720513186da1bd.json,UNREVIEWED,legal_clause
3504e06a49433c1456720513186da1bd,3504e06a49433c1456720513186da1bd_clause_008,NON-DISCLOSURE AGREEMENT,[],PENDING,false,,,,data/segmentation_v3/3504e06a49433c1456720513186da1bd.json,PRIORITY_UNREVIEWED,section_heading
3504e06a49433c1456720513186da1bd,3504e06a49433c1456720513186da1bd_clause_009,"PAGE 1
TechniScan Medical Systems, Inc.",[],PENDING,false,,,,data/segmentation_v3/3504e06a49433c1456720513186da1bd.json,UNREVIEWED,legal_clause
3504e06a49433c1456720513186da1bd,3504e06a49433c1456720513186da1bd_clause_010,"Anson agrees that the furnishing of the Information to Anson shall not constitute a grant of license to Anson under any legal rights now or
hereinafter held by Client.
This Agreement and all actions related hereto shall be governed by and construed in accordance with the laws (other than the conflict of laws
rules) of the United States and the State of Indiana.
The rights and obligations herein shall bind the Parties and their respective legal representatives, successors, heirs and assigns.
This Agreement expresses the entire agreement and understanding of the Parties with respect to the subject matter hereof and supersedes all prior
agreements, commitments and understandings, whether written or oral, with respect to such subject matter. Any modifications of, or changes to,
this Agreement shall be in writing and signed by each of the Parties.
This Agreement shall terminate upon the termination of the General Consulting Agreement between the parties dated January 5, 2006, provided,
however, that the secrecy and non-use obligations of Anson herein shall remain in effect for three (3) years from the date of termination.",[],PENDING,false,,,,data/segmentation_v3/3504e06a49433c1456720513186da1bd.json,UNREVIEWED,legal_clause
3504e06a49433c1456720513186da1bd,3504e06a49433c1456720513186da1bd_clause_011,"The Anson Group, LLC",[],PENDING,false,,,,data/segmentation_v3/3504e06a49433c1456720513186da1bd.json,UNREVIEWED,legal_clause
3504e06a49433c1456720513186da1bd,3504e06a49433c1456720513186da1bd_clause_012,"TechniScan Medical Systems, Inc.",[],PENDING,false,,,,data/segmentation_v3/3504e06a49433c1456720513186da1bd.json,UNREVIEWED,legal_clause
3504e06a49433c1456720513186da1bd,3504e06a49433c1456720513186da1bd_clause_013,(SIGNATURE),[],PENDING,false,,,,data/segmentation_v3/3504e06a49433c1456720513186da1bd.json,PRIORITY_UNREVIEWED,section_heading
3504e06a49433c1456720513186da1bd,3504e06a49433c1456720513186da1bd_clause_014,NON-DISCLOSURE AGREEMENT,[],PENDING,false,,,,data/segmentation_v3/3504e06a49433c1456720513186da1bd.json,PRIORITY_UNREVIEWED,section_heading
3504e06a49433c1456720513186da1bd,3504e06a49433c1456720513186da1bd_clause_015,"PAGE 2
TechniScan Medical Systems, Inc.",[],PENDING,false,,,,data/segmentation_v3/3504e06a49433c1456720513186da1bd.json,UNREVIEWED,legal_clause
4fd432d8ce6796dabc17d3838d8539a2,4fd432d8ce6796dabc17d3838d8539a2_clause_000,"EX-99.(D)(3) 10 dex99d3.htm CONFIDENTIALITY AND STANDSTILL AGREEMENT
Exhibit (d)(3)
March 16, 2010
Somanetics Corporation
1653 East Maple Road
Troy, MI 48083
Ladies and Gentlemen:
In connection with our possible interest in a transaction involving the acquisition of Somanetics Corporation (the “Company”), you are furnishing us
or our representatives with certain information which is either non-public, confidential or proprietary in nature. All information furnished to us or
our representatives by the Company or any of its employees, representatives, agents or advisors (including attorneys, accountants and financial
advisors), shall be considered confidential and proprietary, and together with analyses, compilations, forecasts, studies or other documents prepared
by us, our agents, advisors (including attorneys, accountants and financial advisors), representatives or employees which contain such information, is
hereinafter referred to as the “Information”. In consideration of the Company furnishing us with the Information, we agree that:",[],PENDING,false,,,,data/segmentation_v3/4fd432d8ce6796dabc17d3838d8539a2.json,UNREVIEWED,legal_clause
4fd432d8ce6796dabc17d3838d8539a2,4fd432d8ce6796dabc17d3838d8539a2_clause_001,"1. The Information will be kept confidential and shall not, without the prior written consent of the Company, be disclosed by us, or by our affiliates,
agents, representatives, advisors or employees, in any manner whatsoever, in whole or in part, and shall not be used by us, our affiliates, agents,
representatives, advisors or employees, other than to determine whether we wish to enter into, or other than in connection with, the transaction
described above. Moreover, we agree to reveal the Information only to our affiliates, agents, representatives, advisors and employees who need to
know the Information for the purpose of evaluating, or otherwise in connection with, the transaction described above who are informed of the
confidential nature of the Information. We agree to be responsible for any breach of this Agreement by our affiliates, agents, representatives,
advisors and employees.",[],PENDING,false,,,,data/segmentation_v3/4fd432d8ce6796dabc17d3838d8539a2.json,PRIORITY_UNREVIEWED,legal_clause
4fd432d8ce6796dabc17d3838d8539a2,4fd432d8ce6796dabc17d3838d8539a2_clause_002,"2. Without the prior written consent of the other party, neither party nor its representatives shall disclose to any person either the fact that discussions
or negotiations are taking place concerning the possible transaction referred to herein or any of the terms, conditions or other facts with respect to
any such possible transaction including the status thereof, except as required by applicable law or exchange listing agreements, rules or policies.",[],PENDING,false,,,,data/segmentation_v3/4fd432d8ce6796dabc17d3838d8539a2.json,UNREVIEWED,legal_clause
4fd432d8ce6796dabc17d3838d8539a2,4fd432d8ce6796dabc17d3838d8539a2_clause_003,"3. All copies of the Information, except for that portion of the Information which consists of analyses, compilations, forecasts, studies or other
documents prepared by us, our agents, representatives, advisors or employees, will be returned to the Company promptly upon request or if we
decide not to proceed with an acquisition of the Company (and we will inform the Company promptly of any such decision). At the time of such
return, we will destroy any such analyses, compilations, forecasts, studies or other documents prepared by us, our agents, representatives, advisors or
employees.",[],PENDING,false,,,,data/segmentation_v3/4fd432d8ce6796dabc17d3838d8539a2.json,UNREVIEWED,legal_clause
4fd432d8ce6796dabc17d3838d8539a2,4fd432d8ce6796dabc17d3838d8539a2_clause_004,"1

2

4. The term Information shall not include such portions of the Information which (i) are or become generally available to the public other than as a
result of disclosure by us, our affiliates, agents, representatives, advisors or employees, or (ii) become available to us or to our affiliates, agents,
representatives, advisors or employees on a non-confidential basis from a source which was not then prohibited from disclosing such Information to
us by a legal, contractual or fiduciary obligation to the Company, or (iii) which was in our possession, or in the possession of our affiliates, agents,
representatives, advisors or employees, or otherwise available to us, or to our affiliates, agents, representatives, advisors or employees, on a non-
confidential basis prior to its disclosure to us or one or more of our affiliates, agents, representatives, advisors or employees, or (iv) which is
independently acquired or developed by us without violating any obligations under this Agreement.",[],PENDING,false,,,,data/segmentation_v3/4fd432d8ce6796dabc17d3838d8539a2.json,UNREVIEWED,legal_clause
4fd432d8ce6796dabc17d3838d8539a2,4fd432d8ce6796dabc17d3838d8539a2_clause_005,"5. The above undertakings of non-disclosure and confidentiality shall remain in force for a period of two (2) years from the date of this Agreement,
except that there shall be no time limit, and such undertakings shall continue indefinitely, with respect to Information regarding algorithms relating
to the Company’s past, present and proposed products, the calibration of those products, the source code and applications software related to those
products, and the analog signal processing section of the pre-amp pcba relating to those products.",[],PENDING,false,,,,data/segmentation_v3/4fd432d8ce6796dabc17d3838d8539a2.json,UNREVIEWED,legal_clause
4fd432d8ce6796dabc17d3838d8539a2,4fd432d8ce6796dabc17d3838d8539a2_clause_006,"6. In the event that we or anyone to whom we transmit the Information pursuant to this Agreement is requested or becomes legally compelled to
disclose any of the Information (whether by oral questions, interrogatories, requests for Information or documents, subpoena, Civil Investigative
Demand or similar process or otherwise), we will provide the Company with prompt notice, to the extent practicable, so that the Company may seek
a protective order or other appropriate remedy and/or waive compliance with the provisions of this Agreement. We will cooperate with the Company,
at the Company’s expense, to obtain such protective order or other appropriate remedy. In the event that such protective order or other remedy is not
obtained, the Company agrees that such disclosure may be made without liability hereunder. We will furnish only that portion of the Information
which we are, in the opinion of our counsel or the counsel of our representative, legally required to disclose and will use reasonable efforts to obtain
reliable assurance that confidential treatment will be accorded the Information.",[],PENDING,false,,,,data/segmentation_v3/4fd432d8ce6796dabc17d3838d8539a2.json,UNREVIEWED,legal_clause
4fd432d8ce6796dabc17d3838d8539a2,4fd432d8ce6796dabc17d3838d8539a2_clause_007,"7. We agree that for a period of one year from the date of this Agreement, we and our affiliates will not solicit for employment any employee of the
Company with whom we or our affiliates had direct contact in connection with our consideration of a possible transaction hereunder.
Notwithstanding the foregoing, this paragraph shall not preclude our right to make generalized searches for employees by use of advertisements in
the media (including, without limitation, trade media) or by engaging search firms, so long as such general searches are not specifically targeted at
such Company employees, and we shall not be prohibited from, and shall not be required to obtain the Company’s consent prior to, offering to
employ or employing any person who (i) contacts us on his or her own initiative without any direct or indirect solicitation by us, (ii) responds to an
advertisement or other general solicitation for employment not directed at employees of the Company, (iii) began employment discussions with us
prior to the date of this agreement or (iv) is no longer employed by the Company at the time we commence employment discussions with such
person.",[],PENDING,false,,,,data/segmentation_v3/4fd432d8ce6796dabc17d3838d8539a2.json,UNREVIEWED,legal_clause
4fd432d8ce6796dabc17d3838d8539a2,4fd432d8ce6796dabc17d3838d8539a2_clause_008,"3

8. None of the Company or any of its affiliates, agents, advisors or representatives (i) has made or makes any representation or warranty, expressed
or implied, as to the accuracy or completeness of the Information or (ii) shall have any liability whatsoever to us or our affiliates, agents,
representatives, advisors or employees relating to or resulting from the use of the Information or any errors therein or omissions therefrom. The
Information may include certain statements, estimates and projections provided by the Company with regard to the anticipated future performance of
the Company. Such statements, estimates and projections reflect various assumptions made by the Company concerning anticipated results, which
assumptions may or may not prove to be correct. No representations are made as to the accuracy of such assumptions, statements, estimates or
projections, including any budget(s). The only information that will have any legal effect will be specifically represented in a definitive purchase
agreement; and in no event will such definitive purchase agreement contain any representation as to the projections.",[],PENDING,false,,,,data/segmentation_v3/4fd432d8ce6796dabc17d3838d8539a2.json,UNREVIEWED,legal_clause
4fd432d8ce6796dabc17d3838d8539a2,4fd432d8ce6796dabc17d3838d8539a2_clause_009,"9. You understand that (i) the Company shall conduct the process for a possible transaction as it, in its sole discretion, shall determine (including,
without limitation, negotiating with any prospective buyer and entering into definitive agreements without prior notice to us or any other person),
(ii) any procedures relating to a potential transaction may be changed at any time without notice to you or any other person, (iii) the Company shall
have the right to reject or accept any potential buyer, proposal or offer, for any reason whatsoever, in its sole discretion, and (iv) neither we nor any
of our affiliates, agents, advisors or representatives shall have any claims whatsoever against the Company or any of its respective directors, officers,
shareholders, owners, affiliates or agents arising out of or relating to a potential transaction (other than those against the parties to a definitive
agreement with you in accordance with the terms thereof). We agree that, subject to the terms of this Agreement, unless and until a definitive
purchase agreement between the Company and us with regard to any transaction has been executed and delivered, neither the Company nor we will
be under any legal obligation of any kind whatsoever with respect to such transaction.",[],PENDING,false,,,,data/segmentation_v3/4fd432d8ce6796dabc17d3838d8539a2.json,UNREVIEWED,legal_clause
4fd432d8ce6796dabc17d3838d8539a2,4fd432d8ce6796dabc17d3838d8539a2_clause_010,"10. In consideration of the Information being furnished to us, we hereby further agree that, without the prior written consent of the Board of
Directors of the Company, for a period of one year from the date hereof, neither we nor any of our affiliates (as such term is defined in Rule 12b-2
under the Securities Exchange Act of 1934, as amended), acting alone or as part of a group, will (i) acquire or offer or agree to acquire, directly or
indirectly, by purchase or otherwise, any voting securities or securities convertible into voting securities of the Company, (ii) propose to enter into,
directly or indirectly, any merger or business combination involving the Company or any of its subsidiaries, (iii) otherwise seek to influence or
control, in any manner whatsoever (including proxy solicitation or otherwise), the management or policies of the Company, (iv) assist, advise or
encourage (including by knowingly providing or arranging financing for that purpose) any other person in doing any of the foregoing, (v) call,
request or seek to have called any meeting of the shareholders of the Company or execute any written consent in lieu of a meeting of holders of any
securities of the Company, (vi) otherwise act, to seek the removal of any member of the Board of Directors, seek to elect or place a representative on
the Board of Directors of the Company, or seek to control or influence the management, Board of Directors or policies of the Company, (vii) seek to
have the Company waive, amend or modify its governing documents (for example, its articles or bylaws), (viii) take any action which might force
the Company to make a public announcement regarding any of the types of matters",[],PENDING,false,,,,data/segmentation_v3/4fd432d8ce6796dabc17d3838d8539a2.json,UNREVIEWED,legal_clause
4fd432d8ce6796dabc17d3838d8539a2,4fd432d8ce6796dabc17d3838d8539a2_clause_011,"4

set forth above, (ix) make any request directly or indirectly, to amend or waive any provision of this section of this Agreement (including this
sentence), (x) take any action that might require the Company to make a public announcement regarding the possibility of a business combination or
other type of transaction or activity described in this section of this Agreement, or (xi) enter into any discussions or arrangements with any third
party with respect to any of the foregoing. The foregoing section shall not prevent us (alone or jointly with other sources of buyer financing) from
making non-public proposals to the Company with respect to a possible transaction in compliance with written procedures provided to you by the
Company or its advisors. Notwithstanding the foregoing, in the event that the Board of Directors of the Company approves a transaction with any
person or entity that would result in such person or entity beneficially owning more than 20% of the outstanding voting securities of the Company
(or a successor to the Company in a merger or consolidation transaction) or all or substantially all of the Company’s assets, or any person, entity or
“group” (as defined in the 1934 Act), other than us or any of our affiliates, has commenced or publicly announced its intention to commence a tender
offer for more than 20% of the outstanding voting securities of the Company, the provisions of this Section 10 shall terminate.",[],PENDING,false,,,,data/segmentation_v3/4fd432d8ce6796dabc17d3838d8539a2.json,UNREVIEWED,legal_clause
4fd432d8ce6796dabc17d3838d8539a2,4fd432d8ce6796dabc17d3838d8539a2_clause_012,"11. It is further understood and agreed that Bruce Barrett, Mary Ann Victor or Bill Iacona will arrange for appropriate contacts with the Company. It
is also understood and agreed that all (i) communications regarding a possible transaction, (ii) requests for additional information, (iii) requests for
facility tours or management meetings and (iv) discussions or questions regarding procedures, will be submitted or directed exclusively to Bruce
Barrett, Mary Ann Victor or Bill Iacona, and that none of us or our affiliates, agents, advisors or representatives will initiate or cause to be initiated
any communication with any director, officer, employee or vendor of the Company concerning the Information or a potential transaction.",[],PENDING,false,,,,data/segmentation_v3/4fd432d8ce6796dabc17d3838d8539a2.json,UNREVIEWED,legal_clause
4fd432d8ce6796dabc17d3838d8539a2,4fd432d8ce6796dabc17d3838d8539a2_clause_013,"12. We understand and agree that the Company may be irreparably harmed by violation of this Agreement. Monetary damages alone may not be a
sufficient remedy for any breach of this Agreement and, therefore, in addition to the Company’s other rights and remedies, the Company will be
entitled to seek specific performance and injunctive or other equitable relief to enforce this Agreement. In addition, in the event of litigation
involving this Agreement, the prevailing party will be entitled to attorneys’ fees and other costs incurred in connection with such litigation.",[],PENDING,false,,,,data/segmentation_v3/4fd432d8ce6796dabc17d3838d8539a2.json,UNREVIEWED,legal_clause
4fd432d8ce6796dabc17d3838d8539a2,4fd432d8ce6796dabc17d3838d8539a2_clause_014,"13. The Company reserves the right to assign its rights, powers and privileges under this Agreement (including, without limitation, the right to
enforce the terms of this Agreement) to any successor – in – interest to the Company by merger or sale of all or substantially all of the assets of the
Company.",[],PENDING,false,,,,data/segmentation_v3/4fd432d8ce6796dabc17d3838d8539a2.json,UNREVIEWED,legal_clause
4fd432d8ce6796dabc17d3838d8539a2,4fd432d8ce6796dabc17d3838d8539a2_clause_015,"14. Any provision of this Agreement which is prohibited or unenforceable in any jurisdiction shall, as to such jurisdiction, be ineffective to the extent
of such prohibition or unenforceability without invalidating the remaining provisions hereof or affecting the validity of enforceability of such
provisions in any other jurisdiction.",[],PENDING,false,,,,data/segmentation_v3/4fd432d8ce6796dabc17d3838d8539a2.json,UNREVIEWED,legal_clause
4fd432d8ce6796dabc17d3838d8539a2,4fd432d8ce6796dabc17d3838d8539a2_clause_016,"5

15. This Agreement shall be governed by and construed in accordance with the laws of The Commonwealth of Massachusetts without regard to the
principles of conflicts of law.",[],PENDING,false,,,,data/segmentation_v3/4fd432d8ce6796dabc17d3838d8539a2.json,UNREVIEWED,legal_clause
4fd432d8ce6796dabc17d3838d8539a2,4fd432d8ce6796dabc17d3838d8539a2_clause_017,"Very truly yours,

TYCO HEALTHCARE GROUP LP d/b/a COVIDIEN
By:
 /s/ Matthew J. Nicolella",[],PENDING,false,,,,data/segmentation_v3/4fd432d8ce6796dabc17d3838d8539a2.json,UNREVIEWED,legal_clause
4fd432d8ce6796dabc17d3838d8539a2,4fd432d8ce6796dabc17d3838d8539a2_clause_018,"Title:
Matthew J. Nicolella
Vice President",[],PENDING,false,,,,data/segmentation_v3/4fd432d8ce6796dabc17d3838d8539a2.json,UNREVIEWED,legal_clause
4fd432d8ce6796dabc17d3838d8539a2,4fd432d8ce6796dabc17d3838d8539a2_clause_019,Accepted and agreed:,[],PENDING,false,,,,data/segmentation_v3/4fd432d8ce6796dabc17d3838d8539a2.json,UNREVIEWED,legal_clause
4fd432d8ce6796dabc17d3838d8539a2,4fd432d8ce6796dabc17d3838d8539a2_clause_020,"SOMANETICS CORPORATION
By:
 /s/ Bruce J. Barrett",[],PENDING,false,,,,data/segmentation_v3/4fd432d8ce6796dabc17d3838d8539a2.json,UNREVIEWED,legal_clause
4fd432d8ce6796dabc17d3838d8539a2,4fd432d8ce6796dabc17d3838d8539a2_clause_021,"Title:
Bruce J. Barrett
President and Chief Executive Officer",[],PENDING,false,,,,data/segmentation_v3/4fd432d8ce6796dabc17d3838d8539a2.json,UNREVIEWED,legal_clause
5180f107324abcab9d9ff81aee2db8d3,5180f107324abcab9d9ff81aee2db8d3_clause_000,"EX-99.(E).(3) 5 d443014dex99e3.htm CONFIDENTIALITY AGREEMENT BETWEEN SUN PHARMACEUTICAL
INDUSTRIES, INC.
Exhibit (e)(3)
May 11, 2012",[],PENDING,false,,,,data/segmentation_v3/5180f107324abcab9d9ff81aee2db8d3.json,UNREVIEWED,legal_clause
5180f107324abcab9d9ff81aee2db8d3,5180f107324abcab9d9ff81aee2db8d3_clause_001,"CONFIDENTIAL AND PROPRIETARY
James Hattersley
Vice President, Corp. Business Development
Sun Pharmaceutical Industries, Inc.
270 Prospect Plains Road
Cranbury, New Jersey 08512
Re: Confidentiality Agreement
Dear Mr. Hattersley:
In connection with your evaluation of a potential transaction (the “Potential Transaction”) with DUSA Pharmaceuticals, Inc. (the “Company”),
we are prepared to make available to you and/or your Representatives (as defined below) certain confidential information relating to the Company
and/or the Potential Transaction. As a condition to such information being furnished to you and your Representatives, you hereby agree to treat any
Information (as defined below), whether prepared by the Company, its Representatives or otherwise, which is furnished to you or your
Representatives now or in the future by or on behalf of the Company pursuant hereto in accordance with the terms and provisions of this agreement
(this “Agreement”) and to take or abstain from taking certain other actions as hereinafter set forth. As used herein, a party’s “Representatives” shall
mean such party’s directors, officers, employees, agents, affiliates and advisors (including, without limitation, such party’s attorneys, accountants,
consultants and financial advisors).
The term “Information” shall be deemed to mean (subject to the following sentence) any confidential or otherwise proprietary information
relating to the Company that the Company or any of its Representatives disclose to you, on or after the date of this Agreement, regardless of the
manner in which it is furnished, together with all portions of notes, analyses, compilations, studies, interpretations or other documents prepared by
you or your Representatives which contain, in whole or in part, the Information furnished to you or your Representatives pursuant to this Agreement.
The term “Information” shall not include, and the obligations of this Agreement shall not apply to, information which (i) is or becomes generally
available to the public other than as a result of an unauthorized disclosure by you or your Representatives in breach of this Agreement, (ii) was
within your or any of your Representative’s possession prior to its being furnished to you by or on behalf of the Company pursuant to this
Agreement, provided that the source of such information was not known by you to be bound by an agreement with or other contractual, legal or
fiduciary obligation of confidentiality to the Company or any other party with respect to such information, (iii) becomes available to you or any of
your Representatives from a source other than the Company or any of its Representatives, provided that such source is not known by you to be
bound by an agreement with or other contractual, legal or fiduciary obligation of confidentiality to the Company or any other party with respect to
such information, or (iv) was or is developed by you or your Representatives independently of such information.
Except as otherwise provided herein, you hereby agree that you and your Representatives shall use the Information solely for the purpose of
evaluating the Potential Transaction, that the Information will be kept strictly confidential by you and your Representatives, and that you and your
Representatives will not disclose any of the Information in any manner whatsoever; provided, however, that (i) you may make any disclosure of the
Information to which the Company gives its prior written consent, (ii) any of the Information may be disclosed to your Representatives who need to
know the Information for the sole purpose of evaluating the Potential Transaction, who agree to nondisclosure and non-use terms with respect to the
Information that are no less strict than the terms of this Agreement and (iii) any Information may be disclosed if required by operation of law, rule or
regulation or by any court or other governmental or regulatory authority; provided that you provide prompt written notice to the Company so that the
Company may seek a protective order or other appropriate remedy. If, in the absence of a protective order or other appropriate remedy or the receipt
of a waiver by the Company, you or any of your",[],PENDING,false,,,,data/segmentation_v3/5180f107324abcab9d9ff81aee2db8d3.json,PRIORITY_UNREVIEWED,legal_clause
5180f107324abcab9d9ff81aee2db8d3,5180f107324abcab9d9ff81aee2db8d3_clause_002,"1

Representatives are nonetheless, upon advice of counsel, legally compelled to disclose Information or else stand liable for contempt or suffer other
censure or penalty, you or your Representative, as applicable, may, without liability hereunder, disclose only that portion of the Information which
such counsel advises is legally required to be disclosed, provided that you and your Representative exercise your respective reasonable efforts to
preserve the confidentiality of the Information, including, without limitation, by cooperating with the Company, at the Company’s expense, to obtain
an appropriate protective order or other reliable assurance that confidential treatment will be accorded the Information. In any event, you shall be
responsible for any breach of this Agreement by any of your Representatives.
You represent that neither you nor any of your Representatives has entered into, directly or indirectly, any agreement or understanding with
any person (other than any agreement between you and your Representatives) with respect to a Potential Transaction or that could otherwise affect
such person’s decisions or actions with respect to a Potential Transaction involving the Company. In addition, you agree that, without the prior
written consent of the Company, you and your Representatives will not disclose to any other person the fact that the Information has been made
available to you or that discussions or negotiations are taking place between the Company and you concerning the Potential Transaction or any of the
terms, conditions or other facts with respect thereto (including the status thereof), unless in the opinion of your counsel such disclosure is required by
law, rule or regulation or by any court or other governmental or regulatory authority; provided that you provide prompt written notice to the
Company so that the Company may seek a protective order or other appropriate remedy.
Nothing contained in this Agreement shall require either party hereto to enter into the Potential Transaction or any other transaction or to
negotiate for the same for any specified period of time. All Information disclosed to you shall be and remain the property of the Company and this
Agreement shall not be construed as a license or any other grant of any right whatsoever in the Information. For clarity, no license under any patent,
copyright, trademark, other intellectual property right or any application therefore is hereby granted or implied by the provision of the Information to
you or your Representatives. Neither you nor your Representatives shall alter or obliterate any trademark or any other proprietary mark or notice
thereof of the Company on any copy of the Information, and you shall reproduce any such mark or notice on all copies of the Information.
You agree that upon the request of the Company, you will return to the Company or destroy all Information furnished to you or your
Representatives by or on behalf of the Company, without retaining any copies or extracts thereof, and you will destroy all portions of reports,
analyses, memoranda, notes or other documents prepared by you or your Representatives that contain the Information. You will confirm to us in
writing that destruction of all such Information has been completed. Notwithstanding the foregoing, the Company acknowledges that, in the ordinary
course of your business and as a part of your customary practices, after the destruction or return of other copies of the Information, electronic copies
of such Information may still remain on archives, hard drives, backup tapes and similar formats, and the Company acknowledges that, provided such
Information is not used or disclosed by you or your Representatives contrary to the terms of this Agreement, such remaining copies shall not be
deemed a breach of this paragraph. Furthermore, notwithstanding anything to the contrary herein, you and your Representatives may retain copies of
any Information in order to comply with your and their legal and regulatory record-keeping obligations, and do not have to return or destroy
Information to the extent that retention of such Information is, in good faith, in order to comply with your or their regulators’ and/or auditors’
expectations of best practices and/or applicable law or to defend yourself or themselves in litigation.
In consideration of and as a condition to the Company furnishing the Information to you under this Agreement, you agree that for a period of
one year from the date of this Agreement, neither you nor any of your affiliates will, directly or indirectly, solicit or employ any of the i) current
officers or director-level employees, without obtaining the prior written consent of the Company, or ii) other employees of the Company (so long as
they are employed by the Company) who are in discussion with you relating to this Agreement, without obtaining the prior written consent of the
Company, (it being understood that any newspaper or other general solicitation, including without limitation, web-based advertisements, not directed
specifically to such person shall not be deemed to be a solicitation for purposes of this provision).
You acknowledge and agree that the Company will be irreparably injured by a breach of this Agreement by you or your Representatives, that
monetary remedies may be inadequate to protect the Company against any actual or threatened breach of this Agreement by you or your
Representatives, and that the Company shall be entitled to seek specific performance or other equitable relief as a remedy for any such breach
without posting a bond.",[],PENDING,false,,,,data/segmentation_v3/5180f107324abcab9d9ff81aee2db8d3.json,PRIORITY_UNREVIEWED,legal_clause
5180f107324abcab9d9ff81aee2db8d3,5180f107324abcab9d9ff81aee2db8d3_clause_003,"2

For a period of twelve (12) months commencing on the date of this Agreement, you shall not, nor shall any of your subsidiaries or
Representatives, in any manner, directly or indirectly, acting alone or in concert with others, effect or seek, offer or propose (whether publicly or
otherwise) to effect, or cause or participate in or in any way assist any other person to effect or seek, offer or propose (whether publicly or otherwise)
to effect or participate in, (i) any acquisition of beneficial ownership, as defined in Rule 13d-3 under the 1934 Act, of any substantial portion (i.e.,
more than 5%) of any securities or assets of the Company or any of its subsidiaries, (ii) any tender or exchange offer, merger or other business
combination involving the Company or any of its subsidiaries; (iii) any “solicitation” of “proxies” (as such terms are used in the proxy rules of the
Securities and Exchange Commission) or consents to vote any voting securities of the Company; or (iv) take any action that might require the
Company to make a announcement regarding any of the types of matters set forth above; nor shall you engage in short selling activities with respect
to securities of the Company. The provisions of this paragraph will not prohibit the ownership by you or any of your affiliates, subsidiaries or
Representatives of any securities of the Company or a third party that you or any of your affiliates, subsidiaries or Representatives own as of the date
hereof or the purchase by the Company or any of the Company’s affiliates of any of the securities held as of the date hereof.
The agreements contained in the immediately preceding paragraph shall terminate and be of no effect if (i) the Company enters into an
agreement relating to any (a) merger, consolidation, business combination, binding share exchange or similar transaction involving the Company in
each case, in which the Company will not be the entity surviving such transaction, (b) sale, lease or other disposition or series of related dispositions,
directly or indirectly, by merger, consolidation or otherwise of assets of the Company or its subsidiaries representing all or substantially all of the
consolidated assets of the Company and its subsidiaries, (c) issue, sale or other disposition or series of related dispositions by the Company of
(including by of merger, consolidation, binding share exchange or any similar transaction) securities (or options, rights or warrants to purchase, or
securities convertible into such securities) representing 50% or more of the voting power of the Company to a single purchaser or an affiliated group
of purchasers or (d) other transaction or series of related transactions pursuant to which any person or entity shall acquire beneficial ownership, as is
defined in Rule 13d-3 under the 1934 Act, or the right to acquire beneficial ownership of, 50% or more of the outstanding common stock of the
Company, or (ii) any corporation, partnership, person or other entity or group commences a tender offer or exchange offer to acquire 50% or more of
the outstanding voting securities of the Company without the consent of the Board of Directors of the Company.
You acknowledge that you are aware that the securities laws of the United States prohibit any person who has material, non-public information
concerning the Company or a possible transaction involving the Company from purchasing or selling the Company’s securities when in possession
of such information and from communicating such information to any other person or entity under circumstances in which it is reasonably
foreseeable that such person or entity is likely to purchase or sell such securities in reliance upon such information.
Notwithstanding any other provision of this Agreement to the contrary, this Agreement and all of the terms, conditions, undertakings and
prohibitions contained herein shall terminate upon the earlier to occur of (i) two (2) years after the date of this Agreement or (ii) such time as the
Information has been publicly disclosed by or on behalf of the Company whichever is earlier
This Agreement shall be governed by and construed in accordance with the laws of the State of New Jersey. The parties consent to the
exclusive jurisdiction of the federal and state courts located in Newark, New Jersey. This Agreement may be executed in one or more counterparts,
each of which shall be deemed to be an original copy of this Agreement and all of which, when taken together, shall be deemed to constitute one and
the same Agreement. The exchange of copies of this Agreement and of signature pages by facsimile transmission shall constitute effective execution
and delivery of this Agreement by the parties hereto.",[],PENDING,false,,,,data/segmentation_v3/5180f107324abcab9d9ff81aee2db8d3.json,PRIORITY_UNREVIEWED,legal_clause
5180f107324abcab9d9ff81aee2db8d3,5180f107324abcab9d9ff81aee2db8d3_clause_004,"3

Please confirm your agreement with the foregoing by executing this Agreement in the space provided below and returning one copy of this
Agreement to us for our files.",[],PENDING,false,,,,data/segmentation_v3/5180f107324abcab9d9ff81aee2db8d3.json,UNREVIEWED,legal_clause
5180f107324abcab9d9ff81aee2db8d3,5180f107324abcab9d9ff81aee2db8d3_clause_005,"Very truly yours,
/s/ Robert F. Doman",[],PENDING,false,,,,data/segmentation_v3/5180f107324abcab9d9ff81aee2db8d3.json,UNREVIEWED,legal_clause
5180f107324abcab9d9ff81aee2db8d3,5180f107324abcab9d9ff81aee2db8d3_clause_006,"Robert F. Doman,
President and CEO",[],PENDING,false,,,,data/segmentation_v3/5180f107324abcab9d9ff81aee2db8d3.json,UNREVIEWED,legal_clause
5180f107324abcab9d9ff81aee2db8d3,5180f107324abcab9d9ff81aee2db8d3_clause_007,"Accepted and agreed to as of the date
first written above:",[],PENDING,false,,,,data/segmentation_v3/5180f107324abcab9d9ff81aee2db8d3.json,UNREVIEWED,legal_clause
5180f107324abcab9d9ff81aee2db8d3,5180f107324abcab9d9ff81aee2db8d3_clause_008,"By: /s/ James E. Hattersley
 James E. Hattersley
 Vice President, Business Development
 Sun Pharmaceutical Industries, Inc.",[],PENDING,false,,,,data/segmentation_v3/5180f107324abcab9d9ff81aee2db8d3.json,UNREVIEWED,legal_clause
5180f107324abcab9d9ff81aee2db8d3,5180f107324abcab9d9ff81aee2db8d3_clause_009,4,[],PENDING,false,,,,data/segmentation_v3/5180f107324abcab9d9ff81aee2db8d3.json,PRIORITY_UNREVIEWED,fragment
53c8f90cfb5fb49177c9cb160e53f17b,53c8f90cfb5fb49177c9cb160e53f17b_clause_000,EX-99.D.4 13 w01967iexv99wdw4.htm EXHIBIT (D)(4),[],PENDING,false,,,,data/segmentation_v3/53c8f90cfb5fb49177c9cb160e53f17b.json,PRIORITY_UNREVIEWED,header
53c8f90cfb5fb49177c9cb160e53f17b,53c8f90cfb5fb49177c9cb160e53f17b_clause_001,"DATAKEY, INC.",[],PENDING,false,,,,data/segmentation_v3/53c8f90cfb5fb49177c9cb160e53f17b.json,PRIORITY_UNREVIEWED,fragment
53c8f90cfb5fb49177c9cb160e53f17b,53c8f90cfb5fb49177c9cb160e53f17b_clause_002,"MUTUAL NONDISCLOSURE AGREEMENT
EFFECTIVE DATE: August 3, 2004
PARTIES:
 SafeNet, Inc (the “Company”)
 4690 Millennium Drive
 Belcamp, MD 21017
 Datakey, Inc. (“Datakey”)
 407 West Travelers Trail
 Burnsville, MN 55337-2558
RECITALS:
 A. The Company and Datakey are commencing discussions regarding a potential corporate transaction (the “Transaction”).
 B. In order to facilitate the negotiations regarding such Transaction, each party may disclose to the other party certain information, including
confidential information, owned by the disclosing party which the disclosing party is willing to disclose to the other party in reliance on the
execution of this Agreement.
AGREEMENT:
 In consideration of the covenants contained herein and the disclosure of the confidential information, the parties agree as follows:",[],PENDING,false,,,,data/segmentation_v3/53c8f90cfb5fb49177c9cb160e53f17b.json,UNREVIEWED,legal_clause
53c8f90cfb5fb49177c9cb160e53f17b,53c8f90cfb5fb49177c9cb160e53f17b_clause_003,"1. Definition of Confidential Information. For purposes of this Agreement, the term “Confidential Information” includes, but is not limited to,
any information of the disclosing party, whether disclosed orally, in writing, on computer disc or tape or any other method, including any
formula, pattern, compilation, program, device, method, technique or process that: (i) derives independent economic value, actual or potential,
from not being generally known to, and not being readily ascertainable through proper means by, other persons who can obtain economic value
from its disclosure or use, and (ii) is the subject of efforts by the disclosing party that are reasonable under the circumstances to maintain its
secrecy. The receiving party acknowledges that such Confidential Information specifically includes, but is not limited to, trade secrets and
information contained in or relating to computer software programs, technical information, know-how, other confidential processes, information
which relates to the disclosing party’s future products, marketing plans or proposals, financial and sales information, subcontractor and employee
lists, existing, inactive or potential customer lists, and all other customer information. All information which the disclosing party identifies in a
conspicuous place as being “confidential” or “trade secret” shall be presumed to be Confidential Information, unless such information meets one
or more of the tests set forth below in subparagraphs a.-d.
The term Confidential Information as used in this Agreement shall not include any information:
 a. which was in the public domain at the time of disclosure by the disclosing party to the receiving party;
-1-",[],PENDING,false,,,,data/segmentation_v3/53c8f90cfb5fb49177c9cb160e53f17b.json,UNREVIEWED,legal_clause
53c8f90cfb5fb49177c9cb160e53f17b,53c8f90cfb5fb49177c9cb160e53f17b_clause_004,"b. which is published or otherwise comes into the public domain after its disclosure to the receiving party through no violation of this
Agreement by the receiving party;
 c. which is disclosed to the receiving party by a third party not under an obligation of confidence to the disclosing party;
 d. which was already in the possession of the receiving party without restriction and prior to disclosure hereunder;
 e. which, as evidenced by contemporaneous documentation, is developed by the receiving party independently of Confidential
Information disclosed by disclosing party and without breach of this Agreement; or
 f. which is required to be disclosed by any law or governmental regulation or produced under order of a court of competent jurisdiction;
provided, however, that the receiving party provides the disclosing party written notice of such request or order as soon as reasonably
practicable so that the disclosing party may attempt to limit such disclosure.
 This Agreement shall govern disclosure of Confidential information for a period of one year from the date hereof, and the obligations of
confidentiality and non-use set forth below shall survive for a period of THREE (3) years from the effective date of this Agreement.",[],PENDING,false,,,,data/segmentation_v3/53c8f90cfb5fb49177c9cb160e53f17b.json,UNREVIEWED,legal_clause
53c8f90cfb5fb49177c9cb160e53f17b,53c8f90cfb5fb49177c9cb160e53f17b_clause_005,"2. Warranties. The receiving party agrees and warrants to the disclosing party as follows with respect to all Confidential Information received
or learned by it, regardless whether or not a contract is ultimately executed between the parties:
 a. The receiving party will treat as confidential all Confidential Information made available to the receiving party or to any employee,
agent or representative of the receiving party.
 b. The receiving party shall protect the Confidential Information from unauthorized use or disclosure by using the same degree of care as
the receiving party uses to protect its own confidential information of a like nature, but no less than a reasonable degree of care.
 c. The receiving party will maintain the Confidential Information in a secure place and limit access to the Confidential Information to
those employees, agents and representatives of the receiving party to whom it is necessary to disclose the Confidential Information in
furtherance of the receiving party’s investigations and negotiations regarding the potential acquisition of the disclosing party and from whom
the receiving party has received a written agreement in which the employee promises to maintain the confidentiality of and not to wrongfully
use the Confidential Information.
 d. The receiving party and its employees, agents and representatives will not copy, disclose to unauthorized parties or use any
Confidential Information for any purpose other than to further the receiving party’s investigations regarding the potential business
relationship with the disclosing party.
 e. If negotiations are terminated and no contract is executed, the receiving party will promptly deliver to the disclosing party all copies of
documents containing Confidential
-2-",[],PENDING,false,,,,data/segmentation_v3/53c8f90cfb5fb49177c9cb160e53f17b.json,UNREVIEWED,legal_clause
53c8f90cfb5fb49177c9cb160e53f17b,53c8f90cfb5fb49177c9cb160e53f17b_clause_006,"Information disclosed to the receiving party, whether or not such documents were prepared by the disclosing party.
 f. The receiving party assumes all liability for any breach of the terms of this Agreement by it or any of its employees, agents or
representatives.
 g. The receiving party will use Confidential Information solely for the purpose of discussing and evaluating the Transaction, and for no
other purpose.",[],PENDING,false,,,,data/segmentation_v3/53c8f90cfb5fb49177c9cb160e53f17b.json,PRIORITY_UNREVIEWED,legal_clause
53c8f90cfb5fb49177c9cb160e53f17b,53c8f90cfb5fb49177c9cb160e53f17b_clause_007,"3. No License. Nothing contained in this Agreement shall be construed as creating any licenses to use the Confidential Information or other
intellectual property of the disclosing party except as expressly stated in this Agreement.",[],PENDING,false,,,,data/segmentation_v3/53c8f90cfb5fb49177c9cb160e53f17b.json,UNREVIEWED,legal_clause
53c8f90cfb5fb49177c9cb160e53f17b,53c8f90cfb5fb49177c9cb160e53f17b_clause_008,"4. Each party understands that each party is a publicly-held company and that all or part of each party’s Confidential Information may
constitute material non-public information under the United States securities laws, and each party acknowledges that it is aware that the United
States securities laws prohibit any person who is in the possession of material non-public information about a company from purchasing or
selling that company’s securities in reliance upon such information or from communicating such information to any other person or entity under
circumstances in which it is reasonably foreseeable that such person or entity is likely to purchase or sell such securities in reliance upon such
information. Each party represents that, as of the date of this agreement, neither party nor its controlled affiliates, nor anyone acting on its or their
behalf in connection with the Transaction, has acquired record or beneficial ownership of any voting securities of the other party or of any
securities convertible or exchangeable into or exercisable for voting securities of the other party, and each Party agrees that neither it, nor any of
its directors, officers or employees who have been provided with the Confidential Information will perform any purchase, sale or other transfer of
any of the securities of the other party in violation of United States securities laws.",[],PENDING,false,,,,data/segmentation_v3/53c8f90cfb5fb49177c9cb160e53f17b.json,UNREVIEWED,legal_clause
53c8f90cfb5fb49177c9cb160e53f17b,53c8f90cfb5fb49177c9cb160e53f17b_clause_009,"5. Nonsolicitation of Employees. The receiving party agrees for a period of one year (a) from end of discussions between the parties if no
written agreement is ultimately entered into between the parties, or (b) from the expiration or termination of the written agreement ultimately
entered into between the parties, to refrain from directly soliciting or seeking to hire any employee of the disclosing party about whom receiving
party received Confidential Information hereunder. Nothing herein shall prohibit either party from hiring or seeking to hire any employee of
disclosing party who independently responds to a general advertisement placed by the receiving party; provided that such receiving party does
not have any contact or conversations with such employee relating to such advertisement or employment prior to his or her response to such
advertisement.",[],PENDING,false,,,,data/segmentation_v3/53c8f90cfb5fb49177c9cb160e53f17b.json,UNREVIEWED,legal_clause
53c8f90cfb5fb49177c9cb160e53f17b,53c8f90cfb5fb49177c9cb160e53f17b_clause_010,"6. Remedy Upon Violation. The receiving party agrees and understands that any unauthorized use or disclosure of the Confidential
Information or improper solicitation of the disclosing party’s employees shall cause substantial harm to the disclosing party and that the
disclosing party would not have an adequate remedy at law for such breach of the terms of this Agreement by the receiving party or any of the
disclosing party’s employees, agents or representatives. The receiving party agrees that the disclosing party shall be entitled to an injunction with
the posting of the minimum allowable bond, enjoining or restraining the receiving party from any violation or violations of this Agreement and
the receiving party hereby consents to the issuance of such injunction. The disclosing party’s rights to such equitable remedies shall be in
addition to all other rights or remedies which the disclosing party may have under this Agreement or under applicable law.",[],PENDING,false,,,,data/segmentation_v3/53c8f90cfb5fb49177c9cb160e53f17b.json,UNREVIEWED,legal_clause
53c8f90cfb5fb49177c9cb160e53f17b,53c8f90cfb5fb49177c9cb160e53f17b_clause_011,"7. Binding Effect. The failure of the parties to enter into a contractual arrangement or the return by the receiving party of documents
containing Confidential Information in accordance with Paragraph 2(e) shall not relieve the receiving party of its obligations under this
Agreement. This
-3-",[],PENDING,false,,,,data/segmentation_v3/53c8f90cfb5fb49177c9cb160e53f17b.json,UNREVIEWED,legal_clause
53c8f90cfb5fb49177c9cb160e53f17b,53c8f90cfb5fb49177c9cb160e53f17b_clause_012,"Agreement shall be binding upon and inure to the benefit of the parties, their respective successors and assigns. Neither this Agreement nor the
disclosure or receipt of Confidential Information shall constitute or imply a commitment by either party with respect to the Transaction, present
or future business agreements, or any other subject matter not expressly set forth herein.",[],PENDING,false,,,,data/segmentation_v3/53c8f90cfb5fb49177c9cb160e53f17b.json,UNREVIEWED,legal_clause
53c8f90cfb5fb49177c9cb160e53f17b,53c8f90cfb5fb49177c9cb160e53f17b_clause_013,"8. Modification and Waiver. No purported amendment, modification or waiver of any provision of this Agreement shall be binding unless set
forth in a written document signed by all parties (in the case of amendments and modifications) or by the party to be charged thereby (in the case
of waivers). Any waiver shall be limited to the circumstance or event specifically referenced in the written waiver document and shall be deemed
to be a waiver or any other term of this Agreement or of the same circumstance or event upon any recurrence thereof.",[],PENDING,false,,,,data/segmentation_v3/53c8f90cfb5fb49177c9cb160e53f17b.json,UNREVIEWED,legal_clause
53c8f90cfb5fb49177c9cb160e53f17b,53c8f90cfb5fb49177c9cb160e53f17b_clause_014,"9. Governing Law. This Agreement shall be construed and enforced in accordance with the laws of the State of Delaware, without application
of its conflict of laws provisions.
 The parties have caused this Agreement to be executed in a manner appropriate to each to be effective as of the date set forth on the first page
of this Agreement.",[],PENDING,false,,,,data/segmentation_v3/53c8f90cfb5fb49177c9cb160e53f17b.json,UNREVIEWED,legal_clause
53c8f90cfb5fb49177c9cb160e53f17b,53c8f90cfb5fb49177c9cb160e53f17b_clause_015,"DATAKEY, INC.",[],PENDING,false,,,,data/segmentation_v3/53c8f90cfb5fb49177c9cb160e53f17b.json,PRIORITY_UNREVIEWED,fragment
53c8f90cfb5fb49177c9cb160e53f17b,53c8f90cfb5fb49177c9cb160e53f17b_clause_016,"SafeNet, Inc.
(“Datakey”)",[],PENDING,false,,,,data/segmentation_v3/53c8f90cfb5fb49177c9cb160e53f17b.json,UNREVIEWED,legal_clause
53c8f90cfb5fb49177c9cb160e53f17b,53c8f90cfb5fb49177c9cb160e53f17b_clause_017,"(the “Company”)

By

/s/ David A. Feste",[],PENDING,false,,,,data/segmentation_v3/53c8f90cfb5fb49177c9cb160e53f17b.json,UNREVIEWED,legal_clause
53c8f90cfb5fb49177c9cb160e53f17b,53c8f90cfb5fb49177c9cb160e53f17b_clause_018,"By

/s/ Carole D. Argo",[],PENDING,false,,,,data/segmentation_v3/53c8f90cfb5fb49177c9cb160e53f17b.json,UNREVIEWED,legal_clause
53c8f90cfb5fb49177c9cb160e53f17b,53c8f90cfb5fb49177c9cb160e53f17b_clause_019,"Name
David A. Feste

Name",[],PENDING,false,,,,data/segmentation_v3/53c8f90cfb5fb49177c9cb160e53f17b.json,UNREVIEWED,legal_clause
53c8f90cfb5fb49177c9cb160e53f17b,53c8f90cfb5fb49177c9cb160e53f17b_clause_020,"Carole D. Argo
Its

Chief Financial Officer",[],PENDING,false,,,,data/segmentation_v3/53c8f90cfb5fb49177c9cb160e53f17b.json,UNREVIEWED,legal_clause
53c8f90cfb5fb49177c9cb160e53f17b,53c8f90cfb5fb49177c9cb160e53f17b_clause_021,"Its

President
-4-",[],PENDING,false,,,,data/segmentation_v3/53c8f90cfb5fb49177c9cb160e53f17b.json,PRIORITY_UNREVIEWED,fragment
586c367e2c45ebd8b7ba96fcb6006bf6,586c367e2c45ebd8b7ba96fcb6006bf6_clause_000,"EX-10.48 15 dex1048.htm CONFIDENTIALITY AND ASSIGNMENT OF PROPRIETARY DEVELOPMENTS
AGREEMENT
Exhibit 10.48
LOGO",[],PENDING,false,,,,data/segmentation_v3/586c367e2c45ebd8b7ba96fcb6006bf6.json,PRIORITY_UNREVIEWED,legal_clause
586c367e2c45ebd8b7ba96fcb6006bf6,586c367e2c45ebd8b7ba96fcb6006bf6_clause_001,"October 5, 2007

Christopher C. Gallen, MD, PhD",[],PENDING,false,,,,data/segmentation_v3/586c367e2c45ebd8b7ba96fcb6006bf6.json,PRIORITY_UNREVIEWED,legal_clause
586c367e2c45ebd8b7ba96fcb6006bf6,586c367e2c45ebd8b7ba96fcb6006bf6_clause_002,"TELEPHONE: 484.533.6900
Email: cgallen@neuromed.com
Schedule “B”
C. Eugene Wright, III
16 Carhart Court
Pittstown, New Jersey 08867
Dear Eugene:",[],PENDING,false,,,,data/segmentation_v3/586c367e2c45ebd8b7ba96fcb6006bf6.json,PRIORITY_UNREVIEWED,legal_clause
586c367e2c45ebd8b7ba96fcb6006bf6,586c367e2c45ebd8b7ba96fcb6006bf6_clause_003,"Re:
Confidentiality and Assignment of Proprietary Developments Agreement
The purpose of this exhibit is to describe and record the Agreement between you and Neuromed Pharmaceuticals Inc. (“Company”) concerning
the terms on which you, as an employee of Company, will protect and keep confidential certain information received during your employment with
Company and pursuant to which you agree to assign certain Proprietary Developments to Company.
As an essential element of the Company’s offer of employment to you, you hereby agree to be bound by the following:",[],PENDING,false,,,,data/segmentation_v3/586c367e2c45ebd8b7ba96fcb6006bf6.json,PRIORITY_UNREVIEWED,legal_clause
586c367e2c45ebd8b7ba96fcb6006bf6,586c367e2c45ebd8b7ba96fcb6006bf6_clause_004,"1.
DEFINITIONS:
In this Agreement:",[],PENDING,false,,,,data/segmentation_v3/586c367e2c45ebd8b7ba96fcb6006bf6.json,PRIORITY_UNREVIEWED,legal_clause
586c367e2c45ebd8b7ba96fcb6006bf6,586c367e2c45ebd8b7ba96fcb6006bf6_clause_005,"(a)
“Confidential Information” means the whole or any portion of any data or information about the business of the Companies that the
Companies protect from public disclosure. Confidential Information relates to Companies’ services, products, processes or techniques,
as well as to the business, services, products, processes and techniques of Companies’ clients, regardless of whether or not that
information is copyrighted, patented or patentable. Confidential Information shall include but not be limited to:",[],PENDING,false,,,,data/segmentation_v3/586c367e2c45ebd8b7ba96fcb6006bf6.json,PRIORITY_UNREVIEWED,legal_clause
586c367e2c45ebd8b7ba96fcb6006bf6,586c367e2c45ebd8b7ba96fcb6006bf6_clause_006,"(i)
experimental techniques, proprietary assays, screening strategies and technologies, targets for drug discovery and chemical
formulae;",[],PENDING,false,,,,data/segmentation_v3/586c367e2c45ebd8b7ba96fcb6006bf6.json,PRIORITY_UNREVIEWED,legal_clause
586c367e2c45ebd8b7ba96fcb6006bf6,586c367e2c45ebd8b7ba96fcb6006bf6_clause_007,"(ii)
commercial and financial information concerning the corporate, scientific, and pharmaceutical research activities and plans of
Companies including any information regarding Companies’ costs, sales, income, salaries, customers, and all business
opportunities or joint ventures considered by Companies, whether or not pursued; and",[],PENDING,false,,,,data/segmentation_v3/586c367e2c45ebd8b7ba96fcb6006bf6.json,PRIORITY_UNREVIEWED,legal_clause
586c367e2c45ebd8b7ba96fcb6006bf6,586c367e2c45ebd8b7ba96fcb6006bf6_clause_008,"C. Eugene Wright, III
Oct. 5, 2007
Page 2 of 7",[],PENDING,false,,,,data/segmentation_v3/586c367e2c45ebd8b7ba96fcb6006bf6.json,PRIORITY_UNREVIEWED,legal_clause
586c367e2c45ebd8b7ba96fcb6006bf6,586c367e2c45ebd8b7ba96fcb6006bf6_clause_009,"(iii)
any and all confidential know-how, Trade Secrets, and any and all oral, written, electronic or other confidential communications
regarding any Proprietary Developments.",[],PENDING,false,,,,data/segmentation_v3/586c367e2c45ebd8b7ba96fcb6006bf6.json,PRIORITY_UNREVIEWED,legal_clause
586c367e2c45ebd8b7ba96fcb6006bf6,586c367e2c45ebd8b7ba96fcb6006bf6_clause_010,"(b)
“Company’s Business” means the specific biomedical research and development activities conducted by Companies including but not
limited to the discovery and development of novel calcium channel blockers for the purpose of treating diseases.",[],PENDING,false,,,,data/segmentation_v3/586c367e2c45ebd8b7ba96fcb6006bf6.json,PRIORITY_UNREVIEWED,legal_clause
586c367e2c45ebd8b7ba96fcb6006bf6,586c367e2c45ebd8b7ba96fcb6006bf6_clause_011,"(c)
“Company” shall mean Neuromed Pharmaceuticals Inc. and any affiliated companies.",[],PENDING,false,,,,data/segmentation_v3/586c367e2c45ebd8b7ba96fcb6006bf6.json,PRIORITY_UNREVIEWED,legal_clause
586c367e2c45ebd8b7ba96fcb6006bf6,586c367e2c45ebd8b7ba96fcb6006bf6_clause_012,"(d)
“Companies” shall mean the Company and Neuromed Pharmaceuticals Ltd. and any affiliated companies.",[],PENDING,false,,,,data/segmentation_v3/586c367e2c45ebd8b7ba96fcb6006bf6.json,PRIORITY_UNREVIEWED,legal_clause
586c367e2c45ebd8b7ba96fcb6006bf6,586c367e2c45ebd8b7ba96fcb6006bf6_clause_013,"(e)
“Proprietary Development” means a development or developments including, without limitation:",[],PENDING,false,,,,data/segmentation_v3/586c367e2c45ebd8b7ba96fcb6006bf6.json,PRIORITY_UNREVIEWED,legal_clause
586c367e2c45ebd8b7ba96fcb6006bf6,586c367e2c45ebd8b7ba96fcb6006bf6_clause_014,"(i)
enhancements, modifications, additions or other improvements to the intellectual property or assets owned, licensed, sold,
marketed or used by Companies in connection with Companies’ Business;",[],PENDING,false,,,,data/segmentation_v3/586c367e2c45ebd8b7ba96fcb6006bf6.json,PRIORITY_UNREVIEWED,legal_clause
586c367e2c45ebd8b7ba96fcb6006bf6,586c367e2c45ebd8b7ba96fcb6006bf6_clause_015,"(ii)
trademarks, copyrights, trade names, business names, logos, design marks and other proprietary marks;",[],PENDING,false,,,,data/segmentation_v3/586c367e2c45ebd8b7ba96fcb6006bf6.json,PRIORITY_UNREVIEWED,legal_clause
586c367e2c45ebd8b7ba96fcb6006bf6,586c367e2c45ebd8b7ba96fcb6006bf6_clause_016,"(iii)
inventions, devices, discoveries, concepts, ideas, formulae, know-how, processes, techniques, systems, methods and any
improvements, enhancements and modifications thereto, whether patented or not; developed, created, generated, contributed to or
reduced to practice by you alone or jointly with others pursuant to your activities as an employee, director, officer or consultant of
Company and which results from tasks assigned to you by Company or which results from the use of the premises or property
(including equipment, supplies or Confidential Information) owned, leased or licensed by Companies and which reasonably
relates to the Companies Business, or which results from or relates to working with Companies’ clients, either directly or
indirectly.",[],PENDING,false,,,,data/segmentation_v3/586c367e2c45ebd8b7ba96fcb6006bf6.json,PRIORITY_UNREVIEWED,legal_clause
586c367e2c45ebd8b7ba96fcb6006bf6,586c367e2c45ebd8b7ba96fcb6006bf6_clause_017,"(f)
“Trade Secret(s)” shall mean any information falling under the definition of a Trade Secret pursuant to the Uniform Trade Secrets Act or,
if applicable, the version thereof adopted by Pennsylvania. Trade Secrets include, but are not limited to, any useful process, machine or
other device or composition of matter which is new and which is being used or studied by Companies and is not described in a patent or
described in any literature already published and distributed externally by Companies; the source code or algorithms of any software
developed or owned by Companies; any formula, plan, tool, machine, process or method employed by Companies, whether patentable
or not; business plans and marketing concepts of Companies; marketing or sales information of Companies; financial information or
projections regarding Companies; financial, pricing and/or credit information regarding clients or vendors of Companies, and internal
policies and procedures of Companies.",[],PENDING,false,,,,data/segmentation_v3/586c367e2c45ebd8b7ba96fcb6006bf6.json,PRIORITY_UNREVIEWED,legal_clause
586c367e2c45ebd8b7ba96fcb6006bf6,586c367e2c45ebd8b7ba96fcb6006bf6_clause_018,"2.
CONFIDENTIALITY:",[],PENDING,false,,,,data/segmentation_v3/586c367e2c45ebd8b7ba96fcb6006bf6.json,PRIORITY_UNREVIEWED,section_heading
586c367e2c45ebd8b7ba96fcb6006bf6,586c367e2c45ebd8b7ba96fcb6006bf6_clause_019,"(a)
Basic Obligation Of Confidentiality:
You acknowledge and agree that during your employment with Company, Companies may disclose to you, or you may otherwise be exposed
to, Companies’ Confidential Information. Company agrees to provide such access to you and you agree to receive and hold the Confidential
Information on the terms and conditions set out herein. Except as set out below,",[],PENDING,false,,,,data/segmentation_v3/586c367e2c45ebd8b7ba96fcb6006bf6.json,PRIORITY_UNREVIEWED,legal_clause
586c367e2c45ebd8b7ba96fcb6006bf6,586c367e2c45ebd8b7ba96fcb6006bf6_clause_020,"C. Eugene Wright, III
Oct. 5, 2007
Page 3 of 7",[],PENDING,false,,,,data/segmentation_v3/586c367e2c45ebd8b7ba96fcb6006bf6.json,PRIORITY_UNREVIEWED,legal_clause
586c367e2c45ebd8b7ba96fcb6006bf6,586c367e2c45ebd8b7ba96fcb6006bf6_clause_021,"you will keep strictly confidential all Confidential Information and all other information that you acquire, see, or are informed of, as a direct or
indirect consequence of your involvement with Companies in any capacity or that is revealed to you by Companies or is generated through
negotiations or other activities of third parties in connection with your involvement, in any capacity, with Companies’ Business.",[],PENDING,false,,,,data/segmentation_v3/586c367e2c45ebd8b7ba96fcb6006bf6.json,PRIORITY_UNREVIEWED,legal_clause
586c367e2c45ebd8b7ba96fcb6006bf6,586c367e2c45ebd8b7ba96fcb6006bf6_clause_022,"(b)
Non-Disclosure:
Unless the authorized representative of Company first gives you written permission to do so, you will not:",[],PENDING,false,,,,data/segmentation_v3/586c367e2c45ebd8b7ba96fcb6006bf6.json,PRIORITY_UNREVIEWED,legal_clause
586c367e2c45ebd8b7ba96fcb6006bf6,586c367e2c45ebd8b7ba96fcb6006bf6_clause_023,"(i)
use or duplicate Confidential Information or recollections thereof;",[],PENDING,false,,,,data/segmentation_v3/586c367e2c45ebd8b7ba96fcb6006bf6.json,PRIORITY_UNREVIEWED,legal_clause
586c367e2c45ebd8b7ba96fcb6006bf6,586c367e2c45ebd8b7ba96fcb6006bf6_clause_024,"(ii)
disclose Confidential Information or recollections thereof to any third party;
or",[],PENDING,false,,,,data/segmentation_v3/586c367e2c45ebd8b7ba96fcb6006bf6.json,PRIORITY_UNREVIEWED,legal_clause
586c367e2c45ebd8b7ba96fcb6006bf6,586c367e2c45ebd8b7ba96fcb6006bf6_clause_025,"(iii)
translate or adapt any Confidential Information or permit any Confidential Information to be used, copied, translated or adapted.",[],PENDING,false,,,,data/segmentation_v3/586c367e2c45ebd8b7ba96fcb6006bf6.json,PRIORITY_UNREVIEWED,legal_clause
586c367e2c45ebd8b7ba96fcb6006bf6,586c367e2c45ebd8b7ba96fcb6006bf6_clause_026,"(c)
Taking Precautions:
You will take all reasonable precautions necessary or prudent to prevent material in your possession or control that contains or refers to
Confidential Information from being discovered, used, or copied by third parties.",[],PENDING,false,,,,data/segmentation_v3/586c367e2c45ebd8b7ba96fcb6006bf6.json,PRIORITY_UNREVIEWED,legal_clause
586c367e2c45ebd8b7ba96fcb6006bf6,586c367e2c45ebd8b7ba96fcb6006bf6_clause_027,"(d)
Companies’ Ownership of Confidential Information:
As between you and Companies, all right, title and interest in and to the Confidential Information, whether or not created or developed by you,
is and shall remain Companies’ property.",[],PENDING,false,,,,data/segmentation_v3/586c367e2c45ebd8b7ba96fcb6006bf6.json,PRIORITY_UNREVIEWED,legal_clause
586c367e2c45ebd8b7ba96fcb6006bf6,586c367e2c45ebd8b7ba96fcb6006bf6_clause_028,"(e)
Control of Confidential Information and Return of Information:
All physical materials produced or prepared by you containing Confidential Information, including designs, formulae, memoranda, test results
and notes of experiments, drawings, plans, prototypes, samples, accounts, reports, data, financial statements or proforma estimates and any
other materials prepared in the course of your responsibilities or for the benefit of Companies shall belong to Companies, and you will turn
over possession to Company of all such items in your possession or control promptly when Company requests you to do so.",[],PENDING,false,,,,data/segmentation_v3/586c367e2c45ebd8b7ba96fcb6006bf6.json,PRIORITY_UNREVIEWED,legal_clause
586c367e2c45ebd8b7ba96fcb6006bf6,586c367e2c45ebd8b7ba96fcb6006bf6_clause_029,"(f)
Purpose of Use:
You will use Confidential Information only for purposes authorized or directed by Company or Companies and its officers, and you will not
seek access to any Confidential Information that is not relevant to or necessary for those purposes.",[],PENDING,false,,,,data/segmentation_v3/586c367e2c45ebd8b7ba96fcb6006bf6.json,PRIORITY_UNREVIEWED,legal_clause
586c367e2c45ebd8b7ba96fcb6006bf6,586c367e2c45ebd8b7ba96fcb6006bf6_clause_030,"(g)
Extent and Duration of Obligation:
Except as Company agrees In writing, your obligations of confidentiality under this Agreement shall continue for the longer of:",[],PENDING,false,,,,data/segmentation_v3/586c367e2c45ebd8b7ba96fcb6006bf6.json,PRIORITY_UNREVIEWED,legal_clause
586c367e2c45ebd8b7ba96fcb6006bf6,586c367e2c45ebd8b7ba96fcb6006bf6_clause_031,"(i)
ten (10) years after the termination of your employment with Company;
and",[],PENDING,false,,,,data/segmentation_v3/586c367e2c45ebd8b7ba96fcb6006bf6.json,PRIORITY_UNREVIEWED,legal_clause
586c367e2c45ebd8b7ba96fcb6006bf6,586c367e2c45ebd8b7ba96fcb6006bf6_clause_032,"C. Eugene Wright, III
Oct. 5, 2007
Page 4 of 7",[],PENDING,false,,,,data/segmentation_v3/586c367e2c45ebd8b7ba96fcb6006bf6.json,PRIORITY_UNREVIEWED,legal_clause
586c367e2c45ebd8b7ba96fcb6006bf6,586c367e2c45ebd8b7ba96fcb6006bf6_clause_033,"(ii)
with respect to particular items of Confidential Information or material, for so long as those items are not in the public domain,
but your obligations will continue if those items enter the public domain as a consequence of a breach of this Agreement or any
other wrongful or negligent act or omission by you.
The restrictions in this Agreement regarding confidentiality will not apply to information which is known by you prior to your employment
with Company, except to the extent that such information was disclosed to you under a confidentiality agreement with a prior employer or to
the extent that value can be derived by a competitor from the manner in which such information has been compiled by you or others during
your employment by Company.",[],PENDING,false,,,,data/segmentation_v3/586c367e2c45ebd8b7ba96fcb6006bf6.json,PRIORITY_UNREVIEWED,legal_clause
586c367e2c45ebd8b7ba96fcb6006bf6,586c367e2c45ebd8b7ba96fcb6006bf6_clause_034,"3.
ASSIGNMENT OF PROPRIETARY DEVELOPMENTS:",[],PENDING,false,,,,data/segmentation_v3/586c367e2c45ebd8b7ba96fcb6006bf6.json,PRIORITY_UNREVIEWED,section_heading
586c367e2c45ebd8b7ba96fcb6006bf6,586c367e2c45ebd8b7ba96fcb6006bf6_clause_035,"(a)
Full Disclosure of Proprietary Developments:
You agree to promptly inform, and make full disclosure of, any Proprietary Development to Company. If required by Company, you will
disclose in writing in a log book or such other form or device provided for such purpose by Company, the details of all Proprietary
Developments that you are involved with or responsible for as an employee of Company.",[],PENDING,false,,,,data/segmentation_v3/586c367e2c45ebd8b7ba96fcb6006bf6.json,PRIORITY_UNREVIEWED,legal_clause
586c367e2c45ebd8b7ba96fcb6006bf6,586c367e2c45ebd8b7ba96fcb6006bf6_clause_036,"(b)
Assignment of Proprietary Developments to Company:
You will assign, and do hereby irrevocably assign and transfer to Company or to Company’s designee, your entire right, title and interest in
and to all Proprietary Developments and any Confidential Information. Without limiting the foregoing, you agree to waive all legal and moral
rights in such Proprietary Developments, and you agree that all Proprietary Developments to which you contribute in any way while an
employee of Company and within the scope of your employment shall be deemed to be “works made in the course of employment” and that
Company, or Company’s designee, shall be deemed the owner thereof. To the extent that you may own or acquire legal title to any of such
Proprietary Developments, you hereby declare and confirm that such legal title is, and will be, held in a fiduciary capacity by you only as
trustee and agent for Company. You agree that Company, or Company’s designee, will be the exclusive owner of all of your right title and
interest in and to each Proprietary Development throughout the world, including all Trade Secret, patent, copyright, trademark, industrial
design and all other intellectual property rights of any kind therein. To the extent that any of the works prepared by or to which you contribute
within the scope of your employment with Company, shall be deemed by a court of competent jurisdiction not to be a “work made for hire”,
this Agreement shall operate as an irrevocable assignment by you to Company, or Company’s designee, of all right, title and interest in and to
such works, including, without limitation, all worldwide copyright interests therein, in perpetuity.",[],PENDING,false,,,,data/segmentation_v3/586c367e2c45ebd8b7ba96fcb6006bf6.json,PRIORITY_UNREVIEWED,legal_clause
586c367e2c45ebd8b7ba96fcb6006bf6,586c367e2c45ebd8b7ba96fcb6006bf6_clause_037,"(c)
Notice:
Notwithstanding any other provision of this Agreement to the contrary, this Agreement does not obligate you to assign or offer to assign to
Company any of your rights in an invention for which no equipment, supplies, facilities or Confidential Information of Company was used and
which was developed entirely on your own time, unless: (1) the invention relates (a) directly to the business of Companies or (b) to
Companies’ actual or demonstrably anticipated research or development, or (2) the invention results from any work performed by you for
Company. This Notice satisfies the written notice and other requirements of RCW 49.44.140.",[],PENDING,false,,,,data/segmentation_v3/586c367e2c45ebd8b7ba96fcb6006bf6.json,PRIORITY_UNREVIEWED,legal_clause
586c367e2c45ebd8b7ba96fcb6006bf6,586c367e2c45ebd8b7ba96fcb6006bf6_clause_038,"(d)
Assistance with Proceedings:
You further agree at Company’s request to assist in drafting of any description or specification of the Proprietary Development as may be
required for any patent application and to assist with any opposition to, or intervention regarding, an application for any patent, copyright or
trademark",[],PENDING,false,,,,data/segmentation_v3/586c367e2c45ebd8b7ba96fcb6006bf6.json,PRIORITY_UNREVIEWED,legal_clause
586c367e2c45ebd8b7ba96fcb6006bf6,586c367e2c45ebd8b7ba96fcb6006bf6_clause_039,"C. Eugene Wright, III
Oct. 5, 2007
Page 5 of 7",[],PENDING,false,,,,data/segmentation_v3/586c367e2c45ebd8b7ba96fcb6006bf6.json,PRIORITY_UNREVIEWED,legal_clause
586c367e2c45ebd8b7ba96fcb6006bf6,586c367e2c45ebd8b7ba96fcb6006bf6_clause_040,or other proceedings relating to any Proprietary Developments. Without limiting the foregoing you agree to execute:,[],PENDING,false,,,,data/segmentation_v3/586c367e2c45ebd8b7ba96fcb6006bf6.json,PRIORITY_UNREVIEWED,legal_clause
586c367e2c45ebd8b7ba96fcb6006bf6,586c367e2c45ebd8b7ba96fcb6006bf6_clause_041,"(i)
all instruments that Company may reasonably require to effect, protect, perfect, register, record or patent any Proprietary
Developments or Confidential Information, or related rights, or Company’s interest therein; and",[],PENDING,false,,,,data/segmentation_v3/586c367e2c45ebd8b7ba96fcb6006bf6.json,PRIORITY_UNREVIEWED,legal_clause
586c367e2c45ebd8b7ba96fcb6006bf6,586c367e2c45ebd8b7ba96fcb6006bf6_clause_042,"(ii)
all papers that Company reasonably considers necessary or helpful in obtaining or maintaining such interests and rights during
the prosecution of applications thereon or during the conduct of any interference, litigation, opposition, or any other matter in
connection therewith;
provided that all expenses incident to such activities will `be borne by Company.
Your obligations under this Section will continue in perpetuity beyond any termination of your employment with Company, respecting any
Proprietary Developments created during your employment with Company, or any Proprietary Developments perfected or reduced to specific
form after termination of your employment with Company, if the conception of the Proprietary Development arose during the time of your
employment with Company. You agree that Company’s rights under this Section shall not be limited to the United States, but shall extend to
every country of the world.",[],PENDING,false,,,,data/segmentation_v3/586c367e2c45ebd8b7ba96fcb6006bf6.json,PRIORITY_UNREVIEWED,legal_clause
586c367e2c45ebd8b7ba96fcb6006bf6,586c367e2c45ebd8b7ba96fcb6006bf6_clause_043,"(e)
Inventions and Improvements:
You further agree to treat all information relating to any Proprietary Development as Confidential Information owned by Company and you
will disclose same only to your immediate superior or as he or she may direct.",[],PENDING,false,,,,data/segmentation_v3/586c367e2c45ebd8b7ba96fcb6006bf6.json,PRIORITY_UNREVIEWED,legal_clause
586c367e2c45ebd8b7ba96fcb6006bf6,586c367e2c45ebd8b7ba96fcb6006bf6_clause_044,"(f)
Publicity and Publication:
Without the prior written consent of the Chief Scientific Officer or the Chief Executive Officer of Company you will not make or give any
public announcements or press releases or statements to the public or the press regarding any Proprietary Developments, Confidential
Information or other information concerning Companies’ Business. You also will not submit an abstract or publication for review or
publication until you have prior written approval to do so from the Chief Scientific Officer of Company.",[],PENDING,false,,,,data/segmentation_v3/586c367e2c45ebd8b7ba96fcb6006bf6.json,PRIORITY_UNREVIEWED,legal_clause
586c367e2c45ebd8b7ba96fcb6006bf6,586c367e2c45ebd8b7ba96fcb6006bf6_clause_045,"4.
MISCELLANEOUS:",[],PENDING,false,,,,data/segmentation_v3/586c367e2c45ebd8b7ba96fcb6006bf6.json,PRIORITY_UNREVIEWED,section_heading
586c367e2c45ebd8b7ba96fcb6006bf6,586c367e2c45ebd8b7ba96fcb6006bf6_clause_046,"(a)
Governing Law:
This Agreement shall be governed by and interpreted in accordance with the laws of the Commonwealth of Pennsylvania.",[],PENDING,false,,,,data/segmentation_v3/586c367e2c45ebd8b7ba96fcb6006bf6.json,PRIORITY_UNREVIEWED,legal_clause
586c367e2c45ebd8b7ba96fcb6006bf6,586c367e2c45ebd8b7ba96fcb6006bf6_clause_047,"(b)
Equitable Remedies:
You acknowledge and agree that the restrictions contained in this Agreement, in view of the nature of the business in which the Companies are
engaged, are reasonable and necessary in order to protect the legitimate interests of the Companies, and that any violation or threatened
violation thereof would result in irreparable injury to the Companies. You therefore agree that:",[],PENDING,false,,,,data/segmentation_v3/586c367e2c45ebd8b7ba96fcb6006bf6.json,PRIORITY_UNREVIEWED,legal_clause
586c367e2c45ebd8b7ba96fcb6006bf6,586c367e2c45ebd8b7ba96fcb6006bf6_clause_048,"(i)
in the event of your violation or threatened violation of any of these restrictions, the Companies shall be entitled to obtain from
any court of competent jurisdiction preliminary and permanent injunctive relief, or an appropriate decree of specific performance,
without proof of actual loss or the need to post any bonds. You further",[],PENDING,false,,,,data/segmentation_v3/586c367e2c45ebd8b7ba96fcb6006bf6.json,PRIORITY_UNREVIEWED,legal_clause
586c367e2c45ebd8b7ba96fcb6006bf6,586c367e2c45ebd8b7ba96fcb6006bf6_clause_049,"C. Eugene Wright, III
Oct. 5, 2007
Page 6 of 7",[],PENDING,false,,,,data/segmentation_v3/586c367e2c45ebd8b7ba96fcb6006bf6.json,PRIORITY_UNREVIEWED,legal_clause
586c367e2c45ebd8b7ba96fcb6006bf6,586c367e2c45ebd8b7ba96fcb6006bf6_clause_050,"agree that Companies shall be entitled to any and all other damages available at law and in equity, and an equitable accounting of
all earnings, profits and other benefits arising from such violation, which rights shall be cumulative and in addition to any other
rights or remedies to which the Companies may be entitled.",[],PENDING,false,,,,data/segmentation_v3/586c367e2c45ebd8b7ba96fcb6006bf6.json,PRIORITY_UNREVIEWED,legal_clause
586c367e2c45ebd8b7ba96fcb6006bf6,586c367e2c45ebd8b7ba96fcb6006bf6_clause_051,"(ii)
You shall indemnify and hold harmless the Companies and their officers, directors, and employees from and against any and all
liabilities, losses, costs and expenses (including but not limited to, reasonable attorneys’ fees), damages and injuries resulting
from, or in connection with, any material breach of any provision of this Agreement by you.",[],PENDING,false,,,,data/segmentation_v3/586c367e2c45ebd8b7ba96fcb6006bf6.json,PRIORITY_UNREVIEWED,legal_clause
586c367e2c45ebd8b7ba96fcb6006bf6,586c367e2c45ebd8b7ba96fcb6006bf6_clause_052,"(c)
Amendments:
No amendment, modification, supplement or other purported alteration of this Agreement shall be binding unless it is in writing and signed by
you and by Companies.",[],PENDING,false,,,,data/segmentation_v3/586c367e2c45ebd8b7ba96fcb6006bf6.json,PRIORITY_UNREVIEWED,legal_clause
586c367e2c45ebd8b7ba96fcb6006bf6,586c367e2c45ebd8b7ba96fcb6006bf6_clause_053,"(d)
Binding Nature of Agreement:
You agree that this Agreement is binding on your personal representatives. You also agree that the covenants and provisions contained in this
Agreement shall survive and continue to bind you following the termination of your employment with Company regardless of how your
employment is terminated.",[],PENDING,false,,,,data/segmentation_v3/586c367e2c45ebd8b7ba96fcb6006bf6.json,PRIORITY_UNREVIEWED,legal_clause
586c367e2c45ebd8b7ba96fcb6006bf6,586c367e2c45ebd8b7ba96fcb6006bf6_clause_054,"(e)
Independent Legal Advice:
As this is an important agreement for you and for Companies containing significant undertakings by you, Companies urge you to seek
independent legal advice regarding this Agreement prior to signing.",[],PENDING,false,,,,data/segmentation_v3/586c367e2c45ebd8b7ba96fcb6006bf6.json,PRIORITY_UNREVIEWED,legal_clause
586c367e2c45ebd8b7ba96fcb6006bf6,586c367e2c45ebd8b7ba96fcb6006bf6_clause_055,"(f)
Severability:
If any part or Section of this Agreement is determined by a Court of competent jurisdiction to be void or unenforceable in whole or in part,
then such void or unenforceable part or Section shall be severed, and shall not affect or impair the enforceability or validity of the balance of
the Section or any other part of this Agreement.",[],PENDING,false,,,,data/segmentation_v3/586c367e2c45ebd8b7ba96fcb6006bf6.json,PRIORITY_UNREVIEWED,legal_clause
586c367e2c45ebd8b7ba96fcb6006bf6,586c367e2c45ebd8b7ba96fcb6006bf6_clause_056,"(g)
No Waiver:
No waiver, delay, indulgence, or failure to act by Companies regarding any particular default or omission by you shall affect or impair any of
Companies’ rights or remedies regarding that or any subsequent default or omission that is not expressly waived in writing.",[],PENDING,false,,,,data/segmentation_v3/586c367e2c45ebd8b7ba96fcb6006bf6.json,PRIORITY_UNREVIEWED,legal_clause
586c367e2c45ebd8b7ba96fcb6006bf6,586c367e2c45ebd8b7ba96fcb6006bf6_clause_057,"(h)
No Other Obligations:
You represent, except as you have disclosed to Companies in writing on the date hereof, that you have no agreements with or obligations to
others with respect to the matters covered by this Agreement or concerning the Confidential Information that are in conflict with anything in
this Agreement.",[],PENDING,false,,,,data/segmentation_v3/586c367e2c45ebd8b7ba96fcb6006bf6.json,PRIORITY_UNREVIEWED,legal_clause
586c367e2c45ebd8b7ba96fcb6006bf6,586c367e2c45ebd8b7ba96fcb6006bf6_clause_058,"C. Eugene Wright, III
Oct. 5, 2007
Page 7 of 7",[],PENDING,false,,,,data/segmentation_v3/586c367e2c45ebd8b7ba96fcb6006bf6.json,PRIORITY_UNREVIEWED,legal_clause
586c367e2c45ebd8b7ba96fcb6006bf6,586c367e2c45ebd8b7ba96fcb6006bf6_clause_059,"NEUROMED PHARMACEUTICALS INC.
By: /s/ Christopher C. Gallen, MD, PhD",[],PENDING,false,,,,data/segmentation_v3/586c367e2c45ebd8b7ba96fcb6006bf6.json,PRIORITY_UNREVIEWED,legal_clause
586c367e2c45ebd8b7ba96fcb6006bf6,586c367e2c45ebd8b7ba96fcb6006bf6_clause_060,"Christopher C. Gallen, MD, PhD
President & CEO
NEUROMED PHARMACEUTICALS LTD.
By: /s/ Christopher C. Gallen, MD, PhD",[],PENDING,false,,,,data/segmentation_v3/586c367e2c45ebd8b7ba96fcb6006bf6.json,PRIORITY_UNREVIEWED,legal_clause
586c367e2c45ebd8b7ba96fcb6006bf6,586c367e2c45ebd8b7ba96fcb6006bf6_clause_061,"Christopher C. Gallen, MD, PhD
President & CEO
ACCEPTED AND AGREED TO THIS 11 DAY OF October, 2007. BY MY SIGNATURE BELOW, I AFFIRM THAT I HAVE READ AND
UNDERSTAND THE TERMS AND CONDITIONS SET OUT IN THIS AGREEMENT, AND AGREE TO BE BOUND BY THEM.",[],PENDING,false,,,,data/segmentation_v3/586c367e2c45ebd8b7ba96fcb6006bf6.json,PRIORITY_UNREVIEWED,legal_clause
586c367e2c45ebd8b7ba96fcb6006bf6,586c367e2c45ebd8b7ba96fcb6006bf6_clause_062,"/s/ C. Eugene Wright, III
C. Eugene Wright, III
th",[],PENDING,false,,,,data/segmentation_v3/586c367e2c45ebd8b7ba96fcb6006bf6.json,PRIORITY_UNREVIEWED,legal_clause
64303e5aa502b04df2755968eecdc2f5,64303e5aa502b04df2755968eecdc2f5_clause_000,EXHIBIT B,[],PENDING,false,,,,data/segmentation_v3/64303e5aa502b04df2755968eecdc2f5.json,PRIORITY_UNREVIEWED,header
64303e5aa502b04df2755968eecdc2f5,64303e5aa502b04df2755968eecdc2f5_clause_001,NON-DISCLOSURE AGREEMENT,[],PENDING,false,,,,data/segmentation_v3/64303e5aa502b04df2755968eecdc2f5.json,PRIORITY_UNREVIEWED,section_heading
64303e5aa502b04df2755968eecdc2f5,64303e5aa502b04df2755968eecdc2f5_clause_002,"THIS NON-DISCLOSURE AGREEMENT (this “Agreement”), is made and entered into as of the date on which it is fully executed,
as indicated by signatures below, by and among Naugatuck Valley Financial Corporation (the “Company”), the Stilwell Group (composed of
Stilwell Value Partners II, L.P., Stilwell Value Partners VII, L.P., Stilwell Partners, L.P., Stilwell Value LLC, Stilwell Activist Fund, L.P., Stilwell
Activist Investments, L.P., and Joseph Stilwell, an individual, and their employees and representatives), and ______________, a director whose
name was placed in nomination by the Stilwell Group (“Director”).",[],PENDING,false,,,,data/segmentation_v3/64303e5aa502b04df2755968eecdc2f5.json,UNREVIEWED,legal_clause
64303e5aa502b04df2755968eecdc2f5,64303e5aa502b04df2755968eecdc2f5_clause_003,"WHEREAS, the Director is a member of the Board of Directors of the Company and its wholly owned subsidiary, Naugatuck Valley
Savings and Loan (the “Bank”);",[],PENDING,false,,,,data/segmentation_v3/64303e5aa502b04df2755968eecdc2f5.json,UNREVIEWED,legal_clause
64303e5aa502b04df2755968eecdc2f5,64303e5aa502b04df2755968eecdc2f5_clause_004,"WHEREAS, the Company, the Stilwell Group and the Director have agreed that it is in their mutual interests to enter into this
Agreement as hereinafter described.",[],PENDING,false,,,,data/segmentation_v3/64303e5aa502b04df2755968eecdc2f5.json,UNREVIEWED,legal_clause
64303e5aa502b04df2755968eecdc2f5,64303e5aa502b04df2755968eecdc2f5_clause_005,"NOW THEREFORE, for good and valuable consideration, and intending to be legally bound hereby, the parties hereto mutually agree
as follows:",[],PENDING,false,,,,data/segmentation_v3/64303e5aa502b04df2755968eecdc2f5.json,UNREVIEWED,legal_clause
64303e5aa502b04df2755968eecdc2f5,64303e5aa502b04df2755968eecdc2f5_clause_006,"1. In connection with the Director serving on the Boards of Directors of the Company and the Bank, the Director and other Company
employees, directors, and agents may divulge nonpublic information concerning the Company and its subsidiaries to the Stilwell Group and such
information may be shared among the Stilwell Group's employees and agents who have a need to know such information. The Stilwell Group
expressly agrees to maintain all nonpublic information concerning the Company and its subsidiaries in confidence. The Stilwell Group expressly
acknowledges that federal and state securities laws may prohibit a person from purchasing or selling securities of a company, or from
communicating such information to any other person under circumstances in which it is reasonably foreseeable that such other person is likely to
purchase or sell such securities, while the first-mentioned person is in possession of material nonpublic information about such company. The
Stilwell Group agrees to comply with the Company's insider trading policies and procedures, as in effect from time to time, to the same extent as
if it were a director of the Company. To the extent the nonpublic information concerning the Company and its subsidiaries received by the
Stilwell Group is material, this Agreement is intended to satisfy the confidentiality agreement exclusion of Regulation FD of the U.S. Securities
and Exchange Commission (the “SEC”) set forth in Rule 100(b)(2)(ii) of Regulation FD of the SEC.",[],PENDING,false,,,,data/segmentation_v3/64303e5aa502b04df2755968eecdc2f5.json,UNREVIEWED,legal_clause
64303e5aa502b04df2755968eecdc2f5,64303e5aa502b04df2755968eecdc2f5_clause_007,"2. Each of the Stilwell Group and the Director represents and warrants to the Company that this Agreement has been duly and validly
authorized (in the case of the entity members of the Stilwell Group), executed and delivered by them, and is a valid and binding agreement
enforceable against them in accordance with its terms.",[],PENDING,false,,,,data/segmentation_v3/64303e5aa502b04df2755968eecdc2f5.json,UNREVIEWED,legal_clause
64303e5aa502b04df2755968eecdc2f5,64303e5aa502b04df2755968eecdc2f5_clause_008,"3. The Director hereby further confirms to the Company that no event has occurred with respect to the Director that would require
disclosure in a document filed by the Company with the SEC pursuant to the Securities Act of 1933, as amended, or the Securities Exchange Act
of 1934, as amended, under Item 401(f) or Item 404(a) of SEC Regulation S-K.",[],PENDING,false,,,,data/segmentation_v3/64303e5aa502b04df2755968eecdc2f5.json,UNREVIEWED,legal_clause
64303e5aa502b04df2755968eecdc2f5,64303e5aa502b04df2755968eecdc2f5_clause_009,"4. The Stilwell Group acknowledges that with regard to its obligations to maintain the confidentiality of nonpublic information of the
Company and its subsidiaries, monetary damages may not be a sufficient remedy for any breach or threatened breach of this Agreement and that,
in addition to all other remedies, the Company may be entitled to seek specific performance and injunctive or other equitable relief as a remedy
for such breach, and agrees that in conjunction therewith the Company shall not be required to post any bond.",[],PENDING,false,,,,data/segmentation_v3/64303e5aa502b04df2755968eecdc2f5.json,UNREVIEWED,legal_clause
64303e5aa502b04df2755968eecdc2f5,64303e5aa502b04df2755968eecdc2f5_clause_010,"5. This Agreement constitutes the entire agreement between the parties hereto pertaining to the subject matter hereof and supersedes all
prior and contemporaneous agreements, understandings, negotiations and discussions of the parties in connection therewith not referred to
herein.",[],PENDING,false,,,,data/segmentation_v3/64303e5aa502b04df2755968eecdc2f5.json,UNREVIEWED,legal_clause
64303e5aa502b04df2755968eecdc2f5,64303e5aa502b04df2755968eecdc2f5_clause_011,"6. This Agreement shall be governed by, and construed in accordance with, the laws of the State of Connecticut, without regard to
choice of law principles that may otherwise compel the application of the laws of any other jurisdiction. Each of the parties hereby irrevocably
consents to the exclusive jurisdiction of the state and federal courts sitting in the State of Connecticut to resolve any dispute arising from this
Agreement and waives any defense of inconvenient or improper forum.",[],PENDING,false,,,,data/segmentation_v3/64303e5aa502b04df2755968eecdc2f5.json,UNREVIEWED,legal_clause
64303e5aa502b04df2755968eecdc2f5,64303e5aa502b04df2755968eecdc2f5_clause_012,"7. The terms and provisions of this Agreement shall be deemed severable and, in the event any term or provision hereof or portion
thereof is deemed or held to be invalid, illegal or unenforceable, such provision shall be conformed to prevailing law rather than voided, if
possible, in order to achieve the intent of the parties, and, in any event, the remaining terms and provisions of this Agreement shall nevertheless
continue and be deemed to be in full force and effect and binding upon the parties.",[],PENDING,false,,,,data/segmentation_v3/64303e5aa502b04df2755968eecdc2f5.json,UNREVIEWED,legal_clause
64303e5aa502b04df2755968eecdc2f5,64303e5aa502b04df2755968eecdc2f5_clause_013,"8. All representations, warranties, covenants and agreements made herein shall survive the execution and delivery of this Agreement.",[],PENDING,false,,,,data/segmentation_v3/64303e5aa502b04df2755968eecdc2f5.json,UNREVIEWED,legal_clause
64303e5aa502b04df2755968eecdc2f5,64303e5aa502b04df2755968eecdc2f5_clause_014,"9. This Agreement may not be modified, amended, altered or supplemented except upon the execution and delivery of a written
agreement executed by all of the parties hereto.",[],PENDING,false,,,,data/segmentation_v3/64303e5aa502b04df2755968eecdc2f5.json,UNREVIEWED,legal_clause
64303e5aa502b04df2755968eecdc2f5,64303e5aa502b04df2755968eecdc2f5_clause_015,"10. This Agreement may be executed in counterparts, each of which shall be an original, but all of which together shall constitute one
and the same agreement.",[],PENDING,false,,,,data/segmentation_v3/64303e5aa502b04df2755968eecdc2f5.json,UNREVIEWED,legal_clause
64303e5aa502b04df2755968eecdc2f5,64303e5aa502b04df2755968eecdc2f5_clause_016,"14

IN WITNESS WHEREOF, this Agreement has been duly executed and delivered by duly authorized officers of the undersigned as of
the day and year first above written.",[],PENDING,false,,,,data/segmentation_v3/64303e5aa502b04df2755968eecdc2f5.json,UNREVIEWED,legal_clause
64303e5aa502b04df2755968eecdc2f5,64303e5aa502b04df2755968eecdc2f5_clause_017,THE STILWELL GROUP,[],PENDING,false,,,,data/segmentation_v3/64303e5aa502b04df2755968eecdc2f5.json,PRIORITY_UNREVIEWED,section_heading
64303e5aa502b04df2755968eecdc2f5,64303e5aa502b04df2755968eecdc2f5_clause_018,NAUGATUCK VALLEY FINANCIAL CORPORATION,[],PENDING,false,,,,data/segmentation_v3/64303e5aa502b04df2755968eecdc2f5.json,PRIORITY_UNREVIEWED,section_heading
64303e5aa502b04df2755968eecdc2f5,64303e5aa502b04df2755968eecdc2f5_clause_019,_________________________,[],PENDING,false,,,,data/segmentation_v3/64303e5aa502b04df2755968eecdc2f5.json,UNREVIEWED,legal_clause
64303e5aa502b04df2755968eecdc2f5,64303e5aa502b04df2755968eecdc2f5_clause_020,"_______________________________
By:
Date:
Joseph Stilwell
__________ __, 2014",[],PENDING,false,,,,data/segmentation_v3/64303e5aa502b04df2755968eecdc2f5.json,UNREVIEWED,legal_clause
64303e5aa502b04df2755968eecdc2f5,64303e5aa502b04df2755968eecdc2f5_clause_021,"By:

Date:
William C. Calderara, President and
Chief Executive Officer
___________ __, 2014
DIRECTOR
Date: ___________ __, 2014",[],PENDING,false,,,,data/segmentation_v3/64303e5aa502b04df2755968eecdc2f5.json,UNREVIEWED,legal_clause
64303e5aa502b04df2755968eecdc2f5,64303e5aa502b04df2755968eecdc2f5_clause_022,15,[],PENDING,false,,,,data/segmentation_v3/64303e5aa502b04df2755968eecdc2f5.json,PRIORITY_UNREVIEWED,fragment
9a5cb31024ad0a7a4916e4f122ebea4a,9a5cb31024ad0a7a4916e4f122ebea4a_clause_000,"EX-10.3 2 dex103.htm FORM OF EMPLOYMENT, CONFIDENTIALITY, SEVERANCE AND NON-",[],PENDING,false,,,,data/segmentation_v3/9a5cb31024ad0a7a4916e4f122ebea4a.json,PRIORITY_UNREVIEWED,header
9a5cb31024ad0a7a4916e4f122ebea4a,9a5cb31024ad0a7a4916e4f122ebea4a_clause_001,COMPETITION AGREEMENT,[],PENDING,false,,,,data/segmentation_v3/9a5cb31024ad0a7a4916e4f122ebea4a.json,PRIORITY_UNREVIEWED,section_heading
9a5cb31024ad0a7a4916e4f122ebea4a,9a5cb31024ad0a7a4916e4f122ebea4a_clause_002,EXHIBIT 10.3,[],PENDING,false,,,,data/segmentation_v3/9a5cb31024ad0a7a4916e4f122ebea4a.json,PRIORITY_UNREVIEWED,header
9a5cb31024ad0a7a4916e4f122ebea4a,9a5cb31024ad0a7a4916e4f122ebea4a_clause_003,"EMPLOYMENT, CONFIDENTIALITY, SEVERANCE AND NON-COMPETITION AGREEMENT
THIS EMPLOYMENT, CONFIDENTIALITY, SEVERANCE AND NON-COMPETITION AGREEMENT (this “Agreement”) is
entered into as of [ , ] by and between [ ] (the “Executive”) and SAVVIS, INC., a Delaware corporation, (“SAVVIS”) and all
its subsidiaries (collectively referred to as the “Company”). Capitalized terms used but not defined herein have the respective meanings ascribed to
such terms in Section 7 of this Agreement.",[],PENDING,false,,,,data/segmentation_v3/9a5cb31024ad0a7a4916e4f122ebea4a.json,PRIORITY_UNREVIEWED,legal_clause
9a5cb31024ad0a7a4916e4f122ebea4a,9a5cb31024ad0a7a4916e4f122ebea4a_clause_004,"WHEREAS, Executive acknowledges that:",[],PENDING,false,,,,data/segmentation_v3/9a5cb31024ad0a7a4916e4f122ebea4a.json,PRIORITY_UNREVIEWED,legal_clause
9a5cb31024ad0a7a4916e4f122ebea4a,9a5cb31024ad0a7a4916e4f122ebea4a_clause_005,"•
 the Company and its Affiliates are and will be engaged in a number of highly competitive lines of business.",[],PENDING,false,,,,data/segmentation_v3/9a5cb31024ad0a7a4916e4f122ebea4a.json,PRIORITY_UNREVIEWED,legal_clause
9a5cb31024ad0a7a4916e4f122ebea4a,9a5cb31024ad0a7a4916e4f122ebea4a_clause_006,"•
 the Company and its Affiliates conduct business throughout the United States and in numerous foreign countries;",[],PENDING,false,,,,data/segmentation_v3/9a5cb31024ad0a7a4916e4f122ebea4a.json,PRIORITY_UNREVIEWED,legal_clause
9a5cb31024ad0a7a4916e4f122ebea4a,9a5cb31024ad0a7a4916e4f122ebea4a_clause_007,"•
 the Company and its Affiliates possess Confidential Information and customer goodwill that provide the Company and its Affiliates with
a significant competitive advantage; and",[],PENDING,false,,,,data/segmentation_v3/9a5cb31024ad0a7a4916e4f122ebea4a.json,PRIORITY_UNREVIEWED,legal_clause
9a5cb31024ad0a7a4916e4f122ebea4a,9a5cb31024ad0a7a4916e4f122ebea4a_clause_008,"•
 the Company’s and its Affiliates’ success depends to a substantial extent upon the protection of its Confidential Information (which
includes trade secrets and customer lists) and customer goodwill by all of their employees;",[],PENDING,false,,,,data/segmentation_v3/9a5cb31024ad0a7a4916e4f122ebea4a.json,PRIORITY_UNREVIEWED,legal_clause
9a5cb31024ad0a7a4916e4f122ebea4a,9a5cb31024ad0a7a4916e4f122ebea4a_clause_009,"•
 Executive has and will continue to have possession of Confidential Information; and",[],PENDING,false,,,,data/segmentation_v3/9a5cb31024ad0a7a4916e4f122ebea4a.json,PRIORITY_UNREVIEWED,legal_clause
9a5cb31024ad0a7a4916e4f122ebea4a,9a5cb31024ad0a7a4916e4f122ebea4a_clause_010,"WHEREAS, if Executive were to leave the Company, the Company and its Affiliates would in all fairness need certain protections to prevent
competitors from gaining an unfair competitive advantage over them.
NOW, THEREFORE, in consideration of the covenants and agreements hereinafter set forth, the parties agree as follows:",[],PENDING,false,,,,data/segmentation_v3/9a5cb31024ad0a7a4916e4f122ebea4a.json,PRIORITY_UNREVIEWED,legal_clause
9a5cb31024ad0a7a4916e4f122ebea4a,9a5cb31024ad0a7a4916e4f122ebea4a_clause_011,"1.
Term of Agreement. This Agreement will remain in effect from the date hereof until the date the Executive’s employment with the Company
terminates for any reason. The following provisions shall survive termination or expiration of this Agreement for any reason, to the extent
applicable and in accordance with their terms: Sections 4, 5, 6 and 8. Executive’s employment is “at-will”, and nothing contained herein shall
be deemed a guarantee of employment with Company for any period of time.",[],PENDING,false,,,,data/segmentation_v3/9a5cb31024ad0a7a4916e4f122ebea4a.json,PRIORITY_UNREVIEWED,legal_clause
9a5cb31024ad0a7a4916e4f122ebea4a,9a5cb31024ad0a7a4916e4f122ebea4a_clause_012,"2.
Capacity and Performance.",[],PENDING,false,,,,data/segmentation_v3/9a5cb31024ad0a7a4916e4f122ebea4a.json,PRIORITY_UNREVIEWED,legal_clause
9a5cb31024ad0a7a4916e4f122ebea4a,9a5cb31024ad0a7a4916e4f122ebea4a_clause_013,"(a) During the term hereof, the Executive shall serve the Company in the position to which he or she is appointed from time to time.
Executive’s position as of the date of this Agreement is [ ]. During the term hereof, Executive will be employed by the Company on a
full-time basis and shall perform the duties and responsibilities of his or her",[],PENDING,false,,,,data/segmentation_v3/9a5cb31024ad0a7a4916e4f122ebea4a.json,PRIORITY_UNREVIEWED,legal_clause
9a5cb31024ad0a7a4916e4f122ebea4a,9a5cb31024ad0a7a4916e4f122ebea4a_clause_014,"position and such other duties and responsibilities on behalf of the Company and its Affiliates, reasonably related to that position, as may be
designated from time to time by the Compensation Committee (the “Compensation Committee”) of the Board of Directors of SAVVIS (the
“Board”) or other designee.",[],PENDING,false,,,,data/segmentation_v3/9a5cb31024ad0a7a4916e4f122ebea4a.json,PRIORITY_UNREVIEWED,legal_clause
9a5cb31024ad0a7a4916e4f122ebea4a,9a5cb31024ad0a7a4916e4f122ebea4a_clause_015,"(b) During the term hereof, the Executive shall devote his full business time and his best efforts, business judgment, skill and knowledge
to the advancement of the business and interests of the Company and its Affiliates and to the discharge of his duties and responsibilities
hereunder. The Executive shall not engage in any other business activity or serve in any industry, trade, professional, governmental or
academic position during the term of this Agreement, except as may otherwise be expressly approved in advance by the Compensation
Committee or other designee in writing.",[],PENDING,false,,,,data/segmentation_v3/9a5cb31024ad0a7a4916e4f122ebea4a.json,PRIORITY_UNREVIEWED,legal_clause
9a5cb31024ad0a7a4916e4f122ebea4a,9a5cb31024ad0a7a4916e4f122ebea4a_clause_016,"3.
Compensation and Benefits. As compensation for all services performed by the Executive under and during the term hereof, and subject to
performance of the Executive’s duties and the fulfillment of the obligations of the Executive to the Company and its Affiliates, pursuant to this
Agreement or otherwise:",[],PENDING,false,,,,data/segmentation_v3/9a5cb31024ad0a7a4916e4f122ebea4a.json,PRIORITY_UNREVIEWED,legal_clause
9a5cb31024ad0a7a4916e4f122ebea4a,9a5cb31024ad0a7a4916e4f122ebea4a_clause_017,"(a) Base Salary. During the term hereof, the Company shall pay the Executive a base salary, which as of the date of execution of this
Agreement is set at the rate of [ Dollars ($ ) ] per annum, payable in accordance with the regular payroll practices of the
Company for its executives subject to adjustment from time to time by the Compensation Committee, in its sole discretion. Such base salary,
as from time to time adjusted, is hereafter referred to as the “Base Salary”.",[],PENDING,false,,,,data/segmentation_v3/9a5cb31024ad0a7a4916e4f122ebea4a.json,PRIORITY_UNREVIEWED,legal_clause
9a5cb31024ad0a7a4916e4f122ebea4a,9a5cb31024ad0a7a4916e4f122ebea4a_clause_018,(b) Incentive and Bonus Compensation.,[],PENDING,false,,,,data/segmentation_v3/9a5cb31024ad0a7a4916e4f122ebea4a.json,PRIORITY_UNREVIEWED,legal_clause
9a5cb31024ad0a7a4916e4f122ebea4a,9a5cb31024ad0a7a4916e4f122ebea4a_clause_019,"(i) For service rendered during the Company’s fiscal year ending December 31, [ ], the Executive will be eligible, at the
Compensation Committee’s discretion, to receive a bonus payment equal to [ ]% of Base Salary, payable in accordance with the
terms of the Company’s [ ] Annual Incentive Plan.",[],PENDING,false,,,,data/segmentation_v3/9a5cb31024ad0a7a4916e4f122ebea4a.json,PRIORITY_UNREVIEWED,legal_clause
9a5cb31024ad0a7a4916e4f122ebea4a,9a5cb31024ad0a7a4916e4f122ebea4a_clause_020,"(ii) Commencing on January 1, [ ] and for the remainder of the term hereof, the Executive shall be entitled to participate in the
Company’s Annual Incentive Plan (the “Annual Incentive Plan”) on terms to be determined annually by the Compensation Committee
prior to the commencement of each fiscal year. Nothing contained herein shall obligate the Company to continue the Annual Incentive
Plan. Any compensation paid to the Executive under the Annual Incentive Plan shall be in addition to the Base Salary. Except as
otherwise expressly provided under the terms of the Annual Incentive Plan or this Agreement, the Executive shall not be entitled to earn
bonus or other compensation for services rendered to the Company.
[Insert equity grant provisions if applicable.]",[],PENDING,false,,,,data/segmentation_v3/9a5cb31024ad0a7a4916e4f122ebea4a.json,PRIORITY_UNREVIEWED,legal_clause
9a5cb31024ad0a7a4916e4f122ebea4a,9a5cb31024ad0a7a4916e4f122ebea4a_clause_021,"4.
Termination of Employment.",[],PENDING,false,,,,data/segmentation_v3/9a5cb31024ad0a7a4916e4f122ebea4a.json,PRIORITY_UNREVIEWED,legal_clause
9a5cb31024ad0a7a4916e4f122ebea4a,9a5cb31024ad0a7a4916e4f122ebea4a_clause_022,"(a) Executive’s employment with the Company may be terminated as follows:
(i) by the Company with Cause;
(ii) by the Company without Cause;
(iii) upon Executive’s death or Disability (defined herein);",[],PENDING,false,,,,data/segmentation_v3/9a5cb31024ad0a7a4916e4f122ebea4a.json,PRIORITY_UNREVIEWED,legal_clause
9a5cb31024ad0a7a4916e4f122ebea4a,9a5cb31024ad0a7a4916e4f122ebea4a_clause_023,"(iv) by Executive with Good Reason; or
(v) by Executive without Good Reason.",[],PENDING,false,,,,data/segmentation_v3/9a5cb31024ad0a7a4916e4f122ebea4a.json,PRIORITY_UNREVIEWED,legal_clause
9a5cb31024ad0a7a4916e4f122ebea4a,9a5cb31024ad0a7a4916e4f122ebea4a_clause_024,"(b) Upon termination of Executive’s employment for any reason, all rights and obligations under this Agreement shall cease, except as
referred to in Section 1 and except that Executive shall be entitled to (i) payment of his or her salary through the effective date of termination,
plus (ii) payment of any other amounts owed but not yet paid to Executive as of the effective date of termination (such as reimbursement for
business expenses incurred prior to termination in accordance with the Company’s expense and reimbursement policy, plus (iii) any other
benefits to which Executive may be entitled which provide for payment or other benefits following termination (such as under disability
insurance plan).",[],PENDING,false,,,,data/segmentation_v3/9a5cb31024ad0a7a4916e4f122ebea4a.json,PRIORITY_UNREVIEWED,legal_clause
9a5cb31024ad0a7a4916e4f122ebea4a,9a5cb31024ad0a7a4916e4f122ebea4a_clause_025,(c) Severance Benefits.,[],PENDING,false,,,,data/segmentation_v3/9a5cb31024ad0a7a4916e4f122ebea4a.json,PRIORITY_UNREVIEWED,legal_clause
9a5cb31024ad0a7a4916e4f122ebea4a,9a5cb31024ad0a7a4916e4f122ebea4a_clause_026,"(i) If the Executive is subject to termination pursuant to an Involuntary Termination (as defined in Section 7), then in addition to
any amounts / benefits owed under Section 4(b), the Company shall pay the Executive: (x) an amount equal to 100% of his or her then
current annual Base Salary for one year (the “Severance Payment”) and (y) at the discretion of the Compensation Committee, a pro-rated
portion of the bonus that the Executive would be entitled to receive under the Company’s Annual Incentive Plan (“Bonus”). The pro-
rated Bonus will be calculated by the compensation committee by extrapolating the Company’s anticipated full year performance based
on the current year performance to date and then multiplying the resulting full year extrapolation by a fraction the numerator of which is
the number of days during the calendar year the Executive worked in the year of Involuntary Termination up to the termination date and
the denominator of which is 365. Any such Bonus shall be paid not later than 30 days after the date of the Involuntary Termination. If the
Executive is subject to an Involuntary Termination prior to March 31 of any calendar year, and has, therefore, not yet received payment
for the prior year under the Annual Incentive Plan, then the Executive will also be entitled to such payment under the Annual Incentive
Plan as he would otherwise have been entitled to receive had he remained employed on March 31 of the year of Involuntary Termination.
Any such Bonus shall be paid at the time bonuses are paid to other employees under the Annual Incentive Plan and not later than the end
of the year during which the Involuntary Termination occurred.",[],PENDING,false,,,,data/segmentation_v3/9a5cb31024ad0a7a4916e4f122ebea4a.json,PRIORITY_UNREVIEWED,legal_clause
9a5cb31024ad0a7a4916e4f122ebea4a,9a5cb31024ad0a7a4916e4f122ebea4a_clause_027,"(ii) Further, if and only if the Involuntary Termination occurs within twelve (12) months after a Change in Control (a “Change in
Control Termination”), then (x) in addition to the Severance Payment, any stock awards, stock options, stock appreciation rights or other
equity-based awards (each an “Equity Award”) that were outstanding immediately prior to the effective date of the Change in Control
Termination shall, unless such Equity Awards are no longer outstanding, to the extent not then vested, fully vest and become exercisable
as of such date and the Executive shall have the right to exercise any such Equity Award until the earlier to occur of (A) twelve
(12) months from the date of the Change in Control Termination and (B) the expiration date of such Equity Award as set forth in the
agreement evidencing such award; and (y) the Executive shall be entitled to the Bonus, which shall be paid not later than 30 days after
the date of the Change in Control Termination.",[],PENDING,false,,,,data/segmentation_v3/9a5cb31024ad0a7a4916e4f122ebea4a.json,PRIORITY_UNREVIEWED,legal_clause
9a5cb31024ad0a7a4916e4f122ebea4a,9a5cb31024ad0a7a4916e4f122ebea4a_clause_028,"(d) Timing of and Conditions to Payment. Any Severance Payment due under Section 4(c) shall be paid bi-monthly, in accordance with
the Company’s standard payroll procedures, for the twelve (12) month period following the effective date of termination. Any other provision
of this Agreement notwithstanding, no severance benefits shall be payable unless and until each of the following has occurred:",[],PENDING,false,,,,data/segmentation_v3/9a5cb31024ad0a7a4916e4f122ebea4a.json,PRIORITY_UNREVIEWED,legal_clause
9a5cb31024ad0a7a4916e4f122ebea4a,9a5cb31024ad0a7a4916e4f122ebea4a_clause_029,"(i) the Executive has executed and delivered to the Company a general release (in a form prescribed by the Company) of all known
and unknown claims that he or she may then have against the Company or persons affiliated with the Company and has agreed not to
prosecute any legal action or other proceeding based upon any of such claims;
(ii) the Executive has, no later than the effective date of termination, delivered to the Company a resignation from all offices,
directorships and fiduciary positions with the Company and it affiliates;
(iii) the effective date of the Executive’s Involuntary Termination;
(iv) the date of the Company’s receipt of the Executive’s executed General Release, which must be no later than 21 days following
the effective date of termination (except in the case of group terminations, such time period shall be 45 days);
(v) the expiration of any rescission or revocation period applicable to the Executive’s executed General Release; and
(vi) the Executive is and continues to be in compliance with all of his or her obligations under this Agreement, including, without
limitation, Sections 5 and 6, and under the agreements and other documents referred to or incorporated by reference herein.
The Company will commence payment of the Severance Payment within ten (10) business days of satisfaction / occurrence of the last of the
foregoing items (1) through (5). For purposes of Section 409A of the Internal Revenue Code of 1986, as amended (“Code”), an installment
Severance Payment shall be deemed to be made as of the applicable bimonthly payroll date following the Executive’s effective date of termination if
made by the 15th day of the third calendar month following such payroll date.",[],PENDING,false,,,,data/segmentation_v3/9a5cb31024ad0a7a4916e4f122ebea4a.json,PRIORITY_UNREVIEWED,legal_clause
9a5cb31024ad0a7a4916e4f122ebea4a,9a5cb31024ad0a7a4916e4f122ebea4a_clause_030,"(e) Health Care Benefit. Following an Involuntary Termination, the Company will pay to the Executive a monthly taxable cash payment
in an amount equal (on an after tax basis, taking into account federal, state, local and foreign taxes) to the monthly COBRA (Consolidated
Omnibus Budget Reconciliation Act) premium(s) in effect as of immediately prior to the Executive’s Involuntary Termination for the most
expensive level of coverage under the group health plan(s) applicable to the Executive at the time of the Executive’s Involuntary Termination.
The monthly payments will commence with the first month following the Executive’s Involuntary Termination and will terminate upon the
earlier of (a) the Executive having received twelve monthly payments and (b) the Executive becoming re-employed and entitled to coverage
under the new employer’s group health plan. The Executive agrees to notify the Company in writing immediately upon becoming re-employed
and entitled to coverage under a new employer’s group health plan.",[],PENDING,false,,,,data/segmentation_v3/9a5cb31024ad0a7a4916e4f122ebea4a.json,PRIORITY_UNREVIEWED,legal_clause
9a5cb31024ad0a7a4916e4f122ebea4a,9a5cb31024ad0a7a4916e4f122ebea4a_clause_031,"(f) Withholding Taxes. All payments made under this Agreement shall be subject to reduction to reflect taxes or other charges required to
be withheld by law.",[],PENDING,false,,,,data/segmentation_v3/9a5cb31024ad0a7a4916e4f122ebea4a.json,PRIORITY_UNREVIEWED,legal_clause
9a5cb31024ad0a7a4916e4f122ebea4a,9a5cb31024ad0a7a4916e4f122ebea4a_clause_032,"(g) Section 409A Savings Clause. This Agreement is intended to comply with the requirements of Section 409A of the Code (including
the exceptions thereto) to the extent applicable, and the Agreement shall be interpreted in a manner consistent with such requirements.
Notwithstanding any other provision hereof, if any provision of the Agreement conflicts with the requirements of Section 409A of the Code (or
an exception thereto), such provision shall be deemed reformed so as to comply with the requirements of Section 409A of the Code (or an
exception thereto) and shall be interpreted and applied accordingly.",[],PENDING,false,,,,data/segmentation_v3/9a5cb31024ad0a7a4916e4f122ebea4a.json,PRIORITY_UNREVIEWED,legal_clause
9a5cb31024ad0a7a4916e4f122ebea4a,9a5cb31024ad0a7a4916e4f122ebea4a_clause_033,"Amounts payable other than those expressly payable on a deferred or installment basis, will be paid as promptly as practical and, in any event,
within 2 /2 months after the end of the year in which such amount was earned.
Any amount that the Executive is entitled to be reimbursed will be reimbursed as promptly as practical and in any event not later than the last
day of the calendar year after the calendar year in which the expenses are incurred, and the amount of the expenses eligible for reimbursement during
any calendar year will not affect the amount of expenses eligible for reimbursement in any other calendar year.
If at the time of separation from service (i) the Executive is a specified employee (within the meaning of Section 409A and using the
identification methodology selected by the Company from time to time), and (ii) the Company makes a good faith determination that an amount
payable by the Company to the Executive constitutes deferred compensation (within the meaning of Section 409A) the payment of which is required
to be delayed pursuant to the six-month delay rule set forth in Section 409A in order to avoid taxes or penalties under Section 409A, then the
Company will not pay such amount on the otherwise scheduled payment date but will instead pay it in a lump sum on the first business day after
such six-month period together with interest for the period of delay, compounded annually, equal to the prime rate (as published in the Wall Street
Journal) in effect as of the dates the payments should otherwise have been provided.",[],PENDING,false,,,,data/segmentation_v3/9a5cb31024ad0a7a4916e4f122ebea4a.json,PRIORITY_UNREVIEWED,legal_clause
9a5cb31024ad0a7a4916e4f122ebea4a,9a5cb31024ad0a7a4916e4f122ebea4a_clause_034,"5.
Confidential Information.",[],PENDING,false,,,,data/segmentation_v3/9a5cb31024ad0a7a4916e4f122ebea4a.json,PRIORITY_UNREVIEWED,legal_clause
9a5cb31024ad0a7a4916e4f122ebea4a,9a5cb31024ad0a7a4916e4f122ebea4a_clause_035,"(a) The Executive acknowledges that the Company and its Affiliates continually develop Confidential Information, that the Executive
may develop Confidential Information for the Company or its Affiliates and that the Executive will have possession of and access to
Confidential Information during the course of employment. The Executive will comply with the policies and procedures of the Company and
its Affiliates for protecting Confidential Information, and shall not disclose to any Person or use, other than as required by applicable law or
for the proper performance of his duties and responsibilities to the Company and its Affiliates, any Confidential Information obtained by the
Executive incident to his employment or other association with the Company or any of its Affiliates. The Executive understands that this
restriction shall continue to apply after his employment terminates, regardless of the reason for such termination. The confidentiality obligation
under this Section 5 shall not apply to information which is generally known or readily available to the public at the time of disclosure or
becomes generally known through no wrongful act on the part of the Executive or any other Person having an obligation of confidentiality to
the Company or any of its Affiliates.",[],PENDING,false,,,,data/segmentation_v3/9a5cb31024ad0a7a4916e4f122ebea4a.json,PRIORITY_UNREVIEWED,legal_clause
9a5cb31024ad0a7a4916e4f122ebea4a,9a5cb31024ad0a7a4916e4f122ebea4a_clause_036,"(b) All documents, records, tapes and other media of every kind and description relating to the business, present or otherwise, of the
Company or its Affiliates and any copies, in whole or in part, thereof (the “Documents”), whether or not prepared by the Executive, shall be
the sole and exclusive property of the Company and its Affiliates. The Executive shall safeguard all Documents and shall surrender to the
Company at the time his employment terminates, or at such earlier time or times as the Board or its designee may specify, all Documents then
in the Executive’s possession or control.",[],PENDING,false,,,,data/segmentation_v3/9a5cb31024ad0a7a4916e4f122ebea4a.json,PRIORITY_UNREVIEWED,legal_clause
9a5cb31024ad0a7a4916e4f122ebea4a,9a5cb31024ad0a7a4916e4f122ebea4a_clause_037,"(c) In the event that Executive is requested or becomes legally compelled (by oral questions, interrogatories, requests for information or
documents, deposition, subpoena, civil investigative
 1",[],PENDING,false,,,,data/segmentation_v3/9a5cb31024ad0a7a4916e4f122ebea4a.json,PRIORITY_UNREVIEWED,legal_clause
9a5cb31024ad0a7a4916e4f122ebea4a,9a5cb31024ad0a7a4916e4f122ebea4a_clause_038,"demand or similar process) to disclose any of the Confidential Information, the Executive shall, where permitted under applicable law, rule or
regulation, provide written notice to the Company promptly after such request so that the Company may, at its expense, seek a protective order
or other appropriate remedy (the Executive agrees to reasonably cooperate with the Company in connection with seeking such order or other
remedy). In the event that such protective order or other remedy is not obtained, the Executive shall furnish only that portion of the
Confidential Information that the Executive is advised by counsel is required, and shall exercise reasonable efforts to obtain assurance that
confidential treatment will be accorded such Confidential Information. In addition, the Executive may disclose Confidential Information in the
course of inspections, examinations or inquiries by federal or state regulatory agencies and self regulatory organizations that have requested or
required the inspection of records that contain the Confidential Information provided that the Executive exercises reasonable efforts to obtain
reliable assurances that confidential treatment will be accorded to such Confidential Information. To the extent such information is required to
be disclosed and is not accorded confidential treatment as described in the immediately preceding sentence, it shall not constitute “Confidential
Information” under this Agreement.",[],PENDING,false,,,,data/segmentation_v3/9a5cb31024ad0a7a4916e4f122ebea4a.json,PRIORITY_UNREVIEWED,legal_clause
9a5cb31024ad0a7a4916e4f122ebea4a,9a5cb31024ad0a7a4916e4f122ebea4a_clause_039,"6.
Certain Covenants.",[],PENDING,false,,,,data/segmentation_v3/9a5cb31024ad0a7a4916e4f122ebea4a.json,PRIORITY_UNREVIEWED,legal_clause
9a5cb31024ad0a7a4916e4f122ebea4a,9a5cb31024ad0a7a4916e4f122ebea4a_clause_040,"(a) The Executive agrees that, during his employment with the Company, he or she will not undertake any outside activity, whether or not
competitive with the business of the Company or its Affiliates that could reasonably give rise to a conflict of interest or otherwise materially
interfere with his or her duties and obligations to the Company or any of its Affiliates.",[],PENDING,false,,,,data/segmentation_v3/9a5cb31024ad0a7a4916e4f122ebea4a.json,PRIORITY_UNREVIEWED,legal_clause
9a5cb31024ad0a7a4916e4f122ebea4a,9a5cb31024ad0a7a4916e4f122ebea4a_clause_041,"(b) During the term of Executive’s employment and for twelve (12) months following termination of his or her employment for any
reason (the “Restricted Period”), the Executive shall not, directly or indirectly, whether as owner, partner, investor, consultant, agent,
employee, co-venturer or otherwise:
(i) compete with the Company or any of its Affiliates within the geographic area in which the Company does business or undertake
any planning for any business competitive with the Company or any of its Affiliates. Specifically, but without limiting the foregoing, the
Executive agrees not to engage in any manner in any activity that is directly or indirectly competitive with the business of the Company
or any of its Affiliates as conducted or under consideration at any time during the Executive’s employment, and further agrees not to
work or provide services, in any capacity, whether as an employee, independent contractor or otherwise, whether with or without
compensation, to any Person who is engaged in any business that is competitive with the business of the Company or any of its Affiliates
for which the Executive has provided services. The foregoing, however, shall not prevent the Executive’s passive ownership of two
percent (2%) or less of the equity securities of any publicly traded company. Notwithstanding any provision in this Agreement, section 6.
(b) (i) shall not be deemed to create post-employment non-competition restrictions on the Executive if the Executive’s primary residence
is in the state of California; or
(ii) solicit or encourage any customer of the Company or any of its Affiliates to terminate or diminish its relationship with them; or
(iii) seek to persuade any such customer of the Company or any of its Affiliates to conduct with anyone else any business or
activity which such customer conducts with the Company or any of its Affiliates; provided that these restrictions shall apply only if the
Executive",[],PENDING,false,,,,data/segmentation_v3/9a5cb31024ad0a7a4916e4f122ebea4a.json,PRIORITY_UNREVIEWED,legal_clause
9a5cb31024ad0a7a4916e4f122ebea4a,9a5cb31024ad0a7a4916e4f122ebea4a_clause_042,"has performed work for such Person during his employment with the Company or one of its Affiliates or has been introduced to, or
otherwise had contact with, such Person as a result of his employment or other associations with the Company or one of its Affiliates or
has had access to Confidential Information which would assist in the Executive’s solicitation of such Person.
(iv) solicit for hiring any employee or independent contractor of the Company or any of its Affiliates or seek to persuade any
employee or independent contractor of the Company or any of its Affiliates to discontinue or diminish such employee or independent
contractor’s relationship with the Company or any of its Affiliates.",[],PENDING,false,,,,data/segmentation_v3/9a5cb31024ad0a7a4916e4f122ebea4a.json,PRIORITY_UNREVIEWED,legal_clause
9a5cb31024ad0a7a4916e4f122ebea4a,9a5cb31024ad0a7a4916e4f122ebea4a_clause_043,"(c) Cooperation and Non-Disparagement. The Executive agrees that, during the Restricted Period, he or she shall cooperate with the
Company in every reasonable respect and shall use his or her best efforts to assist the Company with the transition of the Executive’s duties to
his or her successor. The Executive further agrees that, during the Restricted Period, he or she shall not in any way or by any means disparage
the Company, the members of the Company’s Board or the Company’s officers and employees.",[],PENDING,false,,,,data/segmentation_v3/9a5cb31024ad0a7a4916e4f122ebea4a.json,PRIORITY_UNREVIEWED,legal_clause
9a5cb31024ad0a7a4916e4f122ebea4a,9a5cb31024ad0a7a4916e4f122ebea4a_clause_044,"(d) Assignment of Inventions. The Executive shall promptly and fully disclose all Work Product (defined herein) to the Company.
Executive hereby assigns to the Company all of Executive’s rights, title, and interest (including but not limited to all patent, trademark,
copyright and trade secret rights) in and to all work product prepared by Executive, made or conceived in whole or in part by Executive within
the scope of Executive’s employment by the Company or within six (6) months thereafter, or that relate directly to or involve the use of
Confidential Information (“Work Product”). Executive further acknowledges and agrees that all copyrightable Work Product prepared by
Executive within the scope of Executive’s employment with the Company are “works made for hire” and, consequently, that the Company
owns all copyrights thereto. The Executive agrees to execute any and all applications for domestic and foreign patents, copyrights or other
proprietary rights and to do such other acts (including without limitation the execution and delivery of instruments of further assurance or
confirmation) requested by the Company to assign the Work Product to the Company and to permit the Company to enforce any patents,
copyrights or other proprietary rights to the Work Product. The Executive will not charge the Company for time spent in complying with these
obligations. Notwithstanding the foregoing, any provision in this Agreement which provides that Executive shall assign, offer to assign, any of
his or her rights in an invention to the Company shall not apply to an invention that the Executive developed entirely on his or her own time
without using the Company’s equipment, supplies, facilities, or trade secret information except for those inventions that either:
(i) relate at the time of conception or reduction to practice of the invention to the Company’s business or actual demonstrably
anticipated research or development of the Company; or
(ii) result from any work performed by the Executive for the Company.",[],PENDING,false,,,,data/segmentation_v3/9a5cb31024ad0a7a4916e4f122ebea4a.json,PRIORITY_UNREVIEWED,legal_clause
9a5cb31024ad0a7a4916e4f122ebea4a,9a5cb31024ad0a7a4916e4f122ebea4a_clause_045,"(e) Acknowledgement Regarding Restrictions. The Company has expended a great deal of time, money and effort to develop and
maintain its confidential business information which, if misused or disclosed, could be very harmful to its business and could cause the
Company to be at a competitive disadvantage in the marketplace. The Company would not be willing to proceed with the execution of this
Agreement but for the Executive’s signing and agreeing to abide by the terms of this Agreement. The Executive recognizes and acknowledges
that he or she has and will have access to Confidential Information of the Company, and that the Company, in all fairness, needs certain
protection in order to ensure that the Executive does not misappropriate or misuse any trade secret or other Confidential Information or take
any other action which could result in a loss of the goodwill of the",[],PENDING,false,,,,data/segmentation_v3/9a5cb31024ad0a7a4916e4f122ebea4a.json,PRIORITY_UNREVIEWED,legal_clause
9a5cb31024ad0a7a4916e4f122ebea4a,9a5cb31024ad0a7a4916e4f122ebea4a_clause_046,"Company and, more generally, to prevent the Executive from having or providing others with an unfair competitive advantage over the
Company. To that end, the Executive acknowledges that the foregoing restrictions, both separately and in total, are reasonable and enforceable
in view of the Company’s legitimate interests in protecting the goodwill, confidential information and customer loyalty of its business. To the
extent that any provision of this Agreement is adjudicated to be invalid or unenforceable because it is somehow overbroad or otherwise
unreasonable, that provision shall not be void but rather shall be limited only to the extent required by applicable law and enforced as so
limited to the greatest extent allowed by law, and the validity or enforceability of the remaining provisions of this Agreement shall be
unaffected and such adjudication shall not affect the validity or enforceability of such remaining provisions.",[],PENDING,false,,,,data/segmentation_v3/9a5cb31024ad0a7a4916e4f122ebea4a.json,PRIORITY_UNREVIEWED,legal_clause
9a5cb31024ad0a7a4916e4f122ebea4a,9a5cb31024ad0a7a4916e4f122ebea4a_clause_047,"(f) Right to Injunctive Relief. The Executive further agrees that in the event of any breach hereof the harm to the Company will be
irreparable and without adequate remedy at law and, therefore, that injunctive relief with respect thereto will be appropriate. In the event of a
breach or threatened breach of any of the Executive’s obligations under the terms of Sections 5 or 6 hereof, the Company shall be entitled, in
addition to any other legal or equitable remedies it may have in connection therewith (including any right to damages that it may suffer), to
temporary, preliminary and permanent injunctive relief restraining such breach or threatened breach (without the obligation to post bond),
together with reasonable attorney’s fees incurred in preliminarily enforcing its rights hereunder. The Executive specifically agrees that if there
is a question as to the enforceability of any of the provisions of Sections 5 or 6 hereof, the Executive will not engage in any conduct
inconsistent with or contrary to such Section until after the question has been resolved by a final judgment of a court of competent jurisdiction.",[],PENDING,false,,,,data/segmentation_v3/9a5cb31024ad0a7a4916e4f122ebea4a.json,PRIORITY_UNREVIEWED,legal_clause
9a5cb31024ad0a7a4916e4f122ebea4a,9a5cb31024ad0a7a4916e4f122ebea4a_clause_048,"7.
Definitions.
(a) Definition of “Affiliate.” For all purposes under this Agreement, “Affiliate” shall mean, with respect to any Person, all Persons
directly or indirectly controlling, controlled by or under common control with such Person, where control may be by either management
authority, contract or equity interest. As used in this definition, “control” and correlative terms have the meanings ascribed to such words in
Rule 12b-2 of the Securities Exchange Act of 1934, as amended (the “Exchange Act”).",[],PENDING,false,,,,data/segmentation_v3/9a5cb31024ad0a7a4916e4f122ebea4a.json,PRIORITY_UNREVIEWED,legal_clause
9a5cb31024ad0a7a4916e4f122ebea4a,9a5cb31024ad0a7a4916e4f122ebea4a_clause_049,"(b) Definition of “Cause.” For all purposes under this Agreement, “Cause” shall mean any of the following (i) the Executive’s willful and
continued failure to perform substantially the duties of his/her responsibilities (other than due to physical or mental incapacity); (ii) the
Executive’s unauthorized use or disclosure of trade secrets which causes substantial harm to the Company; (iii) the Executive’s engaging in
illegal conduct that is likely to be injurious to the Company; (iv) the Executive’s acts of fraud, dishonesty, or gross misconduct, or gross
negligence in connection with the business of the Company; (v) the Executive’s conviction of a felony; (vi) the Executive’s engaging in any act
of moral turpitude reasonably likely to substantially and adversely affect the Company or its business; (vii) the Executive engaging in the
illegal use of a controlled substance or using prescription medications unlawfully; (viii) the Executive’s abuse of alcohol; or (ix) the breach by
the Executive of a material term of this Agreement, including, without limitation, his or her obligations under Sections 5 or 6.",[],PENDING,false,,,,data/segmentation_v3/9a5cb31024ad0a7a4916e4f122ebea4a.json,PRIORITY_UNREVIEWED,legal_clause
9a5cb31024ad0a7a4916e4f122ebea4a,9a5cb31024ad0a7a4916e4f122ebea4a_clause_050,"(c) Definition of “Change in Control.” For all purposes under this Agreement, “Change in Control” means the occurrence of any of the
following:
(A) any Person (as defined herein) becomes the beneficial owner directly or indirectly (within the meaning of Rule 13d--3 under
the Exchange Act) of more than 50% of SAVVIS’ then outstanding voting securities (measured on the basis of voting power); or",[],PENDING,false,,,,data/segmentation_v3/9a5cb31024ad0a7a4916e4f122ebea4a.json,PRIORITY_UNREVIEWED,legal_clause
9a5cb31024ad0a7a4916e4f122ebea4a,9a5cb31024ad0a7a4916e4f122ebea4a_clause_051,"(B) Individuals who, as of the date hereof, constitute the Board (the “Incumbent Board”) cease for any reason to constitute at least a
majority of the Board; provided, however, that any individual becoming a director subsequent to the date hereof whose election, or
nomination for election by SAVVIS’ shareholders, was approved by a vote of at least a majority of the directors then comprising the
Incumbent Board shall be considered as though such individual were a member of the Incumbent Board, but excluding, for this purpose,
any such individual whose initial assumption of office occurs as a result of an actual or threatened election contest with respect to the
election or removal of directors or other actual or threatened solicitation of proxies or consents by or on behalf of a Person other than the
Board; or
(C) the closing of an agreement of merger or consolidation with any other corporation or business entity, other than (x) a merger or
consolidation which would result in the voting securities of SAVVIS outstanding immediately prior thereto continuing to represent
(either by remaining outstanding or by being converted into voting securities of the surviving entity), in combination with the ownership
of any trustee or other fiduciary holding securities under an employee benefit plan of the Company, at least 50% of the combined voting
power of the voting securities of SAVVIS or such surviving entity outstanding immediately after such merger or consolidation, or (y) a
merger or consolidation effected to implement a recapitalization of SAVVIS (or similar transaction) in which no Person acquires more
than 50% of the combined voting power of SAVVIS’ then outstanding securities;
(D) the liquidation or dissolution of SAVVIS or the closing of a sale or disposition by SAVVIS of all or substantially all of its
assets.
For purposes of this paragraph, “Person” means any individual, entity or group within the meaning of Section 3(a)(9) of the Exchange Act, as
modified and used in Sections 13(d) and 14(d) thereof; however, a Person shall not include (aa) SAVVIS or any of its subsidiaries, (bb) a trustee or
other fiduciary holding securities under an employee benefit plan of the Company, (cc) an underwriter temporarily holding securities pursuant to an
offering of such securities, (dd) a corporation owned, directly or indirectly, by the shareholders of SAVVIS in substantially the same proportions as
their ownership of SAVVIS common stock, (ee) any person or entity or group acquiring securities of SAVVIS pursuant to an issuance of securities
approved by the Board, or (ff) any of the following entities or their affiliates: Welsh, Carson, Anderson & Stowe VIII L.P. and WCAS Management
Corporation.",[],PENDING,false,,,,data/segmentation_v3/9a5cb31024ad0a7a4916e4f122ebea4a.json,PRIORITY_UNREVIEWED,legal_clause
9a5cb31024ad0a7a4916e4f122ebea4a,9a5cb31024ad0a7a4916e4f122ebea4a_clause_052,"(d) Definition of “Confidential Information.” For all purposes under this Agreement, “Confidential Information” shall mean any and all
information of the Company and its Affiliates that is not generally known by others with whom they compete or do business, or with whom
any of them plans to compete or do business and any and all information, publicly known in part or not, which, if disclosed by the Company or
its Affiliates would assist in competition against them. Confidential Information includes without limitation such information relating to
(i) trade secrets, the development, research, testing, manufacturing, marketing and financial activities of the Company and its Affiliates, (ii) the
Products, (iii) the costs, sources of supply, financial performance and strategic plans of the Company and its Affiliates, (iv) the identity and
special needs of the customers of the Company and its Affiliates and (v) client lists and the people and organizations with whom the Company
and its Affiliates have business relationships and the substance of those relationships. Confidential Information also includes any information
that the Company or any of its Affiliates have received, or may receive hereafter, belonging to customers or others with any understanding,
express or implied, that the information would not be disclosed.",[],PENDING,false,,,,data/segmentation_v3/9a5cb31024ad0a7a4916e4f122ebea4a.json,PRIORITY_UNREVIEWED,legal_clause
9a5cb31024ad0a7a4916e4f122ebea4a,9a5cb31024ad0a7a4916e4f122ebea4a_clause_053,"(e) Definition of “Disability.” For all purposes under this Agreement, “Disability” shall mean the Executive becoming disabled during
his employment hereunder through any illness, injury, accident or condition of either a physical or psychological nature and, as a result, is
unable to perform substantially all",[],PENDING,false,,,,data/segmentation_v3/9a5cb31024ad0a7a4916e4f122ebea4a.json,PRIORITY_UNREVIEWED,legal_clause
9a5cb31024ad0a7a4916e4f122ebea4a,9a5cb31024ad0a7a4916e4f122ebea4a_clause_054,"of his duties and responsibilities hereunder, notwithstanding the provision of any reasonable accommodation, for one hundred and eighty
(180) days during any period of three hundred and sixty-five (365) consecutive calendar days.",[],PENDING,false,,,,data/segmentation_v3/9a5cb31024ad0a7a4916e4f122ebea4a.json,PRIORITY_UNREVIEWED,legal_clause
9a5cb31024ad0a7a4916e4f122ebea4a,9a5cb31024ad0a7a4916e4f122ebea4a_clause_055,"(f) Definition of “Good Reason.” For all purposes under this Agreement, “Good Reason” shall mean the occurrence of any of the
following events: (i) a change in the Executive’s position that materially reduces his or her authority and level of responsibility as an officer of
the Company (provided that it is understood that the Chief Executive Officer of SAVVIS as a matter of management flexibility may direct a
change in the Executive’s reporting relationships or job title or a transfer of the Executive to a different officer position and such change or
transfer shall be not deemed to result in a reduction in the Executive’s authority or level of responsibility unless it is so substantial that a
reasonable executive would feel compelled to resign under the circumstances), (ii) a material reduction in his or her level of compensation
(including base salary and target bonus) or (iii) a relocation of his or her employment more than fifty (50) miles from the metropolitan area in
which the Executive’s office is located at the time of resignation; provided, however, that in the case of the preceding clauses (i), (ii) and (iii),
Good Reason shall only exist if effected without the Executive’s consent and is not a result of a Company-wide or department-wide policy or
practice. Notwithstanding the foregoing, Good Reason shall only exist if (A) the Executive provides written notice to the Company within
ninety (90) days of the occurrence of the event or condition constituting Good Reason, (B) the Company is provided a period of thirty
(30) days to cure the event or condition giving rise to Good Reason (the “Cure Period”) and fails to do so prior to the end of the Cure Period,
and (C) the Executive terminates employment within thirty (30) days after the end of the Cure Period.",[],PENDING,false,,,,data/segmentation_v3/9a5cb31024ad0a7a4916e4f122ebea4a.json,PRIORITY_UNREVIEWED,legal_clause
9a5cb31024ad0a7a4916e4f122ebea4a,9a5cb31024ad0a7a4916e4f122ebea4a_clause_056,"(g) Definition of “Intellectual Property.” For all purposes under this Agreement, “Intellectual Property” shall mean inventions,
discoveries, developments, methods, processes, compositions, works, concepts and ideas (whether or not patentable or copyrightable or
constituting trade secrets) conceived, made, created, developed or reduced to practice by the Executive (whether alone or with others, whether
or not during normal business hours or on or off Company premises) during the Executive’s employment and during the period of six
(6) months immediately following termination of his employment that relate to either the Products or any prospective activity of the Company
or any of its Affiliates or that make use of Confidential Information or any of the equipment or facilities of the Company or any of its
Affiliates.",[],PENDING,false,,,,data/segmentation_v3/9a5cb31024ad0a7a4916e4f122ebea4a.json,PRIORITY_UNREVIEWED,legal_clause
9a5cb31024ad0a7a4916e4f122ebea4a,9a5cb31024ad0a7a4916e4f122ebea4a_clause_057,"(h) Definition of “Involuntary Termination.” For all purposes under this Agreement, “Involuntary Termination” shall mean termination of
employment under Section 4(a)(ii) or Section 4(a)(iv).",[],PENDING,false,,,,data/segmentation_v3/9a5cb31024ad0a7a4916e4f122ebea4a.json,PRIORITY_UNREVIEWED,legal_clause
9a5cb31024ad0a7a4916e4f122ebea4a,9a5cb31024ad0a7a4916e4f122ebea4a_clause_058,"(i) Definition of “Person.” For all purposes under this Agreement, “Person” shall mean an individual, a corporation, a limited liability
company, an association, a partnership, an estate, a trust and any other entity or organization.",[],PENDING,false,,,,data/segmentation_v3/9a5cb31024ad0a7a4916e4f122ebea4a.json,PRIORITY_UNREVIEWED,legal_clause
9a5cb31024ad0a7a4916e4f122ebea4a,9a5cb31024ad0a7a4916e4f122ebea4a_clause_059,"(j) Definition of “Products.” For all purposes under this Agreement, “Products” shall mean all products planned, researched, developed,
tested, manufactured, sold, licensed, leased or otherwise distributed or put into use by the Company or any of its Affiliates, together with all
services provided or planned by the Company or any of its Affiliates, during the Executive’s employment.",[],PENDING,false,,,,data/segmentation_v3/9a5cb31024ad0a7a4916e4f122ebea4a.json,PRIORITY_UNREVIEWED,legal_clause
9a5cb31024ad0a7a4916e4f122ebea4a,9a5cb31024ad0a7a4916e4f122ebea4a_clause_060,"8.
Miscellaneous Provisions.",[],PENDING,false,,,,data/segmentation_v3/9a5cb31024ad0a7a4916e4f122ebea4a.json,PRIORITY_UNREVIEWED,legal_clause
9a5cb31024ad0a7a4916e4f122ebea4a,9a5cb31024ad0a7a4916e4f122ebea4a_clause_061,"(a) Conflicts. If any provision of this Agreement conflicts with any other agreement, policy, plan, practice or other Company document,
then the provisions of this Agreement will control. This Agreement will supersede any prior agreement between the Executive and the
Company with respect to the subject matters contained herein and may be amended only by a writing signed by an officer of the Company
(other than the Executive).",[],PENDING,false,,,,data/segmentation_v3/9a5cb31024ad0a7a4916e4f122ebea4a.json,PRIORITY_UNREVIEWED,legal_clause
9a5cb31024ad0a7a4916e4f122ebea4a,9a5cb31024ad0a7a4916e4f122ebea4a_clause_062,"(b) Notice. Notices and all other communications contemplated by this Agreement shall be in writing and shall be deemed to have been
duly given when personally delivered or when mailed by U.S. registered or certified mail, return receipt requested and postage prepaid or
deposited with an overnight courier, with shipping charges prepaid. In the case of the Executive, mailed notices shall be addressed to him or
her at the home address which he or she most recently communicated to the Company in writing. In the case of SAVVIS or the Company,
mailed notices shall be addressed to its corporate headquarters, and all notices shall be directed to the attention of SAVVIS’ Senior Vice
President and General Counsel.",[],PENDING,false,,,,data/segmentation_v3/9a5cb31024ad0a7a4916e4f122ebea4a.json,PRIORITY_UNREVIEWED,legal_clause
9a5cb31024ad0a7a4916e4f122ebea4a,9a5cb31024ad0a7a4916e4f122ebea4a_clause_063,"(c) Waiver. No provision of this Agreement shall be modified, waived or discharged unless the modification, waiver or discharge is
agreed to in writing and signed by the Executive and by an authorized officer of the Company (other than the Executive). No waiver by either
party of any breach of, or of compliance with, any condition or provision of this Agreement by the other party shall be considered a waiver of
any other condition or provision or of the same condition or provision at another time.",[],PENDING,false,,,,data/segmentation_v3/9a5cb31024ad0a7a4916e4f122ebea4a.json,PRIORITY_UNREVIEWED,legal_clause
9a5cb31024ad0a7a4916e4f122ebea4a,9a5cb31024ad0a7a4916e4f122ebea4a_clause_064,"(d) Severability. The invalidity or unenforceability of any provision or provisions of this Agreement shall not affect the validity or
enforceability of any other provision hereof, which shall remain in full force and effect.",[],PENDING,false,,,,data/segmentation_v3/9a5cb31024ad0a7a4916e4f122ebea4a.json,PRIORITY_UNREVIEWED,legal_clause
9a5cb31024ad0a7a4916e4f122ebea4a,9a5cb31024ad0a7a4916e4f122ebea4a_clause_065,"(e) No Retention Rights. Nothing in this Agreement shall confer upon the Executive any right to continue in service for any period of
specific duration or to interfere with or otherwise restrict in any way the rights of the Company or any subsidiary of the Company or of the
Executive, which rights are hereby expressly reserved by each, to terminate his or her service at any time and for any reason, with or without
Cause and with or without notice.",[],PENDING,false,,,,data/segmentation_v3/9a5cb31024ad0a7a4916e4f122ebea4a.json,PRIORITY_UNREVIEWED,legal_clause
9a5cb31024ad0a7a4916e4f122ebea4a,9a5cb31024ad0a7a4916e4f122ebea4a_clause_066,"(f) Choice of Law; Venue. The parties acknowledge that they each have, and will continue to have, substantial contacts with the State of
Missouri, where the Company has its headquarters. This Agreement has been drafted and negotiated in the State of Missouri. To ensure that
any disputes arising under this Agreement are resolved in accordance with the parties’ expectations, this Agreement shall be governed by and
construed under the laws of the State of Missouri and applicable federal laws. The substantive law (and statutes of limitations) of the State of
Missouri shall be applied to disputes arising under this Agreement, as the parties agree that their expectations with respect to the scope and
enforcement of this Agreement are based on Missouri law, and that Missouri law is therefore more applicable to such disputes. Should
Missouri law be found not to apply to this Agreement for any reason, the parties agree that the severance benefit described in Section 4 shall
not be payable, the provisions of Section 4 notwithstanding. Each party agrees that any proceeding relating to this Agreement shall be brought
in the state courts of Missouri located in St. Louis County or the federal courts of the District of Missouri, Eastern Division. Each party hereby
consents to personal jurisdiction in any such action brought in any such Missouri court, consents to service of process by the methods for
notice under Section 8(b) hereof made upon such party, and such party’s agent and waives any objection to venue in any such Missouri court
or to any claim that any such Missouri court is an inconvenient forum.",[],PENDING,false,,,,data/segmentation_v3/9a5cb31024ad0a7a4916e4f122ebea4a.json,PRIORITY_UNREVIEWED,legal_clause
9a5cb31024ad0a7a4916e4f122ebea4a,9a5cb31024ad0a7a4916e4f122ebea4a_clause_067,"(g) Attorney’s Fees. In the event of any action by either party to enforce or interpret the terms of this Agreement, the prevailing party
with respect to any particular claim shall (in addition to other relief to which it or he may be awarded) be entitled to recover his or its
attorney’s fees in a reasonable amount incurred in connection with such claim.",[],PENDING,false,,,,data/segmentation_v3/9a5cb31024ad0a7a4916e4f122ebea4a.json,PRIORITY_UNREVIEWED,legal_clause
9a5cb31024ad0a7a4916e4f122ebea4a,9a5cb31024ad0a7a4916e4f122ebea4a_clause_068,"(h) Successors. This Agreement and all rights of the parties hereunder shall inure to the benefit of, and be enforceable by, such parties’
personal or legal representatives, executors, administrators, successors, heirs and assigns, as applicable.",[],PENDING,false,,,,data/segmentation_v3/9a5cb31024ad0a7a4916e4f122ebea4a.json,PRIORITY_UNREVIEWED,legal_clause
9a5cb31024ad0a7a4916e4f122ebea4a,9a5cb31024ad0a7a4916e4f122ebea4a_clause_069,"(i) Entire Agreement. This Agreement, together with the other agreements and any documents, instruments and certificates referred to
herein, constitutes the entire agreement among the parties hereto with respect to the subject matter hereof and supersedes any and all prior
discussions, negotiations, proposals, undertakings, understandings and agreements, whether written or oral, with respect to the subject matter
contained herein.",[],PENDING,false,,,,data/segmentation_v3/9a5cb31024ad0a7a4916e4f122ebea4a.json,PRIORITY_UNREVIEWED,legal_clause
9a5cb31024ad0a7a4916e4f122ebea4a,9a5cb31024ad0a7a4916e4f122ebea4a_clause_070,"IN WITNESS WHEREOF, each of the parties has executed this Agreement, in the case of the Company by its duly authorized officer, as of the
day and year first above written.",[],PENDING,false,,,,data/segmentation_v3/9a5cb31024ad0a7a4916e4f122ebea4a.json,PRIORITY_UNREVIEWED,legal_clause
9a5cb31024ad0a7a4916e4f122ebea4a,9a5cb31024ad0a7a4916e4f122ebea4a_clause_071,"SAVVIS, INC.",[],PENDING,false,,,,data/segmentation_v3/9a5cb31024ad0a7a4916e4f122ebea4a.json,PRIORITY_UNREVIEWED,fragment
9a5cb31024ad0a7a4916e4f122ebea4a,9a5cb31024ad0a7a4916e4f122ebea4a_clause_072,"EXECUTIVE
By:

 By:

Name:",[],PENDING,false,,,,data/segmentation_v3/9a5cb31024ad0a7a4916e4f122ebea4a.json,PRIORITY_UNREVIEWED,legal_clause
9a5cb31024ad0a7a4916e4f122ebea4a,9a5cb31024ad0a7a4916e4f122ebea4a_clause_073,"Name:
Title:",[],PENDING,false,,,,data/segmentation_v3/9a5cb31024ad0a7a4916e4f122ebea4a.json,PRIORITY_UNREVIEWED,fragment
b82a10c42fc284dba9870ac7c75cd386,b82a10c42fc284dba9870ac7c75cd386_clause_000,"EX-10.29 4 cxw-ex1029_421.htm EX-10.29
 Exhibit 10.29
[CoreCivic Letterhead]",[],PENDING,false,,,,data/segmentation_v3/b82a10c42fc284dba9870ac7c75cd386.json,PRIORITY_UNREVIEWED,header
b82a10c42fc284dba9870ac7c75cd386,b82a10c42fc284dba9870ac7c75cd386_clause_001,"December 31, 2017

Harley G. Lappin
CoreCivic, Inc.
10 Burton Hills Boulevard
Nashville, TN 37215",[],PENDING,false,,,,data/segmentation_v3/b82a10c42fc284dba9870ac7c75cd386.json,UNREVIEWED,legal_clause
b82a10c42fc284dba9870ac7c75cd386,b82a10c42fc284dba9870ac7c75cd386_clause_002,"Re:
Non-Competition, Non-Solicitation and Confidentiality and Non-Disclosure during your “at-will”
employment with CoreCivic of Tennessee, LLC (""Employer"")",[],PENDING,false,,,,data/segmentation_v3/b82a10c42fc284dba9870ac7c75cd386.json,UNREVIEWED,legal_clause
b82a10c42fc284dba9870ac7c75cd386,b82a10c42fc284dba9870ac7c75cd386_clause_003,"Mr. Lappin:

As we've discussed, you previously notified CoreCivic, Inc. (""CoreCivic"" and, collectively with Employer, the
""Company"") of your intention to retire from your position as Executive Vice President and Chief Corrections Officer effective
January 1, 2018. Your Employment Agreement with the Company expires effective December 31, 2017. However,
notwithstanding the expiration of your Employment Agreement, the Company desires that you continue your employment with
Employer as an ""at will"" employee on terms and conditions established from time to time by the Employer.",[],PENDING,false,,,,data/segmentation_v3/b82a10c42fc284dba9870ac7c75cd386.json,UNREVIEWED,legal_clause
b82a10c42fc284dba9870ac7c75cd386,b82a10c42fc284dba9870ac7c75cd386_clause_004,"This letter is to clarify and confirm that, in consideration of Employer continuing your employment on an ""at will” basis
with an annual salary of $175,000.00, which shall be payable in accordance with Employer’s normal payroll practices, you agree to
be bound by and to comply with the provisions regarding non-competition, non-solicitation and confidentiality and non-disclosure
set forth on Exhibit A accompanying this letter.",[],PENDING,false,,,,data/segmentation_v3/b82a10c42fc284dba9870ac7c75cd386.json,UNREVIEWED,legal_clause
b82a10c42fc284dba9870ac7c75cd386,b82a10c42fc284dba9870ac7c75cd386_clause_005,"Please confirm your acknowledgement of and agreement with the foregoing by reviewing and signing this letter in the
space provided below.",[],PENDING,false,,,,data/segmentation_v3/b82a10c42fc284dba9870ac7c75cd386.json,UNREVIEWED,legal_clause
b82a10c42fc284dba9870ac7c75cd386,b82a10c42fc284dba9870ac7c75cd386_clause_006,"Very truly yours,
CORECIVIC, INC.",[],PENDING,false,,,,data/segmentation_v3/b82a10c42fc284dba9870ac7c75cd386.json,UNREVIEWED,legal_clause
b82a10c42fc284dba9870ac7c75cd386,b82a10c42fc284dba9870ac7c75cd386_clause_007,By: /s/ Damon T. Hininger,[],PENDING,false,,,,data/segmentation_v3/b82a10c42fc284dba9870ac7c75cd386.json,UNREVIEWED,legal_clause
b82a10c42fc284dba9870ac7c75cd386,b82a10c42fc284dba9870ac7c75cd386_clause_008,"Damon T. Hininger
President and Chief Executive Officer",[],PENDING,false,,,,data/segmentation_v3/b82a10c42fc284dba9870ac7c75cd386.json,UNREVIEWED,legal_clause
b82a10c42fc284dba9870ac7c75cd386,b82a10c42fc284dba9870ac7c75cd386_clause_009,"Confirmed and Agreed as
of the date written above:",[],PENDING,false,,,,data/segmentation_v3/b82a10c42fc284dba9870ac7c75cd386.json,UNREVIEWED,legal_clause
b82a10c42fc284dba9870ac7c75cd386,b82a10c42fc284dba9870ac7c75cd386_clause_010,"/s/ Harley G. Lappin
Harley G. Lappin",[],PENDING,false,,,,data/segmentation_v3/b82a10c42fc284dba9870ac7c75cd386.json,UNREVIEWED,legal_clause
b82a10c42fc284dba9870ac7c75cd386,b82a10c42fc284dba9870ac7c75cd386_clause_011,Exhibit A,[],PENDING,false,,,,data/segmentation_v3/b82a10c42fc284dba9870ac7c75cd386.json,PRIORITY_UNREVIEWED,header
b82a10c42fc284dba9870ac7c75cd386,b82a10c42fc284dba9870ac7c75cd386_clause_012,"Non-Competition, Non-Solicitation and Confidentiality and Non-Disclosure",[],PENDING,false,,,,data/segmentation_v3/b82a10c42fc284dba9870ac7c75cd386.json,UNREVIEWED,legal_clause
b82a10c42fc284dba9870ac7c75cd386,b82a10c42fc284dba9870ac7c75cd386_clause_013,"1.
Business Considerations. All confidential or proprietary information, including but not limited to, any programs, plans or
designs whether in hard copy or electronic format developed by, at the direction of, or with the assistance and/or collaboration of
Harley G. Lappin (""Employee"") during his employment with CoreCivic of Tennessee, LLC (together with its parent, subsidiaries
and affiliates, the ""Company""), contract terms, financial information, operating data, staffing patterns, wage levels, quality
assurance audit materials and techniques, customer lists, supplier lists, pricing policies, marketing plans, business plans or models,
marketing or lobbying information and all other information (the “Confidential & Proprietary Information”), and all other tangible
or intangible items or ideas making up the Confidential & Proprietary Information owned or developed by or related to the
Company, and the goodwill associated with them, which (i) is or was obtained or created by Employee in whole or in part as a result
of his employment with the Company, and (ii) is not generally available to the public, shall remain the sole and exclusive property
of the Company.",[],PENDING,false,,,,data/segmentation_v3/b82a10c42fc284dba9870ac7c75cd386.json,UNREVIEWED,legal_clause
b82a10c42fc284dba9870ac7c75cd386,b82a10c42fc284dba9870ac7c75cd386_clause_014,"2.
Non-Competition, Non-Solicitation. Employee hereby covenants and agrees that during the term of Employee’s
employment with the Company and for a period of one (1) year thereafter, Employee shall not, directly or indirectly: (i) own any
interest in, operate, join, control or participate as a partner, director, principal, officer or agent of, enter into the employment of, act
as a consultant to, or perform any services for any entity (each a “Competing Entity”) which has material operations which compete
with any business in which the Company or any of its subsidiaries is then engaged or, to the then existing knowledge of Employee,
proposes to engage; (ii) solicit any customer or client of the Company or any of its subsidiaries, affiliates, (other than on behalf of
the Company) with respect to any business in which the Company or any of its subsidiaries or affiliates is then engaged or, to the
then existing knowledge of Employee, proposes to engage; or (iii) induce or encourage any employee of the Company or any of its
subsidiaries to leave the employ of the Company or any of its subsidiaries; provided, that Employee may, solely as an investment,
hold not more than five percent (5%) of the combined voting securities of any publicly-traded corporation or other business entity.
The foregoing covenants and agreements of Employee are referred to herein as the “Restrictive Covenant.” Employee
acknowledges that Employee has carefully read and considered the provisions of the Restrictive Covenant and, having done so,
agrees that the restrictions set forth herein , including without limitation the time period of restriction set forth above, are fair and
reasonable and are reasonably required for the protection of the legitimate business and economic interests of the Company.
Employee further acknowledges that the Company would not have continued Employee's employment with the Company on an ""at
will"" basis absent Employee’s agreement to the foregoing. In the event that, notwithstanding the foregoing, any of the provisions of
this Exhibit A or any parts hereof shall be held to be invalid or unenforceable, the remaining provisions or parts hereof shall
nevertheless continue to be valid and enforceable as though the invalid or unenforceable portions or parts had not been included
herein. In the event that any provision of this Exhibit A relating to the time period and/or the area of restriction, if any, and/or
related aspects shall be declared by a court of competent jurisdiction to exceed the maximum restrictiveness such court deems
reasonable and enforceable, the time period and/or area of restriction and/or related aspects deemed reasonable and enforceable by
such court shall become and thereafter be the maximum restrictions in such regard, and the provisions of the Restrictive Covenant
shall remain enforceable to the fullest extent deemed reasonable by such court.",[],PENDING,false,,,,data/segmentation_v3/b82a10c42fc284dba9870ac7c75cd386.json,UNREVIEWED,legal_clause
b82a10c42fc284dba9870ac7c75cd386,b82a10c42fc284dba9870ac7c75cd386_clause_015,"3.
Confidentiality and Non-Disclosure. In consideration of the continuation of Employee's employment with the Company
on an ""at will"" basis, Employee agrees that during the term of employment with the Company and thereafter to hold in confidence
the Company's Confidential and Proprietary Information, whether communicated orally or in documentary or other tangible form.",[],PENDING,false,,,,data/segmentation_v3/b82a10c42fc284dba9870ac7c75cd386.json,UNREVIEWED,legal_clause
b82a10c42fc284dba9870ac7c75cd386,b82a10c42fc284dba9870ac7c75cd386_clause_016,"Employee recognizes that the Company has invested considerable amounts of time and money in attaining and developing all of the
information described above, and any unauthorized disclosure or release of such Confidential and Proprietary Information in any
form would irreparably harm the Company. Notwithstanding the foregoing, nothing in this Exhibit A limits rights of Employee to
file a charge or complaint with or from participating in an investigation or proceeding conducted by the Equal Employment
Opportunity Commission, National Labor Relations Board, Occupational Safety and Health Administration, the Securities and
Exchange Commission, or any other any federal, state or local agency charged with the enforcement of any laws, including
providing documents or any other information.",[],PENDING,false,,,,data/segmentation_v3/b82a10c42fc284dba9870ac7c75cd386.json,UNREVIEWED,legal_clause
b82a10c42fc284dba9870ac7c75cd386,b82a10c42fc284dba9870ac7c75cd386_clause_017,"4.
Equitable Relief. Employee agrees that it would be impossible to adequately compensate the Company and its
subsidiaries for the damage suffered by the Company or its subsidiaries as a result of Employee’s breach of any of the covenants
and obligations set forth in this Exhibit A. Accordingly, Employee agrees that if Employee breaches any such covenants and
obligations, the Company or its subsidiaries may, in addition to any other right or remedy available, obtain an injunction from a
court of competent jurisdiction restraining such breach or threatened breach and to specific performance of any such provision of
this Exhibit A. Employee further agrees that no bond or other security shall be required in obtaining such equitable relief and
Employee hereby consents to the issuance of such injunction and to the ordering of specific performance.",[],PENDING,false,,,,data/segmentation_v3/b82a10c42fc284dba9870ac7c75cd386.json,UNREVIEWED,legal_clause
c58882f7f9c693e3f6c11d0f945f395e,c58882f7f9c693e3f6c11d0f945f395e_clause_000,"EX-10.22 2 dex1022.htm NON-DISCLOSURE, NON-SOLICITATION AND NON-COMPETITION AGREEMENT
EXHIBIT 10.22",[],PENDING,false,,,,data/segmentation_v3/c58882f7f9c693e3f6c11d0f945f395e.json,PRIORITY_UNREVIEWED,header
c58882f7f9c693e3f6c11d0f945f395e,c58882f7f9c693e3f6c11d0f945f395e_clause_001,"NON-DISCLOSURE, NON-SOLICITATION AND NON-COMPETITION
In consideration of your employment (or continued employment) with or provision of services to J. Crew Group, Inc. and its affiliates
(collectively, the “Company”) and for other good and valuable consideration, receipt of which is hereby acknowledged, you agree as follows:",[],PENDING,false,,,,data/segmentation_v3/c58882f7f9c693e3f6c11d0f945f395e.json,UNREVIEWED,legal_clause
c58882f7f9c693e3f6c11d0f945f395e,c58882f7f9c693e3f6c11d0f945f395e_clause_002,"1. Agreement Not to Disclose Confidential Information. In the course of your employment with or provision of services to the Company,
you have and will have acquired and have had access to confidential or proprietary information about the Company, including but not limited to,
trade secrets, methods, models, passwords, access to computer files, financial information and records, computer software programs, agreements
and/or contracts between the Company and its vendors and suppliers, the Company’s merchandising, marketing and/or creative policies, practices,
concepts, strategies, and methods of operations, inventory, pricing and price change strategies, possible new product lines, future merchandise
designs, patterns, fabrication or fit information, internal policies, pricing policies and procedures, cost estimates, employee lists, training manuals,
financial or business projections, unannounced financial data such as sales, earnings or capital requirements, possible mergers, acquisitions or joint
ventures and information about or received from vendors and other companies with which the Company does business. The foregoing shall be
collectively referred to as “Confidential Information.” You are aware that the Confidential Information is not readily available to the public. You
agree that during your employment or provision of services and for a period of three (3) years thereafter, you will keep confidential and not disclose
the Confidential Information to anyone or use it for your own benefit or for the benefit of others, except in performing your duties as our employee
or agent. You agree that this restriction shall apply whether or not any such information is marked “confidential.”
All memoranda, disks, files, notes, records or other documents, whether in electronic form or hard copy (collectively, the “material”) compiled
by you or made available to you during your employment (whether or not the material contains confidential information) are the property of the
Company and shall be delivered to the Company on the termination of your employment or at any other time upon request. Except in connection
with your employment, you agree that you will not make or retain copies or excerpts of the material.",[],PENDING,false,,,,data/segmentation_v3/c58882f7f9c693e3f6c11d0f945f395e.json,UNREVIEWED,legal_clause
c58882f7f9c693e3f6c11d0f945f395e,c58882f7f9c693e3f6c11d0f945f395e_clause_003,"2. Agreement Not to Engage in Unfair Competition. You agree that your position with the Company requires and will continue to require
the performance of services which are special, unique, extraordinary and of an intellectual and/or artistic character and places you in a position of
confidence and trust with the Company. You further acknowledge that the rendering of services to the Company necessarily requires the disclosure
of confidential information and trade secrets of the Company. You agree that in the course of your employment with or rendering of services to the
Company, you will develop a personal acquaintanceship and relationship with the vendors and other business associates of the Company and
knowledge of their affairs and requirements. Consequently, you agree that it is reasonable and necessary for the protection of the goodwill and
business of the Company that you make the covenants contained herein. Accordingly, you agree that while you are in the Company’s employ and for
the period of twelve months after the termination of your employment, for any reason whatsoever (including “Good Reason,” as defined below), you
shall not directly or indirectly, except on behalf of the Company:
(a) render services to or accept employment, either directly as an employee or owner, or indirectly, as a paid or unpaid consultant or
independent contractor of any entity identified on Schedule A hereto (as may be updated by the Company and communicated to you from time
to time); or
(b) employ as an employee or retain as a consultant any person who is then or at any time during the preceding twelve months was an
employee of or consultant to the Company, or persuade or attempt to persuade any employee of or consultant to the Company to leave the
employ of the Company or to become employed as an employee or retained as a consultant by anyone other than the Company.",[],PENDING,false,,,,data/segmentation_v3/c58882f7f9c693e3f6c11d0f945f395e.json,UNREVIEWED,legal_clause
c58882f7f9c693e3f6c11d0f945f395e,c58882f7f9c693e3f6c11d0f945f395e_clause_004,"3. Termination Without Cause or For Good Reason. Should your employment be (a) terminated by the Company without “Cause,” as
defined below, or terminated by you for “Good Reason,” as defined below; and (b) the Company does not consent to waive any of the post-
employment restrictions contained in paragraph 2(a) above, and (c) you execute and deliver to Company a Separation Agreement and Release in a
form acceptable to the Company, and you do not revoke the Separation Agreement and Release, the Company will pay you a severance payment
equal to (i) a pro-rata portion of the bonus, if any, to which you would have otherwise been entitled as of the date of termination, to be paid, less all
applicable deductions, according to the Company’s normal bonus payment schedule (bonuses are generally paid in mid-April after the end of the
fiscal year); (ii) twelve (12) months of your then-current base salary, to be paid, less all applicable deductions, according to the Company’s normal
payroll practices for a period coextensive with the restricted period (twelve months); and (iii) during the restricted period, reimbursement for out-of-
pocket COBRA payments paid by you to continue your group health benefits, provided you submit relevant supporting documentation to the
Company evidencing such payments. Notwithstanding anything herein to the contrary, however, your right to receive the foregoing payments shall
terminate effective immediately upon the date that you become employed by another entity as an employee, consultant or otherwise, and you agree
to notify the Senior Vice-President of Human Resources in writing prior to the effective date of any such employment. If you fail to so notify the
Senior Vice-President of Human Resources, (a) you will forfeit your right to receive the payments described above (to the extent the payments were
not theretofore paid) and (b) the Company shall be entitled to recover any payments already made to you or on your behalf.
For purposes of this agreement, “Cause” shall mean gross incompetence; failure to comply with the Company’s policies including those
contained in the Company’s Code of Ethics and Business Practices; indictment, conviction or admission of any crime involving dishonesty or moral
turpitude; participation in any act of misconduct, insubordination or fraud against the Company; use of alcohol or drugs which interferes with your
performance of your duties or compromises the integrity or reputation of the Company; and excessive absence from work other than as a result of
disability. For purposes of this agreement, “Good Reason” shall mean either of the following: (i) any requirement by the Company that you report
directly to an individual other than an Executive Vice-President or functional equivalent or (ii) any action by the Company that results in a material
and continuing diminution in your duties or responsibilities, in each case without your consent and provided that the Company will have at least 30
days to remedy such situation. No payment will be required if the Company consents in its sole discretion to request by you to waive the post-
termination restrictions on your employment contained in paragraph 2(a) herein or if the conditions set forth in this Section 3 are otherwise not met.",[],PENDING,false,,,,data/segmentation_v3/c58882f7f9c693e3f6c11d0f945f395e.json,PRIORITY_UNREVIEWED,legal_clause
c58882f7f9c693e3f6c11d0f945f395e,c58882f7f9c693e3f6c11d0f945f395e_clause_005,"4. Termination With Cause or Resignation of Employment Without Good Reason. If the Company terminates your employment and such
termination is for “Cause,” as defined above, or if you resign your employment for any reason other than for “Good Reason,” as defined above, then
the Company shall pay you all wages due through the termination date. In the event of termination for Cause or your resignation other than for Good
Reason, the Company will not pay any severance, and the restrictions contained in paragraph 2(a) above will remain in full force and effect unless
waived by the Company.",[],PENDING,false,,,,data/segmentation_v3/c58882f7f9c693e3f6c11d0f945f395e.json,UNREVIEWED,legal_clause
c58882f7f9c693e3f6c11d0f945f395e,c58882f7f9c693e3f6c11d0f945f395e_clause_006,"5. Term. The term of this agreement shall be three (3) years, beginning on the date signed by you, as set forth below, and terminating on the
third anniversary of such date. At the Company’s request upon or in advance of the termination of this agreement, you will enter into discussions to
extend the terms of this agreement or negotiate in good faith an agreement of similar effect.
Notwithstanding the foregoing, in the event that your employment terminates prior to the third anniversary, you shall remain subject to the
post-termination restrictions contained in Sections 1 and 2 hereof and shall be entitled to the severance payment contained in Section 3 hereof
provided that the terms and conditions applicable thereto have been satisfied.",[],PENDING,false,,,,data/segmentation_v3/c58882f7f9c693e3f6c11d0f945f395e.json,UNREVIEWED,legal_clause
c58882f7f9c693e3f6c11d0f945f395e,c58882f7f9c693e3f6c11d0f945f395e_clause_007,"6. Injunctive Relief. You agree that any actual or threatened breach by you of the covenants set forth in paragraphs 1 and 2 of this agreement
would result in irreparable harm to the Company for which monetary damages alone would be an insufficient remedy. Thus, although nothing in this
paragraph will prohibit the Company from pursuing any remedies available to it against you under applicable law (which shall be",[],PENDING,false,,,,data/segmentation_v3/c58882f7f9c693e3f6c11d0f945f395e.json,UNREVIEWED,legal_clause
c58882f7f9c693e3f6c11d0f945f395e,c58882f7f9c693e3f6c11d0f945f395e_clause_008,"cumulative with those remedies set forth herein), you specifically agree that, in the event of any threatened or actual breach of this agreement by
you, the Company shall be entitled to a temporary restraining order and, thereafter, a preliminary and permanent injunction and other equitable relief
including, without limitation, an equitable accounting of earnings, profits, and other benefits, from a court of competent jurisdiction, as well as
reimbursement from you for any attorneys’ fees and other costs incurred by the Company in obtaining such relief. No specification in this agreement
of any legal or equitable remedy shall be construed as a waiver or prohibition against pursuing any other legal or equitable remedies in the event of a
threatened or actual breach of this agreement by you.",[],PENDING,false,,,,data/segmentation_v3/c58882f7f9c693e3f6c11d0f945f395e.json,UNREVIEWED,legal_clause
c58882f7f9c693e3f6c11d0f945f395e,c58882f7f9c693e3f6c11d0f945f395e_clause_009,"7. Severability. If any provision of this agreement, or any part thereof, is found to be invalid or unenforceable, the same shall not affect the
remaining provisions, which shall be given full effect, without regard to the invalid portions. Moreover, if any one or more of the provisions
contained in this agreement shall be held to be excessively broad as to duration, scope, activity or subject, such provisions shall be construed by
limiting and reducing them so as to be enforceable to the maximum extent with applicable law.",[],PENDING,false,,,,data/segmentation_v3/c58882f7f9c693e3f6c11d0f945f395e.json,UNREVIEWED,legal_clause
c58882f7f9c693e3f6c11d0f945f395e,c58882f7f9c693e3f6c11d0f945f395e_clause_010,"8. At-Will Employment. This agreement is limited to the foregoing terms and shall not be construed to create any relationship between you
and the Company other than at-will employment for all purposes. This agreement supersedes all agreements concerning the subject matter hereof.",[],PENDING,false,,,,data/segmentation_v3/c58882f7f9c693e3f6c11d0f945f395e.json,UNREVIEWED,legal_clause
c58882f7f9c693e3f6c11d0f945f395e,c58882f7f9c693e3f6c11d0f945f395e_clause_011,"9. Governing Law. The terms of this agreement and all rights and obligations of the parties thereto including its enforcement shall be
interpreted and governed by the laws of the state of New York.",[],PENDING,false,,,,data/segmentation_v3/c58882f7f9c693e3f6c11d0f945f395e.json,UNREVIEWED,legal_clause
c58882f7f9c693e3f6c11d0f945f395e,c58882f7f9c693e3f6c11d0f945f395e_clause_012,AGREED TO AND ACCEPTED:,[],PENDING,false,,,,data/segmentation_v3/c58882f7f9c693e3f6c11d0f945f395e.json,PRIORITY_UNREVIEWED,section_heading
c58882f7f9c693e3f6c11d0f945f395e,c58882f7f9c693e3f6c11d0f945f395e_clause_013,"Signature:

/s/ Libby Wadle",[],PENDING,false,,,,data/segmentation_v3/c58882f7f9c693e3f6c11d0f945f395e.json,UNREVIEWED,legal_clause
c58882f7f9c693e3f6c11d0f945f395e,c58882f7f9c693e3f6c11d0f945f395e_clause_014,"Print Name:

Libby Wadle
 Libby Wadle",[],PENDING,false,,,,data/segmentation_v3/c58882f7f9c693e3f6c11d0f945f395e.json,UNREVIEWED,legal_clause
c58882f7f9c693e3f6c11d0f945f395e,c58882f7f9c693e3f6c11d0f945f395e_clause_015,"Date:
8/8/06

SCHEDULE A TO NON-DISCLOSURE,
NON-SOLICITATION AND NON-COMPETITION AGREEMENT
Unless waived in writing by the Company, the post-termination restrictions on employment contained in paragraph 2(a) above shall apply to
employment with the following entities, as well as their parent and subsidiary companies:
A&F Brands
Ann Taylor
American Eagle Outfitters Brands
Armani Exchange
Barney’s
Brooks Brothers
Calvin Klein
Children’s Place
Coach
Cole Haan
Eddie Bauer
Gap Brands
Gymboree Brands
Limited Brands
Lucky Brand
LVMH
Ralph Lauren brands
Theory
Tommy Hilfiger
Urban Outfitters
Any retail apparel start-up operated by one of the above companies",[],PENDING,false,,,,data/segmentation_v3/c58882f7f9c693e3f6c11d0f945f395e.json,UNREVIEWED,legal_clause
d4566b17b742d10442e98756b95a2730,d4566b17b742d10442e98756b95a2730_clause_000,"EX-99.6 7 dex996.htm MUTUAL NON-DISCLOSURE/CONFIDENTIALITY AGREEMENT
Exhibit 6",[],PENDING,false,,,,data/segmentation_v3/d4566b17b742d10442e98756b95a2730.json,UNREVIEWED,legal_clause
d4566b17b742d10442e98756b95a2730,d4566b17b742d10442e98756b95a2730_clause_001,MUTUAL NON-DISCLOSURE/CONFIDENTIALITY AGREEMENT,[],PENDING,false,,,,data/segmentation_v3/d4566b17b742d10442e98756b95a2730.json,PRIORITY_UNREVIEWED,section_heading
d4566b17b742d10442e98756b95a2730,d4566b17b742d10442e98756b95a2730_clause_002,"This Mutual Non-Disclosure/Confidentiality Agreement is entered into on 2 September, 2004, by and between nStor Corporation, Inc. (“nStor”), a
Delaware (USA) Corporation, and Xyratex Technology Limited, Langstone Technology Park, Langstone Road, Havant, Hampshire PO9 1SA a
company incorporated in England (‘Xyratex’) (collectively the ‘Parties’) for the purpose of sharing technical, business and financial information to
foster potential mutually beneficial business relationships.",[],PENDING,false,,,,data/segmentation_v3/d4566b17b742d10442e98756b95a2730.json,UNREVIEWED,legal_clause
d4566b17b742d10442e98756b95a2730,d4566b17b742d10442e98756b95a2730_clause_003,"1. Confidential Information. Confidential Information does not need to be marked as such and is defined as any and all technical, business
financial and other information belonging to either party, including but not limited to products, descriptions, drawings, bills of material, assembly
drawings, compositions, business plans, financial information, trade secrets, know how, inventions, manufacturing techniques and processes,
marketing and sales processes and techniques, customer lists, price lists, suppliers, current and future product developments.",[],PENDING,false,,,,data/segmentation_v3/d4566b17b742d10442e98756b95a2730.json,UNREVIEWED,legal_clause
d4566b17b742d10442e98756b95a2730,d4566b17b742d10442e98756b95a2730_clause_004,"Confidential Information shall not include information, technical data or knowledge which:",[],PENDING,false,,,,data/segmentation_v3/d4566b17b742d10442e98756b95a2730.json,UNREVIEWED,legal_clause
d4566b17b742d10442e98756b95a2730,d4566b17b742d10442e98756b95a2730_clause_005,"a.
is already known to the Receiving Party;",[],PENDING,false,,,,data/segmentation_v3/d4566b17b742d10442e98756b95a2730.json,UNREVIEWED,legal_clause
d4566b17b742d10442e98756b95a2730,d4566b17b742d10442e98756b95a2730_clause_006,"b.
is or becomes publicly known through no wrongful act of the Receiving Party;",[],PENDING,false,,,,data/segmentation_v3/d4566b17b742d10442e98756b95a2730.json,UNREVIEWED,legal_clause
d4566b17b742d10442e98756b95a2730,d4566b17b742d10442e98756b95a2730_clause_007,"c.
is rightfully received from a third party without restrictions and without breach of this Agreement;",[],PENDING,false,,,,data/segmentation_v3/d4566b17b742d10442e98756b95a2730.json,UNREVIEWED,legal_clause
d4566b17b742d10442e98756b95a2730,d4566b17b742d10442e98756b95a2730_clause_008,"d.
is independently developed by the Receiving Party;",[],PENDING,false,,,,data/segmentation_v3/d4566b17b742d10442e98756b95a2730.json,UNREVIEWED,legal_clause
d4566b17b742d10442e98756b95a2730,d4566b17b742d10442e98756b95a2730_clause_009,"e.
is approved for release by written authorization of the disclosing party; or",[],PENDING,false,,,,data/segmentation_v3/d4566b17b742d10442e98756b95a2730.json,UNREVIEWED,legal_clause
d4566b17b742d10442e98756b95a2730,d4566b17b742d10442e98756b95a2730_clause_010,"f.
if orally disclosed by one party to the other and within thirty (30) days after the oral disclosure, the disclosing party does not so identify
it in writing as Confidential Information. Neither party will disclose to third parties or fail to treat as Confidential Information any
information received orally from the disclosing party unless the disclosing party fails for thirty (30) days after such disclosure to identify
the information disclosed as being confidential or proprietary.",[],PENDING,false,,,,data/segmentation_v3/d4566b17b742d10442e98756b95a2730.json,UNREVIEWED,legal_clause
d4566b17b742d10442e98756b95a2730,d4566b17b742d10442e98756b95a2730_clause_011,"2. Term. This Agreement shall commence when executed and continue for a period of one (1) year. The Parties agree that from the date of first
receipt, and for a period of three (3) years following the last disclosure of Confidential Information, the party receiving the Confidential Information
(the “Receiving Party”) shall not disclose the Confidential Information to any other person, or entity, or use for its own benefit except as provided in
this Agreement and shall use the same degree of care to avoid publication or dissemination of such information as it does for its own confidential
information which it does not desire to have published or disseminated. These efforts shall specifically include document control measures, such as
numbered copies and sign out logs, and imposing on all employees, agents and other representatives of the Receiving Party restrictions at least as
strict as required by this Agreement.",[],PENDING,false,,,,data/segmentation_v3/d4566b17b742d10442e98756b95a2730.json,UNREVIEWED,legal_clause
d4566b17b742d10442e98756b95a2730,d4566b17b742d10442e98756b95a2730_clause_012,"3. Marking. All information disclosed under this Agreement is deemed Confidential Information whether or not it is so marked. It is the intent of the
Parties to mark information as confidential and/or proprietary prior to release to the Receiving Party. However, such markings may be overlooked
and or disclosed verbally or visually and shall not diminish the value of its confidentiality.",[],PENDING,false,,,,data/segmentation_v3/d4566b17b742d10442e98756b95a2730.json,UNREVIEWED,legal_clause
d4566b17b742d10442e98756b95a2730,d4566b17b742d10442e98756b95a2730_clause_013,"4. Return of Confidential Information. All Confidential Information and any copies and extracts thereof shall be promptly returned to the
disclosing party or at any time within thirty (30) days of receipt of a written request by the disclosing party for the return of such Confidential
Information. If authorized by the disclosing party, such Confidential Information may be destroyed by the Receiving Party if such destruction is
certified by the Receiving Party to the satisfaction of the disclosing party.",[],PENDING,false,,,,data/segmentation_v3/d4566b17b742d10442e98756b95a2730.json,UNREVIEWED,legal_clause
d4566b17b742d10442e98756b95a2730,d4566b17b742d10442e98756b95a2730_clause_014,"5. No License Granted. Nothing contained in this Agreement shall be construed as granting or conferring any rights by license, express, implied or
otherwise, for any information, discovery or improvements made, conceived, or acquired after the date of this Agreement, or for any invention,
discovery, or improvement made, conceived, or acquired after the date of this Agreement, or for any invention, discovery, or improvement made,
conceived or acquired prior to the date of this Agreement.",[],PENDING,false,,,,data/segmentation_v3/d4566b17b742d10442e98756b95a2730.json,UNREVIEWED,legal_clause
d4566b17b742d10442e98756b95a2730,d4566b17b742d10442e98756b95a2730_clause_015,"6. Limitation on Use and Disclosure of Confidential Information. Confidential Information shall be used solely for the purpose of sharing
technical, business and financial information to foster potential mutually beneficial business relationships.",[],PENDING,false,,,,data/segmentation_v3/d4566b17b742d10442e98756b95a2730.json,UNREVIEWED,legal_clause
d4566b17b742d10442e98756b95a2730,d4566b17b742d10442e98756b95a2730_clause_016,"(a)
Confidential Information shall not be copied or reproduced by the Receiving Party, except for such copies as may be reasonably required
for accomplishment of the purposes stated herein;",[],PENDING,false,,,,data/segmentation_v3/d4566b17b742d10442e98756b95a2730.json,UNREVIEWED,legal_clause
d4566b17b742d10442e98756b95a2730,d4566b17b742d10442e98756b95a2730_clause_017,"(b)
Confidential Information shall be disclosed only to employees, agents, and other parties of the Receiving Party who have a “need to
know” in connection with the purposes stated herein; and",[],PENDING,false,,,,data/segmentation_v3/d4566b17b742d10442e98756b95a2730.json,UNREVIEWED,legal_clause
d4566b17b742d10442e98756b95a2730,d4566b17b742d10442e98756b95a2730_clause_018,"(c)
This Agreement shall not restrict the disclosure or use of information that:",[],PENDING,false,,,,data/segmentation_v3/d4566b17b742d10442e98756b95a2730.json,UNREVIEWED,legal_clause
d4566b17b742d10442e98756b95a2730,d4566b17b742d10442e98756b95a2730_clause_019,"(i)
was in the public domain at the time of disclosure or thereafter enters the public domain through no breach of this
Agreement by the Receiving Party;",[],PENDING,false,,,,data/segmentation_v3/d4566b17b742d10442e98756b95a2730.json,UNREVIEWED,legal_clause
d4566b17b742d10442e98756b95a2730,d4566b17b742d10442e98756b95a2730_clause_020,"(ii)
was, at the time of the receipt by the Receiving Party, otherwise known to the Receiving Party without restrictions as to the
use or disclosure;",[],PENDING,false,,,,data/segmentation_v3/d4566b17b742d10442e98756b95a2730.json,UNREVIEWED,legal_clause
d4566b17b742d10442e98756b95a2730,d4566b17b742d10442e98756b95a2730_clause_021,"(iii)
becomes known to the Receiving Party from a source other than the disclosing party without breach of this Agreement by
the Receiving Party; or",[],PENDING,false,,,,data/segmentation_v3/d4566b17b742d10442e98756b95a2730.json,UNREVIEWED,legal_clause
d4566b17b742d10442e98756b95a2730,d4566b17b742d10442e98756b95a2730_clause_022,"(iv)
is developed independently by the Receiving Party and without reliance upon the Confidential Information disclosed
herein.",[],PENDING,false,,,,data/segmentation_v3/d4566b17b742d10442e98756b95a2730.json,UNREVIEWED,legal_clause
d4566b17b742d10442e98756b95a2730,d4566b17b742d10442e98756b95a2730_clause_023,7. Trading Limitations. The Parties’ will comply with any applicable United States securities laws.,[],PENDING,false,,,,data/segmentation_v3/d4566b17b742d10442e98756b95a2730.json,UNREVIEWED,legal_clause
d4566b17b742d10442e98756b95a2730,d4566b17b742d10442e98756b95a2730_clause_024,8. Arbitration and Equitable Relief.,[],PENDING,false,,,,data/segmentation_v3/d4566b17b742d10442e98756b95a2730.json,UNREVIEWED,legal_clause
d4566b17b742d10442e98756b95a2730,d4566b17b742d10442e98756b95a2730_clause_025,"(a)
Arbitration. Except as provided herein, the Parties agree that any dispute or controversy arising out of or relating to any interpretation,
construction, performance or breach of this Agreement shall be settled by arbitration to be held in San Diego County, California, USA in
accordance with the Commercial Arbitration Rules then in effect for the American Arbitration Association. The arbitrator may grant
injunctions or other relief in such dispute or controversy. In the event of arbitration, the Parties may undertake a reasonable amount of
discovery. The decision of the arbitrator shall be final, conclusive and binding on the parties to the arbitration. Judgement may be entered
on the arbitrator’s decision in any court having jurisdiction.",[],PENDING,false,,,,data/segmentation_v3/d4566b17b742d10442e98756b95a2730.json,UNREVIEWED,legal_clause
d4566b17b742d10442e98756b95a2730,d4566b17b742d10442e98756b95a2730_clause_026,"(b)
Equitable Remedies. The Parties agree that it would be impossible or inadequate to measure and calculate damages from any breach of
the covenants set forth herein. Accordingly, the Parties agree that if in the event of a breach of the covenants contained in this
Agreement, the affected party will have available, in addition to any other right or remedy available, the right to obtain an injunction
from a court of competent jurisdiction restraining such breach or threatened breach and to specify performance of any such provision of
the Agreement. The Parties further agree that no bond or other security shall be required in obtaining such equitable relief and the Parties
hereby consent to the issuance of such injunction and to the ordering of specific performance.",[],PENDING,false,,,,data/segmentation_v3/d4566b17b742d10442e98756b95a2730.json,UNREVIEWED,legal_clause
d4566b17b742d10442e98756b95a2730,d4566b17b742d10442e98756b95a2730_clause_027,"9. Legal Expenses. If any action or proceeding is brought for enforcement of this Agreement, or because of an alleged or actual dispute, breach,
default, or misrepresentation in connection with any of the provisions of this Agreement, the successful or prevailing party shall be entitled to
recover reasonable attorney’s fees and other costs incurred in such action or proceeding in addition to any other relief to which it may be entitled.",[],PENDING,false,,,,data/segmentation_v3/d4566b17b742d10442e98756b95a2730.json,UNREVIEWED,legal_clause
d4566b17b742d10442e98756b95a2730,d4566b17b742d10442e98756b95a2730_clause_028,10. General Provisions.,[],PENDING,false,,,,data/segmentation_v3/d4566b17b742d10442e98756b95a2730.json,UNREVIEWED,legal_clause
d4566b17b742d10442e98756b95a2730,d4566b17b742d10442e98756b95a2730_clause_029,"(a)
Governing Law. This Agreement shall be governed by the laws of the United States of America, State of California.",[],PENDING,false,,,,data/segmentation_v3/d4566b17b742d10442e98756b95a2730.json,UNREVIEWED,legal_clause
d4566b17b742d10442e98756b95a2730,d4566b17b742d10442e98756b95a2730_clause_030,"(b)
Severability. If one or more of the provisions in this Agreement is deemed void by law, then the remaining provisions will continue in
full force and effect.",[],PENDING,false,,,,data/segmentation_v3/d4566b17b742d10442e98756b95a2730.json,UNREVIEWED,legal_clause
d4566b17b742d10442e98756b95a2730,d4566b17b742d10442e98756b95a2730_clause_031,"(c)
Successor and Assigns. This Agreement will be binding upon the successors and/or assignees of the Parties.",[],PENDING,false,,,,data/segmentation_v3/d4566b17b742d10442e98756b95a2730.json,UNREVIEWED,legal_clause
d4566b17b742d10442e98756b95a2730,d4566b17b742d10442e98756b95a2730_clause_032,"(d)
Headings. All headings used herein are intended for reference purposes only and shall not affect the interpretation or validity of this
Agreement.",[],PENDING,false,,,,data/segmentation_v3/d4566b17b742d10442e98756b95a2730.json,UNREVIEWED,legal_clause
d4566b17b742d10442e98756b95a2730,d4566b17b742d10442e98756b95a2730_clause_033,"11. Obligations. Neither party has an obligation under this Agreement to purchase any service or item from the other party. Neither party has an
obligation under this Agreement to offer for sale or license products using or incorporating the Confidential Information. Either party may, at its sole
discretion, offer products for sale or license using its own information but not the Confidential Information of the other and may modify or
discontinue sales at",[],PENDING,false,,,,data/segmentation_v3/d4566b17b742d10442e98756b95a2730.json,UNREVIEWED,legal_clause
d4566b17b742d10442e98756b95a2730,d4566b17b742d10442e98756b95a2730_clause_034,"2

any time. This Agreement shall not constitute, create, give effect to, or otherwise imply a joint venture, pooling arrangement, partnership, or formal
business organization of any kind, nor shall it constitute, create, give effect to, or otherwise imply an obligation or commitment on the part of either
party to submit a proposal to or perform a contract with the other party. Nothing herein shall be construed as providing for the sharing of profits or
losses arising out of the efforts of either or both parties. Neither party will be liable to the other party for any costs, expense, risks, or liabilities
arising out of the other party’s efforts in connection with this Agreement.",[],PENDING,false,,,,data/segmentation_v3/d4566b17b742d10442e98756b95a2730.json,UNREVIEWED,legal_clause
d4566b17b742d10442e98756b95a2730,d4566b17b742d10442e98756b95a2730_clause_035,"12. Entire Understanding. This Agreement contains the entire understanding between the Parties concerning the subject matter hereof, superseding
all prior contemporaneous communications, agreements and understandings between the Parties with respect to the disclosure and protection of
Confidential Information. The rights and obligations of the Parties shall be limited to those expressly set forth herein.",[],PENDING,false,,,,data/segmentation_v3/d4566b17b742d10442e98756b95a2730.json,UNREVIEWED,legal_clause
d4566b17b742d10442e98756b95a2730,d4566b17b742d10442e98756b95a2730_clause_036,"nStor Corporation, Inc.",[],PENDING,false,,,,data/segmentation_v3/d4566b17b742d10442e98756b95a2730.json,UNREVIEWED,legal_clause
d4566b17b742d10442e98756b95a2730,d4566b17b742d10442e98756b95a2730_clause_037,"Xyratex Technology Limited
/s/ Steve Aleshire",[],PENDING,false,,,,data/segmentation_v3/d4566b17b742d10442e98756b95a2730.json,UNREVIEWED,legal_clause
d4566b17b742d10442e98756b95a2730,d4566b17b742d10442e98756b95a2730_clause_038,"/s/ Matt Cornell
Authorized Signature",[],PENDING,false,,,,data/segmentation_v3/d4566b17b742d10442e98756b95a2730.json,UNREVIEWED,legal_clause
d4566b17b742d10442e98756b95a2730,d4566b17b742d10442e98756b95a2730_clause_039,Authorized Signature,[],PENDING,false,,,,data/segmentation_v3/d4566b17b742d10442e98756b95a2730.json,UNREVIEWED,legal_clause
d4566b17b742d10442e98756b95a2730,d4566b17b742d10442e98756b95a2730_clause_040,"Matt Cornell
Steve Aleshire",[],PENDING,false,,,,data/segmentation_v3/d4566b17b742d10442e98756b95a2730.json,UNREVIEWED,legal_clause
d4566b17b742d10442e98756b95a2730,d4566b17b742d10442e98756b95a2730_clause_041,"Print Name

Print Name",[],PENDING,false,,,,data/segmentation_v3/d4566b17b742d10442e98756b95a2730.json,UNREVIEWED,legal_clause
d4566b17b742d10442e98756b95a2730,d4566b17b742d10442e98756b95a2730_clause_042,"Executive VP – Storage Systems
COO",[],PENDING,false,,,,data/segmentation_v3/d4566b17b742d10442e98756b95a2730.json,UNREVIEWED,legal_clause
d4566b17b742d10442e98756b95a2730,d4566b17b742d10442e98756b95a2730_clause_043,"Title

Title
September 3, 2004",[],PENDING,false,,,,data/segmentation_v3/d4566b17b742d10442e98756b95a2730.json,UNREVIEWED,legal_clause
d4566b17b742d10442e98756b95a2730,d4566b17b742d10442e98756b95a2730_clause_044,"9/3/04
Date

Date

3",[],PENDING,false,,,,data/segmentation_v3/d4566b17b742d10442e98756b95a2730.json,UNREVIEWED,legal_clause
d714d261edc4d361e7d2ebabccaada50,d714d261edc4d361e7d2ebabccaada50_clause_000,"EX-10.2 3 exhibit102-confidentiality.htm EXHIBIT 10.2
Exhibit A",[],PENDING,false,,,,data/segmentation_v3/d714d261edc4d361e7d2ebabccaada50.json,PRIORITY_UNREVIEWED,header
d714d261edc4d361e7d2ebabccaada50,d714d261edc4d361e7d2ebabccaada50_clause_001,"CONFIDENTIALITY, NON-INTERFERENCE, AND INVENTION ASSIGNMENT AGREEMENT
As a condition of my becoming employed by, or continuing employment with, HealthEquity, Inc., a Delaware
corporation (the “Company”), and in consideration of my employment with the Company and my receipt of the
compensation now and hereafter paid to me by the Company, I agree to the following terms set forth in this
Confidentiality, Non-Interference, and Invention Assignment Agreement (this “Non-Interference Agreement”):",[],PENDING,false,,,,data/segmentation_v3/d714d261edc4d361e7d2ebabccaada50.json,UNREVIEWED,legal_clause
d714d261edc4d361e7d2ebabccaada50,d714d261edc4d361e7d2ebabccaada50_clause_002,Section 1. Confidential Information.,[],PENDING,false,,,,data/segmentation_v3/d714d261edc4d361e7d2ebabccaada50.json,UNREVIEWED,legal_clause
d714d261edc4d361e7d2ebabccaada50,d714d261edc4d361e7d2ebabccaada50_clause_003,"(a) Company Group Information. I acknowledge that, during the course of my employment, I will have access
to information about the Company and its direct and indirect subsidiaries and affiliates (collectively, the “Company
Group”) and that my employment with the Company shall bring me into close contact with confidential and proprietary
information of any member of the Company Group. In recognition of the foregoing, I agree, at all times during the term
of my employment with the Company and thereafter, to hold in confidence, and not to use, except for the benefit of any
member of the Company Group, or to disclose to any person, firm, corporation, or other entity without written
authorization of the Company, any Confidential Information that I obtain or create. I further agree not to make copies of
such Confidential Information except as authorized by the Company. I understand that “Confidential Information”
means information that any member of the Company Group has developed, acquired, created, compiled, discovered, or
owned or will develop, acquire, create, compile, discover, or own, that has value in or to the business of any member of
the Company Group that is not generally known and that the Company wishes to maintain as confidential. I understand
that Confidential Information includes, but is not limited to, any and all non-public information that relates to the actual
or anticipated business and/or products, research, or development of the Company, or to the Company’s technical data,
trade secrets, or know-how, including, but not limited to, research, product plans, or other information regarding the
Company’s products or services and markets, customer lists, and customers (including, but not limited to, customers of
the Company on whom I called or with whom I may become acquainted during the term of my employment), software,
developments, inventions, processes, formulas, technology, designs, drawings, engineering, hardware configuration
information, marketing, finances, and other business information disclosed by the Company either directly or indirectly
in writing, orally, or by drawings or inspection of premises, parts, equipment, or other Company property.
Notwithstanding the foregoing, Confidential Information shall not include (i) any of the foregoing items that have
become publicly and widely known through no unauthorized disclosure by me or others who were under confidentiality
obligations as to the item or items involved, or (ii) any information that I am required to disclose to, or by, any
governmental or judicial authority; provided, however, that in such event I will give the Company prompt written notice
thereof so that any member of the Company Group may seek an appropriate protective order and/or waive in writing
compliance with the confidentiality provisions of this Non-Interference Agreement.
A-1",[],PENDING,false,,,,data/segmentation_v3/d714d261edc4d361e7d2ebabccaada50.json,UNREVIEWED,legal_clause
d714d261edc4d361e7d2ebabccaada50,d714d261edc4d361e7d2ebabccaada50_clause_004,"(b) Former Employer Information. I represent that my performance of all of the terms of this Non-Interference
Agreement as an employee of the Company has not breached and will not breach any agreement to keep in confidence
proprietary information, knowledge, or data acquired by me in confidence or trust prior or subsequent to the
commencement of my employment with the Company, and I will not disclose to any member of the Company Group, or
induce any member of the Company Group to use, any developments, or confidential or proprietary information or
material I may have obtained in connection with employment with any prior employer in violation of a confidentiality
agreement, nondisclosure agreement, or similar agreement with such prior employer.",[],PENDING,false,,,,data/segmentation_v3/d714d261edc4d361e7d2ebabccaada50.json,UNREVIEWED,legal_clause
d714d261edc4d361e7d2ebabccaada50,d714d261edc4d361e7d2ebabccaada50_clause_005,"(c) Third Party Information. I understand that the Company Group has received and in the future may receive
from third parties confidential or proprietary information (“Third Party Information”) subject to a duty on the Company
Group’s part to maintain the confidentiality of such information and to use it only for certain limited purposes. In
recognition of the foregoing, I agree, at all times during the period of my employment with the Company (the
“Employment Period”) and thereafter, to hold in confidence and will not disclose to anyone (other than Company Group
personnel who need to know such information in connection with their work for the Company Group), and not to use,
except for the benefit of the Company Group, Third Party Information without the express prior written consent of an
officer of the Company and otherwise treat Third Party Information as Confidential Information.",[],PENDING,false,,,,data/segmentation_v3/d714d261edc4d361e7d2ebabccaada50.json,UNREVIEWED,legal_clause
d714d261edc4d361e7d2ebabccaada50,d714d261edc4d361e7d2ebabccaada50_clause_006,(d) Whistleblower; Defend Trade Secrets Act Disclosure.,[],PENDING,false,,,,data/segmentation_v3/d714d261edc4d361e7d2ebabccaada50.json,UNREVIEWED,legal_clause
d714d261edc4d361e7d2ebabccaada50,d714d261edc4d361e7d2ebabccaada50_clause_007,"(i) In addition, I understand that nothing in this Agreement shall be construed to prohibit me from
reporting possible violations of law or regulation to any governmental agency or regulatory body or making other
disclosures that are protected under any law or regulation, or from filing a charge with or participating in any
investigation or proceeding conducted by any governmental agency or regulatory body.",[],PENDING,false,,,,data/segmentation_v3/d714d261edc4d361e7d2ebabccaada50.json,UNREVIEWED,legal_clause
d714d261edc4d361e7d2ebabccaada50,d714d261edc4d361e7d2ebabccaada50_clause_008,"(ii) I understand that the Defend Trade Secrets Act provides that I may not be held criminally or civilly
liable under any Federal or state trade secret law for the disclosure of a trade secret that is made in confidence to a
Federal, state, or local government official, either directly or indirectly, or to an attorney, and solely for the purpose of
reporting or investigating a suspected violation of law; or that is made in a complaint or other document filed in a lawsuit
or other proceeding, if such filing is made under seal. In the event that I file a lawsuit for retaliation by any member of
the Company Group for reporting a suspected violation of law, I may disclose the trade secret to my attorney and use the
trade secret information in the court proceeding, if I file any document containing the trade secret under seal and do not
disclose the trade secret, except pursuant to court order.",[],PENDING,false,,,,data/segmentation_v3/d714d261edc4d361e7d2ebabccaada50.json,UNREVIEWED,legal_clause
d714d261edc4d361e7d2ebabccaada50,d714d261edc4d361e7d2ebabccaada50_clause_009,Section 2. Developments.,[],PENDING,false,,,,data/segmentation_v3/d714d261edc4d361e7d2ebabccaada50.json,UNREVIEWED,legal_clause
d714d261edc4d361e7d2ebabccaada50,d714d261edc4d361e7d2ebabccaada50_clause_010,"(a) Developments Retained and Licensed. I have attached hereto, as Schedule A, a list describing with
particularity all developments, original works of authorship, improvements, and trade secrets that I can demonstrate
were created or owned by me prior to the
A-2",[],PENDING,false,,,,data/segmentation_v3/d714d261edc4d361e7d2ebabccaada50.json,UNREVIEWED,legal_clause
d714d261edc4d361e7d2ebabccaada50,d714d261edc4d361e7d2ebabccaada50_clause_011,"commencement of my employment (collectively referred to as “Prior Developments”), which belong solely to me or
belong to me jointly with another, that relate in any way to any of the actual or proposed businesses, products, or
research and development of any member of the Company Group, and that are not assigned to the Company hereunder,
or if no such list is attached, I represent that there are no such Prior Developments. If, during any period during which I
perform or performed services for any member of the Company Group both before or after the date hereof (the
“Assignment Period”), whether as an officer, employee, director, independent contractor, consultant, or agent, or in any
other capacity, I incorporate (or have incorporated) into any member of the Company Group’s product or process a Prior
Development owned by me or in which I have an interest, I hereby grant each member of the Company Group, and each
member of the Company Group shall have, a non-exclusive, royalty-free, irrevocable, perpetual, transferable worldwide
license (with the right to sublicense) to make, have made, copy, modify, make derivative works of, use, sell, and
otherwise distribute such Prior Development as part of or in connection with such product or process.",[],PENDING,false,,,,data/segmentation_v3/d714d261edc4d361e7d2ebabccaada50.json,UNREVIEWED,legal_clause
d714d261edc4d361e7d2ebabccaada50,d714d261edc4d361e7d2ebabccaada50_clause_012,"(b) Assignment of Developments. I agree that I will, without additional compensation, promptly make full
written disclosure to the Company, and will hold in trust for the sole right and benefit of the Company all developments,
original works of authorship, inventions, concepts, know-how, improvements, trade secrets, and similar proprietary
rights, whether or not patentable or registrable under copyright or similar laws, which I may solely or jointly conceive
or develop or reduce to practice, or have solely or jointly conceived or developed or reduced to practice, or have caused
or may cause to be conceived or developed or reduced to practice, during the Assignment Period, whether or not during
regular working hours, provided they either (i) relate at the time of conception, development or reduction to practice to
the business of any member of the Company Group, or the actual or anticipated research or development of any
member of the Company Group; (ii) result from or relate to any work performed for any member of the Company
Group; or (iii) are developed through the use of equipment, supplies, or facilities of any member of the Company
Group, or any Confidential Information, or in consultation with personnel of any member of the Company Group
(collectively referred to as “Developments”). I further acknowledge that all Developments made by me (solely or jointly
with others) within the scope of and during the Assignment Period are “works made for hire” (to the greatest extent
permitted by applicable law) for which I am, in part, compensated by my salary, unless regulated otherwise by law, but
that, in the event any such Development is deemed not to be a work made for hire, I hereby assign to the Company, or
its designee, all my right, title, and interest throughout the world in and to any such Development. If any Developments
cannot be assigned, I hereby grant to each member of the Company Group an exclusive, assignable, irrevocable,
perpetual, worldwide, sublicenseable (through one or multiple tiers), royalty-free, unlimited license to use, make,
modify, sell, offer for sale, reproduce, distribute, create derivative works of, publicly perform, publicly display and
digitally perform and display such work in any media now known or hereafter known. Outside the scope of my service,
whether during or after my employment with any member of the Company Group, I agree not to (i) modify, adapt, alter,
translate, or create derivative works from any such work of authorship or (ii) merge any such work of authorship with
other Developments. To the extent rights related to paternity, integrity, disclosure and withdrawal (collectively, “Moral
Rights”) may not be assignable under applicable law and to the extent the
A-3",[],PENDING,false,,,,data/segmentation_v3/d714d261edc4d361e7d2ebabccaada50.json,UNREVIEWED,legal_clause
d714d261edc4d361e7d2ebabccaada50,d714d261edc4d361e7d2ebabccaada50_clause_013,"following is allowed by the laws in the various countries where Moral Rights exist, I hereby irrevocably waive such
Moral Rights and consent to any action of any member of the Company Group that would violate such Moral Rights in
the absence of such consent.",[],PENDING,false,,,,data/segmentation_v3/d714d261edc4d361e7d2ebabccaada50.json,UNREVIEWED,legal_clause
d714d261edc4d361e7d2ebabccaada50,d714d261edc4d361e7d2ebabccaada50_clause_014,"(c) Maintenance of Records. I agree to keep and maintain adequate and current written records of all
Developments made by me (solely or jointly with others) during the Assignment Period. The records may be in the
form of notes, sketches, drawings, flow charts, electronic data or recordings, and any other format. The records will be
available to and remain the sole property of any member of the Company Group at all times. I agree not to remove such
records from the Company’s place of business except as expressly permitted by Company Group policy, which may,
from time to time, be revised at the sole election of such member of the Company Group for the purpose of furthering
the business of such member of the Company Group.",[],PENDING,false,,,,data/segmentation_v3/d714d261edc4d361e7d2ebabccaada50.json,UNREVIEWED,legal_clause
d714d261edc4d361e7d2ebabccaada50,d714d261edc4d361e7d2ebabccaada50_clause_015,"(d) Intellectual Property Rights. I agree to assist the Company, or its designee, at the Company’s expense, in
every way to secure the rights of each member of the Company Group in the Developments and any copyrights, patents,
trademarks, service marks, database rights, domain names, mask work rights, moral rights, and other intellectual
property rights relating thereto in any and all countries, including the disclosure to the Company of all pertinent
information and data with respect thereto, the execution of all applications, specifications, oaths, assignments,
recordations, and all other instruments that the Company shall deem necessary in order to apply for, obtain, maintain,
and transfer such rights and in order to assign and convey to each member of the Company Group the sole and
exclusive right, title, and interest in and to such Developments, and any intellectual property and other proprietary rights
relating thereto. I further agree that my obligation to execute or cause to be executed, when it is in my power to do so,
any such instrument or papers shall continue after the Assignment Period until the expiration of the last such intellectual
property right to expire in any country of the world; provided, however, the Company shall reimburse me for my
reasonable expenses incurred in connection with carrying out the foregoing obligation. If the Company is unable
because of my mental or physical incapacity or unavailability for any other reason to secure my signature to apply for or
to pursue any application for any United States or foreign patents or copyright registrations covering Developments or
original works of authorship assigned to the Company as above, then I hereby irrevocably designate and appoint the
Company and its duly authorized officers and agents as my agent and attorney in fact to act for and in my behalf and
stead to execute and file any such applications or records and to do all other lawfully permitted acts to further the
application for, prosecution, issuance, maintenance, and transfer of letters patent or registrations thereon with the same
legal force and effect as if originally executed by me. I hereby waive and irrevocably quitclaim to the Company any and
all claims, of any nature whatsoever, that I now or hereafter have for past, present, or future infringement of any and all
proprietary rights assigned to the Company.",[],PENDING,false,,,,data/segmentation_v3/d714d261edc4d361e7d2ebabccaada50.json,UNREVIEWED,legal_clause
d714d261edc4d361e7d2ebabccaada50,d714d261edc4d361e7d2ebabccaada50_clause_016,"Section 3. Returning Company Group Documents.
I agree that, at the time of termination of my employment with the Company for any reason, I will deliver to the
Company (and will not keep in my possession, recreate, or deliver to
A-4",[],PENDING,false,,,,data/segmentation_v3/d714d261edc4d361e7d2ebabccaada50.json,UNREVIEWED,legal_clause
d714d261edc4d361e7d2ebabccaada50,d714d261edc4d361e7d2ebabccaada50_clause_017,"anyone else) any and all Confidential Information and all other documents, materials, information, and property
developed by me pursuant to my employment or otherwise belonging to the Company. I agree further that any property
situated on the Company’s premises and owned by the Company (or any other member of the Company Group),
including disks and other storage media, filing cabinets, and other work areas, is subject to inspection by personnel of
any member of the Company Group at any time with or without notice.",[],PENDING,false,,,,data/segmentation_v3/d714d261edc4d361e7d2ebabccaada50.json,UNREVIEWED,legal_clause
d714d261edc4d361e7d2ebabccaada50,d714d261edc4d361e7d2ebabccaada50_clause_018,"Section 4. Disclosure of Agreement.
As long as it remains in effect, I will disclose the existence of this Non-Interference Agreement to any
prospective employer, partner, co-venturer, investor, or lender prior to entering into an employment, partnership, or other
business relationship with such person or entity.",[],PENDING,false,,,,data/segmentation_v3/d714d261edc4d361e7d2ebabccaada50.json,UNREVIEWED,legal_clause
d714d261edc4d361e7d2ebabccaada50,d714d261edc4d361e7d2ebabccaada50_clause_019,Section 5. Restrictions on Interfering.,[],PENDING,false,,,,data/segmentation_v3/d714d261edc4d361e7d2ebabccaada50.json,UNREVIEWED,legal_clause
d714d261edc4d361e7d2ebabccaada50,d714d261edc4d361e7d2ebabccaada50_clause_020,"(a) Non-Competition. During the Employment Period and the Post-Termination Non-Compete Period, I shall
not, directly or indirectly, individually or on behalf of any person, company, enterprise, or entity, or as a sole proprietor,
partner, stockholder, director, officer, principal, agent, or executive, or in any other capacity or relationship, engage in
any Competitive Activities or own any securities (debt or equity) in any person, company, enterprise, or entity that is
engaged in Competitive Activities, within the United States or any other jurisdiction in which the Company Group is
actively engaged in business. Notwithstanding the foregoing, my ownership of securities of a public company engaged
in Competitive Activities not in excess of three percent (3%) of any class of such securities shall not be considered a
breach of the covenants set forth in this Section.",[],PENDING,false,,,,data/segmentation_v3/d714d261edc4d361e7d2ebabccaada50.json,UNREVIEWED,legal_clause
d714d261edc4d361e7d2ebabccaada50,d714d261edc4d361e7d2ebabccaada50_clause_021,"(b) Non-Interference. During the Employment Period and the Post-Termination Non-Interference Period, I shall
not, directly or indirectly for my own account or for the account of any other individual or entity, engage in Interfering
Activities.",[],PENDING,false,,,,data/segmentation_v3/d714d261edc4d361e7d2ebabccaada50.json,UNREVIEWED,legal_clause
d714d261edc4d361e7d2ebabccaada50,d714d261edc4d361e7d2ebabccaada50_clause_022,"(c) Definitions. For purposes of this Non-Interference Agreement :
(i) “Business Relation” shall mean any current or prospective client, customer, licensee, or other
business relation of any member of the Company Group, or any such relation that was a client, customer, licensee,
supplier, or other business relation within the six (6) month period prior to the expiration of the Employment Period, in
each case, to whom I provided services, or with whom I transacted business, or whose identity became known to me in
connection with my relationship with or employment by the Company Group.
(ii) “Competitive Activities” shall mean consumer health care related businesses, including the business
of acting as custodian or administrator for medical payment reimbursement accounts, including, but not limited to, health
savings accounts, flexible spending accounts and health reimbursement accounts or any business activities in which any
member of the Company Group is engaged (or has committed plans to engage) during the Employment Period.
A-5",[],PENDING,false,,,,data/segmentation_v3/d714d261edc4d361e7d2ebabccaada50.json,UNREVIEWED,legal_clause
d714d261edc4d361e7d2ebabccaada50,d714d261edc4d361e7d2ebabccaada50_clause_023,"(iii) “Interfering Activities” shall mean (A) encouraging, soliciting, or inducing, or in any manner
attempting to encourage, solicit, or induce, any Person employed by, or providing consulting services to, any member of
the Company Group to terminate such Person’s employment or services (or in the case of a consultant, materially
reducing such services) with any member of the Company Group; (B) hiring any individual who was employed by any
member of the Company Group within the six (6) month period prior to the date of such hiring; or (C) encouraging,
soliciting, or inducing, or in any manner attempting to encourage, solicit, or induce, any Business Relation to cease
doing business with or reduce the amount of business conducted with any member of the Company Group, or in any way
interfering with the relationship between any such Business Relation and any member of the Company Group.
(iv) “Person” shall mean any individual, corporation, partnership, limited liability company, joint
venture, association, joint‑stock company, trust (charitable or non-charitable), unincorporated organization, or other form
of business entity.
(v) “Post-Termination Non-Compete Period” shall mean the period commencing on the date of the
termination of the Employment Period for any reason and ending on the twelve (12) month anniversary of such date of
termination.
(vi) “Post-Termination Non-Interference Period” shall mean the period commencing on the date of the
termination of the Employment Period for any reason and ending on the twenty-four (24) month anniversary of such date
of termination.",[],PENDING,false,,,,data/segmentation_v3/d714d261edc4d361e7d2ebabccaada50.json,UNREVIEWED,legal_clause
d714d261edc4d361e7d2ebabccaada50,d714d261edc4d361e7d2ebabccaada50_clause_024,"(d) Non-Disparagement. I agree that during the Employment Period, and at all times thereafter, I will not make
any disparaging or defamatory comments regarding any member of the Company Group or its respective current or
former directors, officers, employees or shareholders in any respect or make any comments concerning any aspect of
my relationship with any member of the Company Group or any conduct or events which precipitated any termination
of my employment from any member of the Company Group. However, my obligations under this subparagraph (d)
shall not apply to disclosures required by applicable law, regulation, or order of a court or governmental agency.",[],PENDING,false,,,,data/segmentation_v3/d714d261edc4d361e7d2ebabccaada50.json,UNREVIEWED,legal_clause
d714d261edc4d361e7d2ebabccaada50,d714d261edc4d361e7d2ebabccaada50_clause_025,"Section 6. Reasonableness of Restrictions.
I acknowledge and recognize the highly competitive nature of the Company’s business, that access to
Confidential Information renders me special and unique within the Company’s industry, and that I will have the
opportunity to develop substantial relationships with existing and prospective clients, accounts, customers, consultants,
contractors, investors, and strategic partners of any member of the Company Group during the course of and as a result
of my employment with the Company. In light of the foregoing, I recognize and acknowledge that the restrictions and
limitations set forth in this Non-Interference Agreement are reasonable and valid in geographical and temporal scope and
in all other respects and are essential to protect the value of the business and assets of any member of the Company
Group. I acknowledge further that the restrictions and limitations set forth in this Non-Interference Agreement will not
materially interfere with my ability to earn a living following the termination of my employment with the
A-6",[],PENDING,false,,,,data/segmentation_v3/d714d261edc4d361e7d2ebabccaada50.json,UNREVIEWED,legal_clause
d714d261edc4d361e7d2ebabccaada50,d714d261edc4d361e7d2ebabccaada50_clause_026,"Company and that my ability to earn a livelihood without violating such restrictions is a material condition to my
employment with the Company.",[],PENDING,false,,,,data/segmentation_v3/d714d261edc4d361e7d2ebabccaada50.json,UNREVIEWED,legal_clause
d714d261edc4d361e7d2ebabccaada50,d714d261edc4d361e7d2ebabccaada50_clause_027,"Section 7. Independence; Severability; Blue Pencil.
Each of the rights enumerated in this Non-Interference Agreement shall be independent of the others and shall be
in addition to and not in lieu of any other rights and remedies available to any member of the Company Group at law or
in equity. If any of the provisions of this Non-Interference Agreement or any part of any of them is hereafter construed or
adjudicated to be invalid or unenforceable, the same shall not affect the remainder of this Non-Interference Agreement,
which shall be given full effect without regard to the invalid portions. If any of the covenants contained herein are held
to be invalid or unenforceable because of the duration of such provisions or the area or scope covered thereby, I agree
that the court making such determination shall have the power to reduce the duration, scope, and/or area of such
provision to the maximum and/or broadest duration, scope, and/or area permissible by law, and in its reduced form said
provision shall then be enforceable.",[],PENDING,false,,,,data/segmentation_v3/d714d261edc4d361e7d2ebabccaada50.json,UNREVIEWED,legal_clause
d714d261edc4d361e7d2ebabccaada50,d714d261edc4d361e7d2ebabccaada50_clause_028,"Section 8. Injunctive Relief.
I expressly acknowledge that any breach or threatened breach of any of the terms and/or conditions set forth in
this Non-Interference Agreement may result in substantial, continuing, and irreparable injury to the members of the
Company Group. Therefore, I hereby agree that, in addition to any other remedy that may be available to the Company,
any member of the Company Group shall be entitled to injunctive relief, specific performance, or other equitable relief
by a court of appropriate jurisdiction in the event of any breach or threatened breach of the terms of this Non-
Interference Agreement without the necessity of proving irreparable harm or injury as a result of such breach or
threatened breach. Notwithstanding any other provision to the contrary, I acknowledge and agree that the Post-
Termination Non-Compete Period, or Post-Termination Non-Interference Period, as applicable, shall be tolled during any
period of violation of any of the covenants in Section 5 hereof and during any other period required for litigation during
which the Company or any other member of the Company Group seeks to enforce such covenants against me if it is
ultimately determined that I was in breach of such covenants.",[],PENDING,false,,,,data/segmentation_v3/d714d261edc4d361e7d2ebabccaada50.json,UNREVIEWED,legal_clause
d714d261edc4d361e7d2ebabccaada50,d714d261edc4d361e7d2ebabccaada50_clause_029,"Section 9. Cooperation.
I agree that, following any termination of my employment, I will continue to provide reasonable cooperation to
the Company and/or any other member of the Company Group and its or their respective counsel in connection with any
investigation, administrative proceeding, or litigation relating to any matter that occurred during my employment in
which I was involved or of which I have knowledge. As a condition of such cooperation, the Company shall reimburse
me for reasonable out-of-pocket expenses incurred at the request of the Company with respect to my compliance with
this paragraph. I also agree that, in the event that I am subpoenaed by any person or entity (including, but not limited to,
any government agency) to give testimony or provide documents (in a deposition, court proceeding, or otherwise) that in
any way relates to my employment by the Company and/or any other member of the Company Group, I will give prompt
notice of such request to the Company and will make no disclosure until the Company
A-7",[],PENDING,false,,,,data/segmentation_v3/d714d261edc4d361e7d2ebabccaada50.json,UNREVIEWED,legal_clause
d714d261edc4d361e7d2ebabccaada50,d714d261edc4d361e7d2ebabccaada50_clause_030,"and/or the other member of the Company Group has had a reasonable opportunity to contest the right of the requesting
person or entity to such disclosure.",[],PENDING,false,,,,data/segmentation_v3/d714d261edc4d361e7d2ebabccaada50.json,UNREVIEWED,legal_clause
d714d261edc4d361e7d2ebabccaada50,d714d261edc4d361e7d2ebabccaada50_clause_031,Section 10. General Provisions.,[],PENDING,false,,,,data/segmentation_v3/d714d261edc4d361e7d2ebabccaada50.json,UNREVIEWED,legal_clause
d714d261edc4d361e7d2ebabccaada50,d714d261edc4d361e7d2ebabccaada50_clause_032,"(a) Governing Law, Venue and Jurisdiction. EXCEPT WHERE PREEMPTED BY FEDERAL LAW, THE",[],PENDING,false,,,,data/segmentation_v3/d714d261edc4d361e7d2ebabccaada50.json,UNREVIEWED,legal_clause
d714d261edc4d361e7d2ebabccaada50,d714d261edc4d361e7d2ebabccaada50_clause_033,"VALIDITY, INTERPRETATION, CONSTRUCTION, AND PERFORMANCE OF THIS NON-INTERFERENCE
AGREEMENT IS GOVERNED BY AND IS TO BE CONSTRUED UNDER THE LAWS OF THE STATE OF
DELAWARE APPLICABLE TO AGREEMENTS MADE AND TO BE PERFORMED IN THAT STATE, WITHOUT
REGARD TO CONFLICT OF LAWS RULES. ANY DISPUTE OR CLAIM ARISING OUT OF OR RELATING TO",[],PENDING,false,,,,data/segmentation_v3/d714d261edc4d361e7d2ebabccaada50.json,UNREVIEWED,legal_clause
d714d261edc4d361e7d2ebabccaada50,d714d261edc4d361e7d2ebabccaada50_clause_034,"THIS RELEASE OR CLAIM OF BREACH HEREOF SHALL BE BROUGHT EXCLUSIVELY IN THE UNITED
STATES DISTRICT COURT FOR THE DISTRICT OF DELAWARE, TO THE EXTENT FEDERAL JURISDICTION
EXISTS, AND IN ANY COURT SITTING IN SALT LAKE CITY, UTAH, BUT ONLY IN THE EVENT FEDERAL
JURISDICTION DOES NOT EXIST, AND ANY APPLICABLE APPELLATE COURTS. FURTHER, I HEREBY",[],PENDING,false,,,,data/segmentation_v3/d714d261edc4d361e7d2ebabccaada50.json,UNREVIEWED,legal_clause
d714d261edc4d361e7d2ebabccaada50,d714d261edc4d361e7d2ebabccaada50_clause_035,"WAIVE ANY RIGHT TO TRIAL BY JURY IN CONNECTION WITH ANY SUIT, ACTION, OR PROCEEDING
UNDER OR IN CONNECTION WITH THIS NON-INTERFERENCE AGREEMENT.",[],PENDING,false,,,,data/segmentation_v3/d714d261edc4d361e7d2ebabccaada50.json,UNREVIEWED,legal_clause
d714d261edc4d361e7d2ebabccaada50,d714d261edc4d361e7d2ebabccaada50_clause_036,"(b) Entire Agreement. This Non-Interference Agreement sets forth the entire agreement and understanding
between the Company and me relating to the subject matter herein and merges all prior discussions between us. No
modification or amendment to this Non-Interference Agreement, nor any waiver of any rights under this Non-
Interference Agreement, will be effective unless in writing signed by the party to be charged. Any subsequent change or
changes in my duties, obligations, rights, or compensation will not affect the validity or scope of this Non-Interference
Agreement.",[],PENDING,false,,,,data/segmentation_v3/d714d261edc4d361e7d2ebabccaada50.json,UNREVIEWED,legal_clause
d714d261edc4d361e7d2ebabccaada50,d714d261edc4d361e7d2ebabccaada50_clause_037,"(c) No Right of Continued Employment. I acknowledge and agree that nothing contained herein shall be
construed as granting me any right to continued employment by the Company, and the right of the Company to
terminate my employment at any time and for no reason or any reason, with or without cause, is specifically reserved.",[],PENDING,false,,,,data/segmentation_v3/d714d261edc4d361e7d2ebabccaada50.json,UNREVIEWED,legal_clause
d714d261edc4d361e7d2ebabccaada50,d714d261edc4d361e7d2ebabccaada50_clause_038,"(d) Successors and Assigns. This Non-Interference Agreement will be binding upon my heirs, executors,
administrators, and other legal representatives and will be for the benefit of the Company, its successors, and its assigns.
I expressly acknowledge and agree that this Non-Interference Agreement may be assigned by the Company without my
consent to any other member of the Company Group as well as any purchaser of all or substantially all of the assets or
stock of the Company or of any business or division of the Company for which I provide services, whether by purchase,
merger, or other similar corporate transaction, provided that the license granted pursuant to Section 2(a) may be
assigned to any third party by the Company without my consent.",[],PENDING,false,,,,data/segmentation_v3/d714d261edc4d361e7d2ebabccaada50.json,UNREVIEWED,legal_clause
d714d261edc4d361e7d2ebabccaada50,d714d261edc4d361e7d2ebabccaada50_clause_039,"(e) Survival. The provisions of this Non-Interference Agreement shall survive the termination of my
employment with the Company and/or the assignment of this Non-Interference Agreement by the Company to any
successor in interest or other assignee.
A-8",[],PENDING,false,,,,data/segmentation_v3/d714d261edc4d361e7d2ebabccaada50.json,UNREVIEWED,legal_clause
d714d261edc4d361e7d2ebabccaada50,d714d261edc4d361e7d2ebabccaada50_clause_040,"* * *
[Signature to appear on the following page.]
A-9",[],PENDING,false,,,,data/segmentation_v3/d714d261edc4d361e7d2ebabccaada50.json,UNREVIEWED,legal_clause
d714d261edc4d361e7d2ebabccaada50,d714d261edc4d361e7d2ebabccaada50_clause_041,"I, Edward R. Bloomberg, have executed this Confidentiality, Non-Interference, and Invention Assignment
Agreement on the date set forth below:
Date:",[],PENDING,false,,,,data/segmentation_v3/d714d261edc4d361e7d2ebabccaada50.json,UNREVIEWED,legal_clause
d714d261edc4d361e7d2ebabccaada50,d714d261edc4d361e7d2ebabccaada50_clause_042,"(Signature)
(Type/Print Name)
[Signature Page to Edward R. Bloomberg Non-Interference Agreement]",[],PENDING,false,,,,data/segmentation_v3/d714d261edc4d361e7d2ebabccaada50.json,UNREVIEWED,legal_clause
e52e4a136a4bb5c859dc6d056f47c743,e52e4a136a4bb5c859dc6d056f47c743_clause_000,"EX-10.3 6 exhibit10c.htm NON-COMPETITION AND NON-DISCLOSURE AGREEMENT
Exhibit 10.3",[],PENDING,false,,,,data/segmentation_v3/e52e4a136a4bb5c859dc6d056f47c743.json,PRIORITY_UNREVIEWED,header
e52e4a136a4bb5c859dc6d056f47c743,e52e4a136a4bb5c859dc6d056f47c743_clause_001,"NON-COMPETITION AND NON-DISCLOSURE AGREEMENT
THIS NON-COMPETITION AND NON-DISCLOSURE AGREEMENT (“Agreement”) is made as of the ___ day of
__________________, 2005, by and between ENERGIZER HOLDINGS, INC., (hereinafter referred to as “ENERGIZER” and as defined in
Paragraph 11) and J. PATRICK MULCAHY (hereinafter referred to as “MR. MULCAHY”).",[],PENDING,false,,,,data/segmentation_v3/e52e4a136a4bb5c859dc6d056f47c743.json,UNREVIEWED,legal_clause
e52e4a136a4bb5c859dc6d056f47c743,e52e4a136a4bb5c859dc6d056f47c743_clause_002,"WHEREAS, MR. MULCAHY is an employee of ENERGIZER in a key leadership and strategic position;",[],PENDING,false,,,,data/segmentation_v3/e52e4a136a4bb5c859dc6d056f47c743.json,PRIORITY_UNREVIEWED,legal_clause
e52e4a136a4bb5c859dc6d056f47c743,e52e4a136a4bb5c859dc6d056f47c743_clause_003,"WHEREAS, ENERGIZER and MR. MULCAHY acknowledge that, in MR. MULCAHY’s capacity as an employee of ENERGIZER,
MR. MULCAHY did contribute to and/or receive Confidential Information, and MR. MULCAHY acknowledges that ENERGIZER will suffer
irreparable harm if MR. MULCAHY, after having developed and/or created and/or becoming familiar with any such Confidential Information,
makes any unauthorized disclosure or communication of such Confidential Information to any third party or makes any use of such
Confidential Information wrongfully or in competition with ENERGIZER;",[],PENDING,false,,,,data/segmentation_v3/e52e4a136a4bb5c859dc6d056f47c743.json,UNREVIEWED,legal_clause
e52e4a136a4bb5c859dc6d056f47c743,e52e4a136a4bb5c859dc6d056f47c743_clause_004,"WHEREAS, MR. MULCAHY has indicated his interest in retiring; and",[],PENDING,false,,,,data/segmentation_v3/e52e4a136a4bb5c859dc6d056f47c743.json,UNREVIEWED,legal_clause
e52e4a136a4bb5c859dc6d056f47c743,e52e4a136a4bb5c859dc6d056f47c743_clause_005,"WHEREAS, ENERGIZER desires to receive from MR. MULCAHY a covenant not to engage (either directly or indirectly) in
competition with, or to solicit any client or account of, ENERGIZER; and",[],PENDING,false,,,,data/segmentation_v3/e52e4a136a4bb5c859dc6d056f47c743.json,PRIORITY_UNREVIEWED,legal_clause
e52e4a136a4bb5c859dc6d056f47c743,e52e4a136a4bb5c859dc6d056f47c743_clause_006,"WHEREAS, ENERGIZER desires to receive from MR. MULCAHY a covenant not to disclose certain information relating to
ENERGIZER’s business; and",[],PENDING,false,,,,data/segmentation_v3/e52e4a136a4bb5c859dc6d056f47c743.json,UNREVIEWED,legal_clause
e52e4a136a4bb5c859dc6d056f47c743,e52e4a136a4bb5c859dc6d056f47c743_clause_007,"WHEREAS, ENERGIZER and MR. MULCAHY desire to confirm the terms and conditions of their agreements and understandings.
NOW, THEREFORE, in consideration of the foregoing, the mutual promises herein contained, and other good and valuable
consideration, the receipt and sufficiency of which are hereby acknowledged, and the parties hereto agree as follows:",[],PENDING,false,,,,data/segmentation_v3/e52e4a136a4bb5c859dc6d056f47c743.json,UNREVIEWED,legal_clause
e52e4a136a4bb5c859dc6d056f47c743,e52e4a136a4bb5c859dc6d056f47c743_clause_008,"1. Covenants Not to Compete or Disclose. MR. MULCAHY acknowledges that the services rendered to ENERGIZER in the
aforesaid capacity are of a special character which have a unique value to ENERGIZER, the loss of which cannot be adequately
compensated by damages in an action of law. MR. MULCAHY agrees that by virtue of his employment, he has gained a special and unique
understanding of ENERGIZER’s business in the formulation, processing, manufacturing, sale, and marketing of ENERGIZER’s battery and
battery related products and ENERGIZER’s wet-shave products, as well as other products formulated, processed, manufactured, sold, or
marketed by ENERGIZER during the tenure of MR. MULCAHY’s employment. MR. MULCAHY at all times recognizes and respects the
advantageous business relationship which exists between ENERGIZER and present and potential customers who have been made aware
of the products and services of ENERGIZER. MR. MULCAHY makes the covenants contained in this Agreement in view of (i) the unique
value of the services of MR. MULCAHY for which ENERGIZER has employed MR. MULCAHY; (ii) the Confidential Information obtained by
or disclosed to MR. MULCAHY as an employee of ENERGIZER; and (iii) ENERGIZER’s agreement to provide MR. MULCAHY with
consideration as provided herein.",[],PENDING,false,,,,data/segmentation_v3/e52e4a136a4bb5c859dc6d056f47c743.json,UNREVIEWED,legal_clause
e52e4a136a4bb5c859dc6d056f47c743,e52e4a136a4bb5c859dc6d056f47c743_clause_009,"2.

 Non-Competition.",[],PENDING,false,,,,data/segmentation_v3/e52e4a136a4bb5c859dc6d056f47c743.json,UNREVIEWED,legal_clause
e52e4a136a4bb5c859dc6d056f47c743,e52e4a136a4bb5c859dc6d056f47c743_clause_010,"a.

 MR. MULCAHY agrees that for a period of five (5) years after termination of MR. MULCAHY’s employment
-- i.e., from January 25, 2005 through January 25, 2010 -- (“the Non-Compete Period”), MR. MULCAHY will not compete
against ENERGIZER in ENERGIZER business.
b.",[],PENDING,false,,,,data/segmentation_v3/e52e4a136a4bb5c859dc6d056f47c743.json,UNREVIEWED,legal_clause
e52e4a136a4bb5c859dc6d056f47c743,e52e4a136a4bb5c859dc6d056f47c743_clause_011,"For purposes of this Agreement, “ENERGIZER business” shall mean any of the following business
activities: all aspects of manufacturing, marketing, distributing, consulting with regard to, and/or operating a facility for the
manufacturing, processing, marketing, or distribution of batteries, lighting products, rechargeable batteries, related battery and
lighting products, and wet-shave products. “ENERGIZER business” includes products and/or methods that presently are used,
were used, or are under development or consideration, whether or not completed, for use by ENERGIZER as of the date MR.
MULCAHY’s employment terminates.
c.",[],PENDING,false,,,,data/segmentation_v3/e52e4a136a4bb5c859dc6d056f47c743.json,UNREVIEWED,legal_clause
e52e4a136a4bb5c859dc6d056f47c743,e52e4a136a4bb5c859dc6d056f47c743_clause_012,"For purposes of this Agreement, to “compete” means to accept or begin employment with, advise, finance,
own (partially or in whole), consult with, or accept an assignment through an employer with any third party world wide in a
position involving or relating to ENERGIZER business.
d.",[],PENDING,false,,,,data/segmentation_v3/e52e4a136a4bb5c859dc6d056f47c743.json,UNREVIEWED,legal_clause
e52e4a136a4bb5c859dc6d056f47c743,e52e4a136a4bb5c859dc6d056f47c743_clause_013,"This Agreement does not preclude MR. MULCAHY from buying or selling shares of stock in any company
that is publicly listed and traded in any stock exchange or over-the-counter market. Provided, however, that MR. MULCAHY
may not use Confidential Information to engage in, or induce others to engage in, insider trading as prohibited by federal and
state securities laws.
MR. MULCAHY acknowledges and agrees that the foregoing restrictions are reasonable and necessary for the protection of the
goodwill and business of ENERGIZER and are enforceable in view of, among other things; (i) the narrow range of activities
prohibited, (ii) the national and international markets in which ENERGIZER operates, (iii) the Confidential Information to which MR.
MULCAHY had access during his employment, and (iv) MR. MULCAHY’s background and qualifications are such that the restrictions
will not impose an undue hardship on MR. MULCAHY nor unreasonably interfere with MR. MULCAHY’s ability to earn a livelihood.
The parties hereby acknowledge that the nature of the business conducted by ENERGIZER and the position of ENERGIZER in the",[],PENDING,false,,,,data/segmentation_v3/e52e4a136a4bb5c859dc6d056f47c743.json,UNREVIEWED,legal_clause
e52e4a136a4bb5c859dc6d056f47c743,e52e4a136a4bb5c859dc6d056f47c743_clause_014,"battery and wet-shave industry mandate the foregoing non-competition restriction for a substantial duration in order to protect and
preserve the competitive advantage and goodwill of ENERGIZER.",[],PENDING,false,,,,data/segmentation_v3/e52e4a136a4bb5c859dc6d056f47c743.json,UNREVIEWED,legal_clause
e52e4a136a4bb5c859dc6d056f47c743,e52e4a136a4bb5c859dc6d056f47c743_clause_015,"3.

 Non-Solicitation.",[],PENDING,false,,,,data/segmentation_v3/e52e4a136a4bb5c859dc6d056f47c743.json,UNREVIEWED,legal_clause
e52e4a136a4bb5c859dc6d056f47c743,e52e4a136a4bb5c859dc6d056f47c743_clause_016,"For the duration of the Non-Compete Period, MR. MULCAHY shall not (i)
induce or attempt to induce any employee of ENERGIZER to leave the employ of ENERGIZER or in any way interfere with the
relationship between ENERGIZER and its employees or (ii) induce or attempt to induce any customer, supplier, distributor, broker, or
other business relation of ENERGIZER to cease doing business with ENERGIZER, or in any way interfere with the relationship
between any customer, supplier, distributor, broker or other business relation and ENERGIZER.",[],PENDING,false,,,,data/segmentation_v3/e52e4a136a4bb5c859dc6d056f47c743.json,UNREVIEWED,legal_clause
e52e4a136a4bb5c859dc6d056f47c743,e52e4a136a4bb5c859dc6d056f47c743_clause_017,"4.

 Confidentiality of Information.
 MR. MULCAHY acknowledges that the information, observations and data relating to the formulation, processing,
manufacturing, sale and marketing of ENERGIZER's batteries, battery related products, and wet-shave products obtained by MR.
MULCAHY during the course of MR. MULCAHY’s employment with ENERGIZER (the ""Confidential Information"") are confidential and the
exclusive property of ENERGIZER. MR. MULCAHY agrees that he will not disclose to any unauthorized persons or use for MR.
MULCAHY’s own account or for the benefit of any third party (other than ENERGIZER) any of such Confidential Information without
ENERGIZER’s prior written consent, unless and to the extent that such Confidential Information becomes generally known to, and available
for use by, the public other than as a result of MR. MULCAHY’s acts or failure to act.
 For purposes of this Agreement, “Confidential Information” means all information with respect to the conduct or details of the
business and operations of ENERGIZER, including but not limited to current and planned information systems; the names, addresses or
particular desires or needs of its customers; the bounds of its markets; the prices charged for its services or products; its market share;
marketing strategies and promotional efforts in any market; product development, manufacturing processes, and research and development
projects; formulas, inventions and compilations of information, records or specifications; future product or market developments, financial
information, information regarding suppliers, and costs of raw materials and other supplies; financing programs, overhead distribution and
other expenses; conversion costs; contemplated, pending, or completed acquisitions; or personnel. MR. MULCAHY understands and
agrees that such “Confidential Information” is important, material and confidential, and that disclosure would gravely affect the successful
conduct of ENERGIZER’s businesses. The obligation to protect Confidential Information is on-going and does not expire upon the
termination of the parties’ contractual relationship.",[],PENDING,false,,,,data/segmentation_v3/e52e4a136a4bb5c859dc6d056f47c743.json,UNREVIEWED,legal_clause
e52e4a136a4bb5c859dc6d056f47c743,e52e4a136a4bb5c859dc6d056f47c743_clause_018,"5.

 Specific Performance. MR. MULCAHY acknowledges that irreparable injury will be caused to ENERGIZER by
any breach or threatened breach of any of the provisions of paragraphs 2 through 4 and MR. MULCAHY therefore agrees that, in the event
of any breach or threatened breach, ENERGIZER, in addition to all of the rights and remedies at law or in equity as may exist in its favor,
shall have the right, in a court of law or equity having jurisdiction, to enforce the specific performance of the foregoing provisions. In the
event of an action in a court of law or equity to enforce any provision of this Agreement, MR. MULCAHY shall be responsible for all
expenses incurred by ENERGIZER in connection therewith, including, but not limited to, ENERGIZER’s reasonable attorney’s fees and
costs.",[],PENDING,false,,,,data/segmentation_v3/e52e4a136a4bb5c859dc6d056f47c743.json,UNREVIEWED,legal_clause
e52e4a136a4bb5c859dc6d056f47c743,e52e4a136a4bb5c859dc6d056f47c743_clause_019,"6.

 Reasonableness of Restrictions. MR. MULCAHY has carefully read and considered the provisions of paragraphs
2, 3, and 4 hereof, and having done so, agrees that the restrictions set forth in such paragraphs (including, but not limited to, the time period
of the restriction set forth in paragraph 2 hereof) are fair and reasonable and required for the protection of the interests of ENERGIZER, its
officers, directors, and other employees.",[],PENDING,false,,,,data/segmentation_v3/e52e4a136a4bb5c859dc6d056f47c743.json,UNREVIEWED,legal_clause
e52e4a136a4bb5c859dc6d056f47c743,e52e4a136a4bb5c859dc6d056f47c743_clause_020,"7.

 Waiver. The failure by ENERGIZER to enforce at any time any of the provisions hereof or to require at any time
performance by MR. MULCAHY of any provisions hereof, shall in no way be construed to be a release of MR. MULCAHY or waiver of such
provisions or to affect the validity of this Agreement or any part hereof, or the right of ENERGIZER thereafter to enforce every such
provision in accordance with the terms of this Agreement.",[],PENDING,false,,,,data/segmentation_v3/e52e4a136a4bb5c859dc6d056f47c743.json,UNREVIEWED,legal_clause
e52e4a136a4bb5c859dc6d056f47c743,e52e4a136a4bb5c859dc6d056f47c743_clause_021,"8.

 Savings and Severability Clause.",[],PENDING,false,,,,data/segmentation_v3/e52e4a136a4bb5c859dc6d056f47c743.json,UNREVIEWED,legal_clause
e52e4a136a4bb5c859dc6d056f47c743,e52e4a136a4bb5c859dc6d056f47c743_clause_022,"(a) Nothing contained in this Agreement shall be construed to require the commission of any act contrary to law or to be
contrary to law, and whenever there is any conflict between any provision of this Agreement and any present or future statute, law,
government regulation or ordinance contrary to which the parties have no legal right to contract, the latter shall prevail, but in such event the
provisions of this Agreement affected shall be curtailed and restricted only to the extent necessary to bring them within legal requirements.",[],PENDING,false,,,,data/segmentation_v3/e52e4a136a4bb5c859dc6d056f47c743.json,UNREVIEWED,legal_clause
e52e4a136a4bb5c859dc6d056f47c743,e52e4a136a4bb5c859dc6d056f47c743_clause_023,"(b)

 If any provision of the covenants and agreements hereof above shall be held invalid or unenforceable
because of the scope of the territory or the actions thereby restricted, or the period of time within which such covenant or agreement is
operative, or for any other reason, it is the intent of the parties hereto that such provision shall be construed by limiting and reducing it, or, if
necessary eliminating it so that the provisions hereof shall be valid and enforceable to the extent compatible with applicable law as
determined by a court of competent jurisdiction.",[],PENDING,false,,,,data/segmentation_v3/e52e4a136a4bb5c859dc6d056f47c743.json,UNREVIEWED,legal_clause
e52e4a136a4bb5c859dc6d056f47c743,e52e4a136a4bb5c859dc6d056f47c743_clause_024,"9.

 Burden and Benefit. This Agreement shall be binding upon and shall inure to the benefit of the parties hereto and
their legal representatives, successors, and permitted assigns.",[],PENDING,false,,,,data/segmentation_v3/e52e4a136a4bb5c859dc6d056f47c743.json,UNREVIEWED,legal_clause
e52e4a136a4bb5c859dc6d056f47c743,e52e4a136a4bb5c859dc6d056f47c743_clause_025,"10.

 Governing Law. All questions pertaining to the validity, construction, execution, and performance of this
Agreement shall be construed in accordance with, and be governed by, the laws of the State of Missouri, without giving effect to the choice
of law principles thereof.",[],PENDING,false,,,,data/segmentation_v3/e52e4a136a4bb5c859dc6d056f47c743.json,UNREVIEWED,legal_clause
e52e4a136a4bb5c859dc6d056f47c743,e52e4a136a4bb5c859dc6d056f47c743_clause_026,"11.

 Energizer Defined. For purposes of this Agreement, the term “ENERGIZER” as used herein shall include
Energizer Holdings, Inc., Eveready Battery Company, Inc., Schick Manufacturing, Inc., all subsidiary and affiliated companies,
predecessors, and successors of the aforementioned, and all officers, directors, agents, and employees of any of the aforementioned.",[],PENDING,false,,,,data/segmentation_v3/e52e4a136a4bb5c859dc6d056f47c743.json,UNREVIEWED,legal_clause
e52e4a136a4bb5c859dc6d056f47c743,e52e4a136a4bb5c859dc6d056f47c743_clause_027,"12.

 Restricted Stock Equivalent Award",[],PENDING,false,,,,data/segmentation_v3/e52e4a136a4bb5c859dc6d056f47c743.json,PRIORITY_UNREVIEWED,section_heading
e52e4a136a4bb5c859dc6d056f47c743,e52e4a136a4bb5c859dc6d056f47c743_clause_028,"(a) Grant. In exchange for signing this Agreement, MR. MULCAHY will receive a grant of 10,000 restricted common stock
equivalents (“Equivalents”) effective as of his termination date. This grant shall be pursuant to, and subject to the terms of, the Energizer
Holdings, Inc. 2000 Incentive Stock Plan (“the Plan”).",[],PENDING,false,,,,data/segmentation_v3/e52e4a136a4bb5c859dc6d056f47c743.json,UNREVIEWED,legal_clause
e52e4a136a4bb5c859dc6d056f47c743,e52e4a136a4bb5c859dc6d056f47c743_clause_029,"(b) Vesting and Payment. All restricted stock granted pursuant to this Agreement will vest January 25, 2010. At such time, each
vested Equivalent will convert into one share of ENERGIZER’s $.01 par value Common Stock, which will be issued to MR. MULCAHY.",[],PENDING,false,,,,data/segmentation_v3/e52e4a136a4bb5c859dc6d056f47c743.json,UNREVIEWED,legal_clause
e52e4a136a4bb5c859dc6d056f47c743,e52e4a136a4bb5c859dc6d056f47c743_clause_030,"(c) Dividends. At the time of payment of shares of Common Stock to MR. MULCAHY, as described in (b) above, MR. MULCAHY will
also receive an additional cash payment equal to the amount of dividends, if any, which would have been paid on the shares of Common
Stock issued to him if MR. MULCAHY had actually acquired those shares on the date of crediting of his Equivalents. No interest shall be
included in the calculation of such additional cash payment.",[],PENDING,false,,,,data/segmentation_v3/e52e4a136a4bb5c859dc6d056f47c743.json,UNREVIEWED,legal_clause
e52e4a136a4bb5c859dc6d056f47c743,e52e4a136a4bb5c859dc6d056f47c743_clause_031,"(d) Forfeiture. All unvested unrestricted stock equivalents credited to MR. MULCAHY will be forfeited upon a determination by the
Board of Directors of Energizer Holdings, Inc. that MR. MULCAHY has violated any provision of paragraph 2, 3, or 4 hereof.",[],PENDING,false,,,,data/segmentation_v3/e52e4a136a4bb5c859dc6d056f47c743.json,UNREVIEWED,legal_clause
e52e4a136a4bb5c859dc6d056f47c743,e52e4a136a4bb5c859dc6d056f47c743_clause_032,"(e) Acceleration. Notwithstanding anything in (b) above, all Equivalents credited to MR. MULCAHY will immediately vest, convert to
shares of Common Stock, and be paid to MR. MULCAHY, his designated beneficiary, or his legal representative, in accordance with the
terms of the Plan, in the event of:",[],PENDING,false,,,,data/segmentation_v3/e52e4a136a4bb5c859dc6d056f47c743.json,UNREVIEWED,legal_clause
e52e4a136a4bb5c859dc6d056f47c743,e52e4a136a4bb5c859dc6d056f47c743_clause_033,"(i)

 MR. MULCAHY’s death;
 (ii)",[],PENDING,false,,,,data/segmentation_v3/e52e4a136a4bb5c859dc6d056f47c743.json,PRIORITY_UNREVIEWED,legal_clause
e52e4a136a4bb5c859dc6d056f47c743,e52e4a136a4bb5c859dc6d056f47c743_clause_034,"a declaration of MR. MULCAHY’s total and permanent disability; or
 (iii)",[],PENDING,false,,,,data/segmentation_v3/e52e4a136a4bb5c859dc6d056f47c743.json,UNREVIEWED,legal_clause
e52e4a136a4bb5c859dc6d056f47c743,e52e4a136a4bb5c859dc6d056f47c743_clause_035,"a Change of Control of ENERGIZER, which for purposes of this Agreement shall be deemed to occur
when (a) a person, as defined under the U.S. securities laws, acquires beneficial ownership of more than fifty percent (50%) of the
outstanding voting securities of ENERGIZER; or (b) the directors of ENERGIZER immediately before a business combination between
ENERGIZER and another entity, or a proxy contest for the election of directors, shall, as a result thereof, cease to constitute a majority of
the Board of Directors of Energizer Holdings, Inc. or any successor corporation. Notwithstanding the foregoing, however, a Change of
Control which is approved in advance by a majority of the Board of Directors of Energizer Holdings, Inc. shall not trigger acceleration as
described in this paragraph 12(e)(iii).",[],PENDING,false,,,,data/segmentation_v3/e52e4a136a4bb5c859dc6d056f47c743.json,UNREVIEWED,legal_clause
e52e4a136a4bb5c859dc6d056f47c743,e52e4a136a4bb5c859dc6d056f47c743_clause_036,"13.

 Notices. Any notices necessary or required to be given under this Agreement shall be sufficiently given if in
writing, and personally delivered or mailed by registered or certified mail, return receipt requested, postage prepaid, to the last known
addresses of the parties hereto, or to such other address or addresses as any of the parties shall have specified in writing to the other party
hereto.",[],PENDING,false,,,,data/segmentation_v3/e52e4a136a4bb5c859dc6d056f47c743.json,UNREVIEWED,legal_clause
e52e4a136a4bb5c859dc6d056f47c743,e52e4a136a4bb5c859dc6d056f47c743_clause_037,"14.

 Consent to Advise Third Parties. MR. MULCAHY agrees ENERGIZER may advise any third party that
ENERGIZER deems necessary of the existence of this Agreement and of its terms. MR. MULCAHY agrees that ENERGIZER shall have no
liability for so notifying any third party and hereby irrevocably waives any right to assert any such liability in the future.",[],PENDING,false,,,,data/segmentation_v3/e52e4a136a4bb5c859dc6d056f47c743.json,UNREVIEWED,legal_clause
e52e4a136a4bb5c859dc6d056f47c743,e52e4a136a4bb5c859dc6d056f47c743_clause_038,"15.

 Entire Agreement. This Agreement constitutes the entire agreement of the parties hereto with respect to the
matters contained herein, and no modification, amendment, or waiver of any of the provision of this Agreement shall be effective unless in
writing and signed by all parties hereto. This Agreement constitutes the only agreement between the parties hereto with respect to the
matters herein contained.",[],PENDING,false,,,,data/segmentation_v3/e52e4a136a4bb5c859dc6d056f47c743.json,UNREVIEWED,legal_clause
e52e4a136a4bb5c859dc6d056f47c743,e52e4a136a4bb5c859dc6d056f47c743_clause_039,"16.

 Modifications. No change or modification of this Agreement shall be valid unless the same is in writing and
signed by all the parties hereto. No waiver of any provision of this Agreement shall be valid unless in writing and signed by the party against
whom it is sought to be enforced.",[],PENDING,false,,,,data/segmentation_v3/e52e4a136a4bb5c859dc6d056f47c743.json,UNREVIEWED,legal_clause
e52e4a136a4bb5c859dc6d056f47c743,e52e4a136a4bb5c859dc6d056f47c743_clause_040,"17.

 Effect of MR. MULCAHY’s Signature. By the signing of this Agreement, MR. MULCAHY signifies that MR.
MULCAHY has fully read, completely understands, and voluntarily agrees with this Agreement consisting of six (6) pages and seventeen
(17) paragraphs and knowingly and voluntarily accepts all of its terms and conditions.",[],PENDING,false,,,,data/segmentation_v3/e52e4a136a4bb5c859dc6d056f47c743.json,UNREVIEWED,legal_clause
e52e4a136a4bb5c859dc6d056f47c743,e52e4a136a4bb5c859dc6d056f47c743_clause_041,"IN WITNESS WHEREOF, ENERGIZER and MR. MULCAHY have duly executed this Agreement as of the date first above written.
ENERGIZER HOLINGS, INC.
 J. PATRICK
MULCAHY
By:
___________________________
 ___________________________
Peter J. Conrad
Vice President
Human Resources
Date:___________________________ Date:______________________",[],PENDING,false,,,,data/segmentation_v3/e52e4a136a4bb5c859dc6d056f47c743.json,UNREVIEWED,legal_clause
e52e4a136a4bb5c859dc6d056f47c743,e52e4a136a4bb5c859dc6d056f47c743_clause_042,"Witness:____________________
 Date:______________________",[],PENDING,false,,,,data/segmentation_v3/e52e4a136a4bb5c859dc6d056f47c743.json,UNREVIEWED,legal_clause
f28c4f3d35a152dd415f9b255122cb38,f28c4f3d35a152dd415f9b255122cb38_clause_000,"EX-99.(E)(2) 3 dex99e2.htm CONFIDENTIALITY AGREEMENT
Exhibit (e)(2)
[ORTHOVITA LETTERHEAD]
January 18, 2011
Bryant Zanko
Vice President, Business Development
Stryker Corporation
2725 Fairfield Road
Kalamazoo, MI 49002
Dear Bryant:
You have requested information regarding Orthovita, Inc. (the “Company”, “us” or “we”) in connection with your consideration of a possible
negotiated transaction with the Company (a “Possible Transaction”). For purposes of this agreement, the term “Company” includes the Company
and its subsidiaries taken as a whole or any business or businesses thereof. In consideration of our furnishing you with the Evaluation Materials (as
defined below) you agree as follows:
Confidentiality of Evaluation Materials
You will treat confidentially any information (whether written or oral) that either we or our financial advisor, J.P. Morgan Securities LLC (the
“Financial Advisor”), or our other representatives furnish to you in connection with a Possible Transaction involving the Company, whether
furnished before or after the date of this agreement and regardless of the manner in which it is furnished, together with analyses, compilations,
studies or other documents prepared by you, or by your representatives (as defined hereinafter) which contain or otherwise reflect such information
or your review of, or interest in, the Company (collectively, the “Evaluation Materials”).
The term “Evaluation Materials” includes information furnished to you orally or in writing (whatever the form or storage medium) or gathered by
inspection, and regardless of whether such information is specifically identified as “confidential” including, but not limited to, all conversations,
meetings, negotiations, discussions, internal memoranda, documents and notes involving the Company and the Possible Transaction. The term
“Evaluation Materials” does not include information which (i) is or becomes generally available to you or the public other than as a result of a
disclosure by you or your representatives, (ii) was or becomes available to you on a non-confidential basis from a source other than the Company or
its representatives, provided that to your knowledge, after due inquiry, such source is not prohibited from disclosing such information to you by a
contractual, legal or fiduciary obligation to the Company or its representatives or (iii) is independently developed by you without violating your
obligations hereunder.",[],PENDING,false,,,,data/segmentation_v3/f28c4f3d35a152dd415f9b255122cb38.json,UNREVIEWED,legal_clause
f28c4f3d35a152dd415f9b255122cb38,f28c4f3d35a152dd415f9b255122cb38_clause_001,"Use of Evaluation Materials
You will not use any of the Evaluation Materials for any purpose other than the exclusive purpose of evaluating a Possible Transaction. Except as
required by law, you and your representatives will keep the Evaluation Materials confidential; provided, however, that (i) such information may be
disclosed to those of your directors, officers, employees, affiliates, agents and representatives (including attorneys, accountants and financial
advisors), lenders and other sources of debt financing (collectively, “your representatives”) who need to know such information for the purpose of
evaluating a Possible Transaction between you and the Company (it being understood that your representatives shall be informed by you of the
confidential nature of such information and shall be directed by you to treat such information as confidential in accordance with this agreement and
shall be under obligations of confidentiality with respect to such information) and (ii) any other disclosure of such information may only be made if
the Company consents in writing prior to any such disclosure. Without limiting the generality of the foregoing, in the event that a Possible
Transaction is not consummated, neither you nor your representatives shall use any of the Evaluation Materials for any purpose. You will be
responsible for any breach of this agreement by you or your representatives.
You hereby acknowledge that the Company is a publicly traded company. You further hereby acknowledge that you are aware, and that you will
advise your representatives who are informed as to the matters which are the subject of this agreement, that the United States securities laws prohibit
any person who has received from an issuer material, non-public information from purchasing or selling securities of such issuer or from
communicating such information to any other person under circumstances in which it is reasonably foreseeable that such person is likely to purchase
or sell such securities.
If you become aware of any unauthorized disclosure or use of any Evaluation Materials, you hereby covenant to promptly notify the Company.
Moreover, upon the request of the Company, you shall cooperate in assisting the Company in terminating or preventing any third parties from
disseminating or using the Evaluation Materials.
In the event that you or any of your representatives receive a request or are required (by deposition, interrogatory, request for documents, subpoena,
civil investigative demand or similar process) to disclose all or any part of the Evaluation Materials, you or your representatives, as the case may be,
hereby agree to (i) immediately notify the Company of the existence, terms and circumstances surrounding such request, (ii) unless to the extent
legally impracticable, consult with the Company on the advisability of taking legally available steps to resist or narrow such request and (iii) unless
to the extent legally impracticable, afford the Company with the opportunity to seek a protective order or other appropriate remedy. If your or your
representatives’ counsel advises that you or your representatives are legally compelled to disclose the Evaluation Materials to any person, (i) you or
your representatives, as the case may be, may, without liability hereunder, disclose to such person only that portion of the Evaluation Materials
which your counsel advised you is legally required to be disclosed. You agree to cooperate with the Company, at the Company’s expense, to obtain
assurance that confidential treatment will be accorded such Evaluation Materials.",[],PENDING,false,,,,data/segmentation_v3/f28c4f3d35a152dd415f9b255122cb38.json,PRIORITY_UNREVIEWED,legal_clause
f28c4f3d35a152dd415f9b255122cb38,f28c4f3d35a152dd415f9b255122cb38_clause_002,"2

Non-Disclosure
The disclosure of your possible interest in a Possible Transaction could have a material adverse effect on the Company and its business if for any
reason an agreement of purchase and sale is not consummated or a disclosure is made prior to the closing of a Possible Transaction. Accordingly,
unless required by applicable law or regulatory authority, you agree that prior to the closing of a Possible Transaction, without the prior written
consent of the Company, you will not, and you will direct your representatives not to, disclose to any person the fact that the Evaluation Materials
have been made available to you, discussions or negotiations have taken or are taking place concerning a Possible Transaction between the Company
and you or any of the terms, conditions or other facts with respect to any such Possible Transaction, including the status thereof. The term “person”
as used in this agreement shall be broadly interpreted to include, without limitation, the media, any corporation or limited liability company, the
Company, governmental agency or body, stock exchange, partnership, association or individual.
Ownership and Return of Evaluation Materials
All Evaluation Materials disclosed by or on behalf of the Company shall be and shall remain in the property of the Company. Upon the Company’s
request, you shall promptly deliver to the Company or destroy all written Evaluation Materials without retaining, in whole or in part, any copies,
extracts or other reproductions (whatever the form or storage medium) of such materials, and shall certify the delivery or destruction, as applicable,
of all such materials in writing to the Company; provided that economic analyses, privileged communication with your counsel and other proprietary
documentation shall not be required to be delivered to the Company but shall be destroyed as set forth in this sentence and provided further that you
may retain one copy of the Evaluation Materials in a secure location within your Legal Department. Notwithstanding the return or destruction of the
Evaluation Materials, you and your representatives will continue to be bound by your obligations of confidentiality and other obligations hereunder.
No Unauthorized Contact or Solicitation
During the course of your evaluation, all inquiries and other communications are to be made directly to the Financial Advisor or employees or
representatives of the Company specified by the Financial Advisor. Accordingly, except as set forth in the preceding sentence, you agree not to
directly or indirectly contact or communicate with any executive or other employee of the Company (in their capacities as officers or employees of
the Company) concerning a Possible Transaction, or to seek any information in connection therewith from such person, without the express written
consent of the Financial Advisor. You also agree not to discuss with or offer to any third party any equity participation in a Possible Transaction or
any other form of joint acquisition by you and such third party without the prior written consent of the Company.
Without the Company’s prior written consent, you will not for a period of eighteen months after the date of this agreement directly or indirectly
solicit for employment any person who is now employed by the Company in an executive-level position, or any person who is now employed by the
Company in a management-level position at the Company’s headquarters in Malvern, Pennsylvania, provided that you are not prohibited from
employing any such person who contacts you on his or her own initiative and without any direct or indirect solicitation by you",[],PENDING,false,,,,data/segmentation_v3/f28c4f3d35a152dd415f9b255122cb38.json,PRIORITY_UNREVIEWED,legal_clause
f28c4f3d35a152dd415f9b255122cb38,f28c4f3d35a152dd415f9b255122cb38_clause_003,"3

and the term “solicit for employment” shall not be deemed to include general solicitations of employment not specifically directed toward employees
of the Company.
Standstill
You agree that until eighteen months after the date of this agreement, you will not without the prior approval of the Board of Directors of the
Company (i) acquire or make any proposal to acquire any securities or property of the Company or to acquire any ability to exercise voting or
dispositive power with respect to any securities of the Company, (ii) propose to enter into any merger or business combination involving the
Company or purchase a material portion of the assets of the Company, (iii) make or participate in any solicitation of proxies to vote, or seek to advise
or influence any person with respect to the voting of any securities of the Company, (iv) form, join or participate in a “group” (within the meaning of
Section 13(d)(3) of the Securities Exchange Act of 1934, as amended), with respect to any voting securities of the Company, (v) otherwise act or
seek to control or influence the management, Board of Directors or policies of the Company, (vi) disclose any intention, plan or arrangement
inconsistent with the foregoing or (vii) take any action which might require the Company to make a public announcement regarding the possibility of
a business combination or merger. You also agree during such period not to request the Company (or its directors, officers, employees, agents or
representatives) to amend or waive any provision of this paragraph unless specifically invited to do so by the Board of Directors of the Company.
Notwithstanding the restrictions in this paragraph, after the Company has announced that it has entered into a definitive written agreement with a
third party with respect to a business combination transaction that, if consummated, would result in a transfer of corporate control of the Company,
you may make an acquisition proposal to the Company’s Board of Directors.
No Representation or Warranty
You acknowledge and agree that none of the Company, the Financial Advisor, or any of their respective representatives or agents is making any
representation or warranty, expressed or implied, as to the accuracy or completeness of the Evaluation Materials, and none of the Company, the
Financial Advisor, or any of their respective representatives or agents, nor any of their respective officers, directors, employees, representatives,
stockholders, owners, affiliates, advisors or agents, will have any liability to you or any other person resulting from the use of Evaluation Materials
by you or any of your representatives. Furthermore, nothing contained herein shall constitute an obligation on the part of the Company, the Financial
Advisor, or any of their respective representatives or agents to provide Evaluation Materials or to update any Evaluation Materials provided
hereunder. Only those representations or warranties that are made to you in a definitive agreement for the Possible Transaction (“Definitive
Agreement”) when, as, and if it is executed, and subject to such limitations and restrictions as may be specified in such Definitive Agreement, will
have any legal effect. For purposes of this agreement, the term “Definitive Agreement” does not include an executed non-binding letter of intent or
any other non-binding written agreement, nor does it include any oral acceptance of an offer or bid by you.
You also acknowledge and agree that no contract or agreement providing for the sale of the Company or any interest in the Company shall be
deemed to exist between you and the Company unless and until a Definitive Agreement has been executed and delivered by you and each of the",[],PENDING,false,,,,data/segmentation_v3/f28c4f3d35a152dd415f9b255122cb38.json,PRIORITY_UNREVIEWED,legal_clause
f28c4f3d35a152dd415f9b255122cb38,f28c4f3d35a152dd415f9b255122cb38_clause_004,"4

other parties thereto, and you hereby waive, in advance, any claims (including, without limitation, breach of contract) in connection with the sale of
the Company or any interest in the Company unless and until a Definitive Agreement has been executed and delivered by you and each of the other
parties thereto. You also agree that unless and until a Definitive Agreement between the Company and you with respect to the acquisition of the
Company or any interest in the Company has been executed and delivered by you and each of the other parties thereto, there shall not be any legal
obligation of any kind whatsoever with respect to any such transaction by virtue of this agreement or any other written or oral expression with
respect to such transaction except, in the case of this agreement, for the matters specifically agreed to herein.
You further understand and agree that (i) the Company and the Financial Advisor shall be free to conduct any process for the sale of the Company or
any interest in the Company as they in their sole discretion shall determine (including, without limitation, negotiating with any prospective
counterparty and entering into a Definitive Agreement without prior notice to you or to any other person), (ii) any procedures relating to such sale
may be changed at any time without notice to you or any other person and (iii) you shall not have any claims whatsoever against the Company, the
Financial Advisor or any of their respective directors, officers, employees, stockholders, owners, affiliates, agents or representatives arising out of or
relating to a Possible Transaction involving the Company. You further understand and agree that the Company reserves the right, in its sole
discretion, to reject any and all proposals made by you or any of your representatives with regard to any Possible Transaction, and to terminate
discussions and negotiations with you at any time. Neither this paragraph nor any other provision in this agreement can be waived or amended
except by written consent of the Company, which consent shall specifically refer to this paragraph (or such provision) and explicitly make such
waiver or amendment.
Legal Remedy
You understand and agree that money damages would not be a sufficient remedy for any breach of this agreement by you or your representatives and
that the Company will be entitled to specific performance and injunctive relief as remedies for any such breach. Such remedies shall not be deemed
to be the exclusive remedies for a breach of this agreement by you or your representatives but shall be in addition to all other remedies available at
law or equity. In the event of litigation relating to this agreement, if a court of competent jurisdiction determines that you or your representatives
have breached this agreement, then you shall reimburse the Company for its reasonable legal fees and expenses incurred in connection with such
litigation, including any appeals therefrom. Similarly, if a court of competent jurisdiction determines that you and/or your representatives did not
breach this agreement, then the Company shall reimburse you and/or your representatives for your reasonable legal fees and expenses incurred in
connection with such litigation, including any appeals therefrom.
Other
This agreement constitutes the entire agreement between the parties hereto regarding the subject matter hereof. This agreement may be changed only
by a written agreement signed by the parties hereto or their authorized representatives.",[],PENDING,false,,,,data/segmentation_v3/f28c4f3d35a152dd415f9b255122cb38.json,PRIORITY_UNREVIEWED,legal_clause
f28c4f3d35a152dd415f9b255122cb38,f28c4f3d35a152dd415f9b255122cb38_clause_005,"5

To the extent that any Evaluation Material may include materials subject to the attorney-client privilege, work product doctrine or any other
applicable privilege concerning pending or threatened legal proceedings or governmental investigations, you and the Company understand and agree
that you and the Company have a commonality of interest with respect to such matters and it is the Company’s and your desire, intention and mutual
understanding that the sharing of such material is not intended to, and shall not, waive or diminish in any way the confidentiality of such material or
its continued protection under the attorney-client privilege, work product doctrine or other applicable privilege. All Evaluation Material provided
that is entitled to protection under the attorney-client privilege, work product doctrine or other applicable privilege shall remain entitled to such
protection under these privileges, this agreement, and under the joint defense doctrine.
If any term or provision of this agreement is held by a court of competent jurisdiction to be invalid, void or unenforceable, the remainder of the terms
and provisions of this agreement shall remain in full force and effect and shall in no way be affected, impaired or invalidated.
The parties understand and agree that no failure or delay by the other party in exercising any right, power or privilege under this agreement shall
operate as a waiver thereof nor shall any single or partial exercise thereof preclude any other or future exercise of any right, power or privilege
hereunder.
This agreement shall be governed by and construed in accordance with the laws of the State of New York. You also hereby irrevocably and
unconditionally consent to submit to the exclusive jurisdiction of the courts of the State of New York and the United States of America, in each case
located in the County of New York, for any actions, suits or proceedings arising out of or relating to this agreement and the transactions
contemplated hereby (and you agree not to commence any action, suit or proceeding relating thereto except in such courts, and further agree that
service of any process, summons, notice or document by U.S. registered mail to your address set forth above shall be effective service of process for
any action, suit or proceeding brought against you in any such court). You hereby irrevocably and unconditionally waive any objection to the laying
of venue of any action, suit or proceeding arising out of this agreement or the transactions contemplated hereby, in the courts of the State of New
York or the United States of America, in each case located in the County of New York, and hereby further irrevocably and unconditionally waive and
agree not to plead or claim in any such court that any such action, suit or proceeding brought in any such court has been brought in an inconvenient
forum.
This agreement shall terminate two years after the date hereof.",[],PENDING,false,,,,data/segmentation_v3/f28c4f3d35a152dd415f9b255122cb38.json,UNREVIEWED,legal_clause
f28c4f3d35a152dd415f9b255122cb38,f28c4f3d35a152dd415f9b255122cb38_clause_006,"6

If you are in agreement with the foregoing, please sign and return one copy of this agreement, it being understood that all counterpart copies will
constitute but one agreement with respect to the subject matter of this letter.",[],PENDING,false,,,,data/segmentation_v3/f28c4f3d35a152dd415f9b255122cb38.json,UNREVIEWED,legal_clause
f28c4f3d35a152dd415f9b255122cb38,f28c4f3d35a152dd415f9b255122cb38_clause_007,"Very truly yours,
ORTHOVITA, INC.
By: /s/ Antony Koblish
 Antony Koblish,
 President and Chief Executive Officer",[],PENDING,false,,,,data/segmentation_v3/f28c4f3d35a152dd415f9b255122cb38.json,UNREVIEWED,legal_clause
f28c4f3d35a152dd415f9b255122cb38,f28c4f3d35a152dd415f9b255122cb38_clause_008,"Accepted and agreed to as of the date hereof;
Stryker Corporation
By: /s/ Bryant Zanko
 Bryant Zanko
 Vice President, Business Development",[],PENDING,false,,,,data/segmentation_v3/f28c4f3d35a152dd415f9b255122cb38.json,UNREVIEWED,legal_clause
f28c4f3d35a152dd415f9b255122cb38,f28c4f3d35a152dd415f9b255122cb38_clause_009,"7

[ORTHOVITA, INC. LETTERHEAD]
February 25, 2011
Bryant Zanko
Vice President, Business Development
Stryker Corporation
2725 Fairfield Road
Kalamazoo, MI 49002
Dear Bryant:
Reference is made to that certain letter agreement dated as of January 18, 2011 (the “Agreement”) by and between Orthovita, Inc. (the “Company”)
and Stryker Corporation (“Stryker”) in connection with Stryker’s consideration of a possible negotiated transaction with the Company. Capitalized
terms used herein and not otherwise defined herein shall have the meanings given to them in the Agreement.
In order for Stryker to receive access to a substantial amount of diligence information regarding the Company as part of the next phase of the process
contemplated under the Agreement, the Company requires Stryker to amend the Agreement in order to extend the confidentiality period thereunder
applicable to trade secrets.
Accordingly, the sentence on the last page of the Agreement that states, “This agreement shall terminate two years after the date hereof,” is amended
and restated in its entirety to read as follows:
“This agreement shall terminate two years after the date hereof, provided that the obligations set forth under Use of Evaluation Materials
insofar as they relate to the use and disclosure of a trade secret shall continue for so long as such trade secret continues to be a trade secret as
defined under 18 U.S.C. §1839(3)(A), (B) (1996), and only if the Company identified the general subject matter of such trade secret to you in
writing prior to disclosure to you and gave you the opportunity to decline receipt of such trade secret. Neither the foregoing nor the restrictions
in this agreement applicable to trade secrets is intended to preclude you from using residual knowledge retained in intangible form in the
unaided memories of your directors, employees, contractors and advisors as a result of exposure to the Company’s Evaluation Material. The
Company acknowledges that you may have in conception or development technology that may be very similar or even identical to the
Company’s trade secrets disclosed as part of the Evaluation Material.”
Except as specifically provided herein all other terms and conditions of the Agreement shall remain unchanged and in full force and effect.",[],PENDING,false,,,,data/segmentation_v3/f28c4f3d35a152dd415f9b255122cb38.json,UNREVIEWED,legal_clause
f28c4f3d35a152dd415f9b255122cb38,f28c4f3d35a152dd415f9b255122cb38_clause_010,"If you are in agreement with the foregoing, please sign and return one copy of this amendment to the Agreement, it being understood that all
counterpart copies will constitute but one agreement with respect to the subject matter of this letter.",[],PENDING,false,,,,data/segmentation_v3/f28c4f3d35a152dd415f9b255122cb38.json,UNREVIEWED,legal_clause
f28c4f3d35a152dd415f9b255122cb38,f28c4f3d35a152dd415f9b255122cb38_clause_011,"Very truly yours,
ORTHOVITA, INC.
By: /s/ Antony Koblish
 Antony Koblish,
 President and Chief Executive Officer",[],PENDING,false,,,,data/segmentation_v3/f28c4f3d35a152dd415f9b255122cb38.json,UNREVIEWED,legal_clause
f28c4f3d35a152dd415f9b255122cb38,f28c4f3d35a152dd415f9b255122cb38_clause_012,"Accepted and agreed to as of the date hereof:
Stryker Corporation
By: /s/ Bryant Zanko
 Bryant Zanko
 Vice President, Business Development",[],PENDING,false,,,,data/segmentation_v3/f28c4f3d35a152dd415f9b255122cb38.json,UNREVIEWED,legal_clause
f28c4f3d35a152dd415f9b255122cb38,f28c4f3d35a152dd415f9b255122cb38_clause_013,"2

CONFIDENTIALITY AGREEMENT
THIS CONFIDENTIALITY AGREEMENT (“Agreement”) is made as of April 27, 2011 by and among Stryker Corporation, a Michigan
corporation (collectively with its subsidiaries and Affiliates, “Stryker”); King & Spalding LLP (“K&S”) and Lerner, David, Littenberg, Krumholz &
Mentlik LLP (“LDLKM”), counsel to Stryker (collectively, “the Stryker Advisors”); and Orthovita, Inc., a Pennsylvania corporation (collectively
with its subsidiaries and Affiliates, “Orthovita”) (all heretofore named parties are collectively referred to herein as the “Parties”).
RECITALS",[],PENDING,false,,,,data/segmentation_v3/f28c4f3d35a152dd415f9b255122cb38.json,UNREVIEWED,legal_clause
f28c4f3d35a152dd415f9b255122cb38,f28c4f3d35a152dd415f9b255122cb38_clause_014,"WHEREAS, Stryker and Orthovita are exploring a possible business relationship, arrangement or transaction with each other (the “Possible
Transaction”);",[],PENDING,false,,,,data/segmentation_v3/f28c4f3d35a152dd415f9b255122cb38.json,UNREVIEWED,legal_clause
f28c4f3d35a152dd415f9b255122cb38,f28c4f3d35a152dd415f9b255122cb38_clause_015,"WHEREAS, Stryker and Orthovita entered into a January 18, 2011 letter agreement relating to confidentiality, as amended February 25, 2011
(the “Existing Confidentiality Agreement”);",[],PENDING,false,,,,data/segmentation_v3/f28c4f3d35a152dd415f9b255122cb38.json,UNREVIEWED,legal_clause
f28c4f3d35a152dd415f9b255122cb38,f28c4f3d35a152dd415f9b255122cb38_clause_016,"WHEREAS, Stryker has retained the Stryker Advisors to provide legal assistance in connection with the Possible Transaction (the
“Evaluation”);",[],PENDING,false,,,,data/segmentation_v3/f28c4f3d35a152dd415f9b255122cb38.json,UNREVIEWED,legal_clause
f28c4f3d35a152dd415f9b255122cb38,f28c4f3d35a152dd415f9b255122cb38_clause_017,"WHEREAS, the Parties wish to facilitate the provision by Orthovita of information and materials to the Stryker Advisors, but also desire to
ensure that appropriate safeguards and restrictions are followed with respect to the transmittal of any such information and materials to the Stryker
Advisors.
NOW, THEREFORE, in consideration of the promises and the mutual covenants contained herein, and for other good and valuable
consideration, the receipt and sufficiency of which are hereby acknowledged, the Parties, intending to be legally bound, hereby agree as follows:",[],PENDING,false,,,,data/segmentation_v3/f28c4f3d35a152dd415f9b255122cb38.json,UNREVIEWED,legal_clause
f28c4f3d35a152dd415f9b255122cb38,f28c4f3d35a152dd415f9b255122cb38_clause_018,"1. In order to permit Stryker to conduct the Evaluation, Orthovita or its employees, officers, or other representatives will provide to the Stryker
Advisors, orally, in writing, or by other means, the Trade Secret Information (as defined below). The Stryker Advisors agree that they will use the
Trade Secret Information only for the purposes of the Evaluation and will not share with Stryker or any other person any Trade Secret Information
except in accordance with the terms of this Agreement or as authorized in advance in writing by Orthovita or its representative.",[],PENDING,false,,,,data/segmentation_v3/f28c4f3d35a152dd415f9b255122cb38.json,UNREVIEWED,legal_clause
f28c4f3d35a152dd415f9b255122cb38,f28c4f3d35a152dd415f9b255122cb38_clause_019,"2. As used in this agreement, the term “Trade Secret Information” means information or materials that have, are related to or reflecting
(A) collagen processing techniques pertaining to medical grade collagen, Vitagel, Vitastat and other hemostat products, (B) details of the
composition of, exact formulations of raw materials, quality assurance test release criteria and manufacturing processes for Vitoss, Vitoss BA, Vitoss
Foam Products, Vitoss Flowable Products, Vitoss Elemental, Vitoss BA Bimodal, Vitoss BA2X, Vitagel, Vitastat and BA PEEK, (C) exact method
of making combeite (heat-treated bioactive glass), (D) sileanation of bioactive",[],PENDING,false,,,,data/segmentation_v3/f28c4f3d35a152dd415f9b255122cb38.json,UNREVIEWED,legal_clause
f28c4f3d35a152dd415f9b255122cb38,f28c4f3d35a152dd415f9b255122cb38_clause_020,"glass (currently used in Cortoss), (E) details of the Cortoss formulation and manufacturing process.
Trade Secret Information shall not include, however, information that (i) is or has been made available to Stryker by Orthovita or its representatives
(provided that this subsection (i) shall not apply to Trade Secret Information made available to Stryker by the Stryker Advisors), (ii) is or becomes
available to the public other than as a result of disclosure in breach of this Agreement, or (iii) is or becomes available to Stryker or the Stryker
Advisors from a source other than Orthovita or its representatives, provided that, to the best of Stryker’s or a Stryker Advisor’s knowledge, such
source is in lawful possession of such information and is not bound by any agreement with Orthovita to keep such information confidential, or
otherwise prohibited from transmitting such information to Stryker or any Stryker Advisor.",[],PENDING,false,,,,data/segmentation_v3/f28c4f3d35a152dd415f9b255122cb38.json,UNREVIEWED,legal_clause
f28c4f3d35a152dd415f9b255122cb38,f28c4f3d35a152dd415f9b255122cb38_clause_021,"3. Nothing in this Agreement shall (i) prohibit the Stryker Advisors from conducting investigations based on the Trade Secret Information,
provided that no source of information under such investigation is known by Stryker or any Stryker Advisor, to the best of its knowledge, to be
bound by any agreement with Orthovita to keep such information confidential, and otherwise is not prohibited from transmitting such information to
Stryker or any Stryker Advisor, (ii) prohibit the Stryker Advisors from advising Stryker regarding the Stryker Advisors’ opinions based on their
investigations, and the general reasons for its opinions, about any matters for which the Stryker Advisors are engaged to advise Stryker, or
(iii) require the Stryker Advisors to obtain prior review or approval from Orthovita before rendering such opinions to Stryker.",[],PENDING,false,,,,data/segmentation_v3/f28c4f3d35a152dd415f9b255122cb38.json,UNREVIEWED,legal_clause
f28c4f3d35a152dd415f9b255122cb38,f28c4f3d35a152dd415f9b255122cb38_clause_022,"4. The Stryker Advisors shall not disclose Trade Secret Information to any third party, including a third party consultant engaged to assist in
the Evaluation (a “Consultant”) unless, prior to any such disclosure, such Consultant agrees in writing to be bound by the terms of this Agreement,
the Stryker Advisors notify Orthovita of the identity of such Consultant and Orthovita approves in writing the disclosure of Trade Secret Information
to such Consultant.",[],PENDING,false,,,,data/segmentation_v3/f28c4f3d35a152dd415f9b255122cb38.json,UNREVIEWED,legal_clause
f28c4f3d35a152dd415f9b255122cb38,f28c4f3d35a152dd415f9b255122cb38_clause_023,"5. To the extent that Stryker inadvertently receives information, whether oral or written, that it reasonably believes constitutes, contains, or
discloses Trade Secret Information, Stryker shall: (i) promptly report such receipt to Orthovita; and (ii) promptly turn over all originals and copies
(including all electronic copies in any media) of such Trade Secret Information, to the extent it is written, to Orthovita. If confirmed to be Trade
Secret Information, Stryker agrees to maintain such Trade Secret Information in confidence so long as it remains a trade secret. If not confirmed to
be Trade Secret Information, Orthovita shall return all materials turned over by Stryker to the extent that the Evaluation is ongoing.",[],PENDING,false,,,,data/segmentation_v3/f28c4f3d35a152dd415f9b255122cb38.json,UNREVIEWED,legal_clause
f28c4f3d35a152dd415f9b255122cb38,f28c4f3d35a152dd415f9b255122cb38_clause_024,"6. Upon the request of Orthovita or its representative, and within two (2) weeks after such request (unless another time frame is agreed to in
writing by the Parties), the Stryker Advisors shall return all originals and copies of any Trade Secret Information (including all electronic copies in
any media) to Orthovita and shall destroy all notes, hard copies and electronic copies, that contain or disclose Trade Secret Information, and shall
certify as to such destruction to Orthovita in writing.",[],PENDING,false,,,,data/segmentation_v3/f28c4f3d35a152dd415f9b255122cb38.json,UNREVIEWED,legal_clause
f28c4f3d35a152dd415f9b255122cb38,f28c4f3d35a152dd415f9b255122cb38_clause_025,"2

7. Each of Stryker and the Stryker Advisors acknowledges that money damages are an inadequate remedy for breach of this Agreement
because of the difficulty of ascertaining the amount of damage that may be suffered in the event that this Agreement is breached and other factors,
including irreparable injury to Orthovita. Therefore, Orthovita shall be entitled to such equitable relief as may be appropriate, including an injunction
and specific performance, in the event of any breach of the provisions of this Agreement by any other Party, in addition to all other remedies
available to Orthovita at law or in equity.
8.",[],PENDING,false,,,,data/segmentation_v3/f28c4f3d35a152dd415f9b255122cb38.json,UNREVIEWED,legal_clause
f28c4f3d35a152dd415f9b255122cb38,f28c4f3d35a152dd415f9b255122cb38_clause_026,"(a)
This Agreement and all disputes or controversies arising out of or relating to or seeking to enforce this Agreement shall be governed by,
and construed in accordance with, the internal laws of the State of Delaware, without regard to the laws of any other jurisdiction that
might be applied because of the conflicts of laws principles.",[],PENDING,false,,,,data/segmentation_v3/f28c4f3d35a152dd415f9b255122cb38.json,UNREVIEWED,legal_clause
f28c4f3d35a152dd415f9b255122cb38,f28c4f3d35a152dd415f9b255122cb38_clause_027,"(b)
TO THE EXTENT NOT PROHIBITED BY APPLICABLE LAW WHICH CANNOT BE WAIVED, THE PARTIES HERETO
HEREBY WAIVE AND COVENANT THAT THEY WILL NOT ASSERT (WHETHER AS PLAINTIFF, DEFENDANT OR
OTHERWISE) ANY RIGHT TO TRIAL BY JURY IN ANY FORUM IN RESPECT TO ANY CLAIM, CAUSE OF ACTION OR
SUIT (IN CONTRACT, TORT OR OTHERWISE) ARISING OUT OF OR BASED UPON THIS AGREEMENT OR THE SUBJECT
MATTER HEREOF. ANY PARTY HERETO MAY FILE AN ORIGINAL COUNTERPART OR A COPY OF THIS SECTION 8(b)",[],PENDING,false,,,,data/segmentation_v3/f28c4f3d35a152dd415f9b255122cb38.json,UNREVIEWED,legal_clause
f28c4f3d35a152dd415f9b255122cb38,f28c4f3d35a152dd415f9b255122cb38_clause_028,"WITH ANY COURT AS WRITTEN EVIDENCE OF THE CONSENT OF EACH SUCH PARTY TO THE WAIVER OF ITS RIGHT
TO TRIAL BY JURY.",[],PENDING,false,,,,data/segmentation_v3/f28c4f3d35a152dd415f9b255122cb38.json,UNREVIEWED,legal_clause
f28c4f3d35a152dd415f9b255122cb38,f28c4f3d35a152dd415f9b255122cb38_clause_029,"9. Nothing herein shall preclude the Stryker Advisors from disclosing any Trade Secret Information, to the extent required by applicable law or
valid subpoena provided that, with respect to each of the foregoing and: (i) the Stryker Advisors shall notify Orthovita of the existence, terms and
circumstances surrounding such disclosure as far in advance as is reasonably practicable and consult with Orthovita on the advisability of taking
steps available under applicable law to resist or narrow the scope of any such compelled disclosure, (ii) the Stryker Advisors shall reasonably
cooperate with Orthovita in taking any such steps to resist or narrow the scope of any such disclosure as may be requested by Orthovita, (iii) the
Stryker Advisors shall exercise their reasonable best efforts to provide such information on a confidential basis or obtain an order or other assurance
that confidential treatment will be accorded to such information, and (iv) the Stryker Advisors shall exercise their reasonable best efforts to permit
Orthovita or its counsel, at Orthovita’s expense, to attend all depositions and other proceedings pertaining to such disclosure.",[],PENDING,false,,,,data/segmentation_v3/f28c4f3d35a152dd415f9b255122cb38.json,UNREVIEWED,legal_clause
f28c4f3d35a152dd415f9b255122cb38,f28c4f3d35a152dd415f9b255122cb38_clause_030,"10. The Parties hereby agree that this Agreement shall not be construed in any manner to be an obligation to proceed with the Proposed
Transaction.",[],PENDING,false,,,,data/segmentation_v3/f28c4f3d35a152dd415f9b255122cb38.json,UNREVIEWED,legal_clause
f28c4f3d35a152dd415f9b255122cb38,f28c4f3d35a152dd415f9b255122cb38_clause_031,"11. Orthovita shall not use the disclosure of the Trade Secret Information to the Stryker Advisors to disqualify the Stryker Advisors from
representing Stryker in any matter.",[],PENDING,false,,,,data/segmentation_v3/f28c4f3d35a152dd415f9b255122cb38.json,UNREVIEWED,legal_clause
f28c4f3d35a152dd415f9b255122cb38,f28c4f3d35a152dd415f9b255122cb38_clause_032,"3

12. This Agreement may be executed in one or more counterparts, each of which shall be deemed to be an original and all of which taken
together shall be deemed to constitute one and the same agreement.",[],PENDING,false,,,,data/segmentation_v3/f28c4f3d35a152dd415f9b255122cb38.json,UNREVIEWED,legal_clause
f28c4f3d35a152dd415f9b255122cb38,f28c4f3d35a152dd415f9b255122cb38_clause_033,"13. All notices, demands or other communications to be given or delivered under or by reason of the provisions of this Agreement shall be in
writing and shall be deemed to have been duly given if (i) delivered personally to the recipient, (ii) sent to the recipient by reputable express courier
service (charges prepaid) or mailed to the recipient by certified or registered mail, return receipt requested and postage prepaid, or (iii) transmitted by
telecopy to the recipient with a confirmation copy to follow the next day to be delivered by overnight carrier. Date of service of such notice shall be
(A) the date such notice is personally delivered, (B) three days after the date of mailing if sent by certified or registered mail, (C) the next business
day after the date of delivery to the overnight courier if sent by overnight courier or (D) the next business day after the date of transmittal by
telecopy. Such notices, demands and other communications shall be sent to the addresses indicated below or to such other address or to the attention
of such other person as the recipient Party has specified by prior written notice to the sending Party.",[],PENDING,false,,,,data/segmentation_v3/f28c4f3d35a152dd415f9b255122cb38.json,UNREVIEWED,legal_clause
f28c4f3d35a152dd415f9b255122cb38,f28c4f3d35a152dd415f9b255122cb38_clause_034,"(a)
if to Stryker, to
Stryker Corporation
325 Corporate Drive
Mahwah, NJ 07430
Attention: Legal Department, Stryker Orthopaedics
Facsimile: (201) 831-4704
with a copy to:
King & Spalding LLP
1700 Pennsylvania Avenue, NW
Washington, DC 20006
Attention: Pamela F. Forrest
Facsimile: (202) 626-3737
and to:
Lerner, David, Littenberg, Krumholz & Mentlik LLP
600 South Avenue West
Westfield, NJ 07090
Attention: Keith E. Gilman
Facsimile: (908) 654-7866",[],PENDING,false,,,,data/segmentation_v3/f28c4f3d35a152dd415f9b255122cb38.json,UNREVIEWED,legal_clause
f28c4f3d35a152dd415f9b255122cb38,f28c4f3d35a152dd415f9b255122cb38_clause_035,"(b)
if to Orthovita, to:
Orthovita, Inc.
77 Great Valley Parkway
Malvern, PA 19355
Attention: General Counsel
Facsimile: (610) 640-2603",[],PENDING,false,,,,data/segmentation_v3/f28c4f3d35a152dd415f9b255122cb38.json,UNREVIEWED,legal_clause
f28c4f3d35a152dd415f9b255122cb38,f28c4f3d35a152dd415f9b255122cb38_clause_036,"4

14.

(a)
No failure or delay by any Party in exercising any right, power or privilege hereunder will operate as a wavier thereof, nor will any
single or partial exercise thereof preclude any other or further exercise thereof or the exercise of any other right, power or privilege
hereunder.",[],PENDING,false,,,,data/segmentation_v3/f28c4f3d35a152dd415f9b255122cb38.json,UNREVIEWED,legal_clause
f28c4f3d35a152dd415f9b255122cb38,f28c4f3d35a152dd415f9b255122cb38_clause_037,"(b)
This Agreement and the Existing Confidentiality Agreement (which shall remain in full force and effect) embody the entire agreement
and understanding of the Parties with respect to the subject matter hereof and supersede all prior discussions, negotiations, agreements
and understandings among the Parties with respect to the subject matter hereof and thereof.",[],PENDING,false,,,,data/segmentation_v3/f28c4f3d35a152dd415f9b255122cb38.json,UNREVIEWED,legal_clause
f28c4f3d35a152dd415f9b255122cb38,f28c4f3d35a152dd415f9b255122cb38_clause_038,"(c)
This Agreement supplements but does not replace or supersede any prior agreements between the parties relating to the exchange of
confidential information in connection with the Possible Transaction, including the Existing Confidentiality Agreement.",[],PENDING,false,,,,data/segmentation_v3/f28c4f3d35a152dd415f9b255122cb38.json,UNREVIEWED,legal_clause
f28c4f3d35a152dd415f9b255122cb38,f28c4f3d35a152dd415f9b255122cb38_clause_039,"(d)
This Agreement may be amended only by a writing signed by all Parties hereto.",[],PENDING,false,,,,data/segmentation_v3/f28c4f3d35a152dd415f9b255122cb38.json,UNREVIEWED,legal_clause
f28c4f3d35a152dd415f9b255122cb38,f28c4f3d35a152dd415f9b255122cb38_clause_040,"(e)
No Party may assign this Agreement or any of its rights hereunder without the written consent of the other Parties, without the prior
express written approval of the other Parties. This Agreement shall be binding and inure to the benefit of the Parties, and their respective
successors and assigns.",[],PENDING,false,,,,data/segmentation_v3/f28c4f3d35a152dd415f9b255122cb38.json,UNREVIEWED,legal_clause
f28c4f3d35a152dd415f9b255122cb38,f28c4f3d35a152dd415f9b255122cb38_clause_041,"15. For purposes of this Agreement, “Affiliate(s)” means, as to any person(s) or entity(ies), that directly or indirectly through on or more
intermediaries, controls, is controlled by, or is under common control with, person(s) or entity(ies). Each Party shall cause each of its controlled
Affiliates to comply with the terms of this Agreement as if such controlled Affiliate were a Party hereto.",[],PENDING,false,,,,data/segmentation_v3/f28c4f3d35a152dd415f9b255122cb38.json,UNREVIEWED,legal_clause
f28c4f3d35a152dd415f9b255122cb38,f28c4f3d35a152dd415f9b255122cb38_clause_042,"16. If any portion or provision of this Agreement shall to any extent be declared illegal or unenforceable by a court of competent jurisdiction,
then the remainder of this Agreement, or the application of such portion or provision in circumstances other than those as to which it is so declared
illegal or unenforceable, shall not be affected thereby, and each portion and provision of this Agreement shall be valid and enforceable to the fullest
extent permitted by applicable law.",[],PENDING,false,,,,data/segmentation_v3/f28c4f3d35a152dd415f9b255122cb38.json,UNREVIEWED,legal_clause
f28c4f3d35a152dd415f9b255122cb38,f28c4f3d35a152dd415f9b255122cb38_clause_043,"5

IN WITNESS WHEREOF, the Parties hereto have executed this Agreement as of the date first written above.",[],PENDING,false,,,,data/segmentation_v3/f28c4f3d35a152dd415f9b255122cb38.json,UNREVIEWED,legal_clause
f28c4f3d35a152dd415f9b255122cb38,f28c4f3d35a152dd415f9b255122cb38_clause_044,STRYKER CORPORATION,[],PENDING,false,,,,data/segmentation_v3/f28c4f3d35a152dd415f9b255122cb38.json,PRIORITY_UNREVIEWED,section_heading
f28c4f3d35a152dd415f9b255122cb38,f28c4f3d35a152dd415f9b255122cb38_clause_045,"ORTHOVITA, INC.
By:
 /s/ Bryant Zanko",[],PENDING,false,,,,data/segmentation_v3/f28c4f3d35a152dd415f9b255122cb38.json,UNREVIEWED,legal_clause
f28c4f3d35a152dd415f9b255122cb38,f28c4f3d35a152dd415f9b255122cb38_clause_046,"By:
 /s/ Antony Koblish
Name: Bryant Zanko",[],PENDING,false,,,,data/segmentation_v3/f28c4f3d35a152dd415f9b255122cb38.json,UNREVIEWED,legal_clause
f28c4f3d35a152dd415f9b255122cb38,f28c4f3d35a152dd415f9b255122cb38_clause_047,"Name: Antony Koblish
Title: VP, Business Development",[],PENDING,false,,,,data/segmentation_v3/f28c4f3d35a152dd415f9b255122cb38.json,UNREVIEWED,legal_clause
f28c4f3d35a152dd415f9b255122cb38,f28c4f3d35a152dd415f9b255122cb38_clause_048,Title: President and CEO,[],PENDING,false,,,,data/segmentation_v3/f28c4f3d35a152dd415f9b255122cb38.json,UNREVIEWED,legal_clause
f28c4f3d35a152dd415f9b255122cb38,f28c4f3d35a152dd415f9b255122cb38_clause_049,KING & SPALDING LLP,[],PENDING,false,,,,data/segmentation_v3/f28c4f3d35a152dd415f9b255122cb38.json,PRIORITY_UNREVIEWED,section_heading
f28c4f3d35a152dd415f9b255122cb38,f28c4f3d35a152dd415f9b255122cb38_clause_050,"LERNER DAVID LITTENBERG
KRUMHOLZ & MENTLIK LLP
By:
 /s/ Pamela F. Forrest",[],PENDING,false,,,,data/segmentation_v3/f28c4f3d35a152dd415f9b255122cb38.json,UNREVIEWED,legal_clause
f28c4f3d35a152dd415f9b255122cb38,f28c4f3d35a152dd415f9b255122cb38_clause_051,"By:
 /s/ Keith E. Gilman
Name: Pamela F. Forrest",[],PENDING,false,,,,data/segmentation_v3/f28c4f3d35a152dd415f9b255122cb38.json,UNREVIEWED,legal_clause
f28c4f3d35a152dd415f9b255122cb38,f28c4f3d35a152dd415f9b255122cb38_clause_052,"Name: Keith E. Gilman
Title: Partner",[],PENDING,false,,,,data/segmentation_v3/f28c4f3d35a152dd415f9b255122cb38.json,UNREVIEWED,legal_clause
f28c4f3d35a152dd415f9b255122cb38,f28c4f3d35a152dd415f9b255122cb38_clause_053,"Title: Partner

6

[ORTHOVITA, INC. LETTERHEAD]
May 8, 2011
Bryant Zanko
Vice President, Business Development
Stryker Corporation
2725 Fairfield Road
Kalamazoo, MI 49002
Dear Bryant:
Reference is made to that certain letter agreement dated as of January 18, 2011 by and between Orthovita, Inc. (the “Company”) and Stryker
Corporation (“Stryker”), as amended on February 25, 2011 (the “Agreement”). Capitalized terms used herein and not otherwise defined herein shall
have the meanings given to them in the Agreement.
Stryker has requested that Orthovita disclose certain trade secrets to certain of its employees (the “Stryker Trade Secret Recipients” as set forth
below) as part of the evaluation of a possible negotiated transaction between the parties. By execution and delivery of this letter, Stryker agrees that
the Stryker Trade Secret Recipients may receive access to the trade secrets described below, which trade secrets are included within the definition of
Evaluation Materials under the Agreement:
Information or materials that have, are related to or reflect processing techniques pertaining to pepsinized, soluable collagen and/or pepsinized,
soluable collagen in solution with thrombin.
The “Stryker Trade Secret Recipients” are: William Cymbaluk, Vice President of Clinical/Quality/Regulatory Affairs; Anthony Faucette, Sr.
Manager, Sterilization Sciences; Rod Parker, Sr. Clinical Sciences Manager; and Leisel Masson, Sr. Microbiologist.
Stryker further agrees that it shall inform the Stryker Trade Secret Recipients of the confidential nature of the trade secrets described herein and shall
be directed by Stryker, and shall have agreed or shall otherwise be bound by an obligation, to treat such information confidential in accordance with
the Agreement.
Except as specifically provided herein all other terms and conditions of the Agreement shall remain unchanged and in full force and effect.",[],PENDING,false,,,,data/segmentation_v3/f28c4f3d35a152dd415f9b255122cb38.json,UNREVIEWED,legal_clause
f28c4f3d35a152dd415f9b255122cb38,f28c4f3d35a152dd415f9b255122cb38_clause_054,"If you are in agreement with the foregoing, please sign and return one copy of this letter.",[],PENDING,false,,,,data/segmentation_v3/f28c4f3d35a152dd415f9b255122cb38.json,PRIORITY_UNREVIEWED,legal_clause
f28c4f3d35a152dd415f9b255122cb38,f28c4f3d35a152dd415f9b255122cb38_clause_055,"Very truly yours,

ORTHOVITA, INC.
By: /s/ Antony Koblish",[],PENDING,false,,,,data/segmentation_v3/f28c4f3d35a152dd415f9b255122cb38.json,UNREVIEWED,legal_clause
f28c4f3d35a152dd415f9b255122cb38,f28c4f3d35a152dd415f9b255122cb38_clause_056,"Antony Koblish,
President and Chief Executive Officer",[],PENDING,false,,,,data/segmentation_v3/f28c4f3d35a152dd415f9b255122cb38.json,UNREVIEWED,legal_clause
f28c4f3d35a152dd415f9b255122cb38,f28c4f3d35a152dd415f9b255122cb38_clause_057,"Accepted and agreed to as of the date hereof:
Stryker Corporation
By: /s/ Bryant Zanko",[],PENDING,false,,,,data/segmentation_v3/f28c4f3d35a152dd415f9b255122cb38.json,UNREVIEWED,legal_clause
f28c4f3d35a152dd415f9b255122cb38,f28c4f3d35a152dd415f9b255122cb38_clause_058,"Bryant Zanko
Vice President, Business Development",[],PENDING,false,,,,data/segmentation_v3/f28c4f3d35a152dd415f9b255122cb38.json,UNREVIEWED,legal_clause
f28c4f3d35a152dd415f9b255122cb38,f28c4f3d35a152dd415f9b255122cb38_clause_059,2,[],PENDING,false,,,,data/segmentation_v3/f28c4f3d35a152dd415f9b255122cb38.json,PRIORITY_UNREVIEWED,fragment
