document_id,clause_id,clause_text,suspected_category_signal,signal_terms,priority_score,priority_rank,label_source
d714d261,d714d261edc4d361e7d2ebabccaada50_clause_001,"CONFIDENTIALITY, NON-INTERFERENCE, AND INVENTION ASSIGNMENT AGREEMENT
As a condition of my becoming employed by, or continuing employment with, HealthEquity, Inc., a Delaware
corporation (the “Company”), and in consideration of my employment with the Company and my receipt of the
compensation now and hereafter paid to me by the Company, I agree to the following terms set forth in this
Confidentiality, Non-Interference, and Invention Assignment Agreement (this “Non-Interference Agreement”):",Intellectual Property,invention,124.3,1,heuristic_candidate_only
d714d261,d714d261edc4d361e7d2ebabccaada50_clause_003,"(a) Company Group Information. I acknowledge that, during the course of my employment, I will have access
to information about the Company and its direct and indirect subsidiaries and affiliates (collectively, the “Company
Group”) and that my employment with the Company shall bring me into close contact with confidential and proprietary
information of any member of the Company Group. In recognition of the foregoing, I agree, at all times during the term
of my employment with the Company and thereafter, to hold in confidence, and not to use, except for the benefit of any
member of the Company Group, or to disclose to any person, firm, corporation, or other entity without written
authorization of the Company, any Confidential Information that I obtain or create. I further agree not to make copies of
such Confidential Information except as authorized by the Company. I understand that “Confidential Information”
means information that any member of the Company Group has developed, acquired, created, compiled, discovered, or
owned or will develop, acquire, create, compile, discover, or own, that has value in or to the business of any member of
the Company Group that is not generally known and that the Company wishes to maintain as confidential. I understand
that Confidential Information includes, but is not limited to, any and all non-public information that relates to the actual
or anticipated business and/or products, research, or development of the Company, or to the Company’s technical data,
trade secrets, or know-how, including, but not limited to, research, product plans, or other information regarding the
Company’s products or services and markets, customer lists, and customers (including, but not limited to, customers of
the Company on whom I called or with whom I may become acquainted during the term of my employment), software,
developments, inventions, processes, formulas, technology, designs, drawings, engineering, hardware configuration
information, marketing, finances, and other business information disclosed by the Company either directly or indirectly
in writing, orally, or by drawings or inspection of premises, parts, equipment, or other Company property.
Notwithstanding the foregoing, Confidential Information shall not include (i) any of the foregoing items that have
become publicly and widely known through no unauthorized disclosure by me or others who were under confidentiality
obligations as to the item or items involved, or (ii) any information that I am required to disclose to, or by, any
governmental or judicial authority; provided, however, that in such event I will give the Company prompt written notice
thereof so that any member of the Company Group may seek an appropriate protective order and/or waive in writing
compliance with the confidentiality provisions of this Non-Interference Agreement.
A-1",Intellectual Property; Governing Law and Jurisdiction,govern; invention; proprietary; trade secret,124.3,1,heuristic_candidate_only
d714d261,d714d261edc4d361e7d2ebabccaada50_clause_004,"(b) Former Employer Information. I represent that my performance of all of the terms of this Non-Interference
Agreement as an employee of the Company has not breached and will not breach any agreement to keep in confidence
proprietary information, knowledge, or data acquired by me in confidence or trust prior or subsequent to the
commencement of my employment with the Company, and I will not disclose to any member of the Company Group, or
induce any member of the Company Group to use, any developments, or confidential or proprietary information or
material I may have obtained in connection with employment with any prior employer in violation of a confidentiality
agreement, nondisclosure agreement, or similar agreement with such prior employer.",Liability for Damages; Intellectual Property,breach; proprietary,124.3,1,heuristic_candidate_only
d714d261,d714d261edc4d361e7d2ebabccaada50_clause_005,"(c) Third Party Information. I understand that the Company Group has received and in the future may receive
from third parties confidential or proprietary information (“Third Party Information”) subject to a duty on the Company
Group’s part to maintain the confidentiality of such information and to use it only for certain limited purposes. In
recognition of the foregoing, I agree, at all times during the period of my employment with the Company (the
“Employment Period”) and thereafter, to hold in confidence and will not disclose to anyone (other than Company Group
personnel who need to know such information in connection with their work for the Company Group), and not to use,
except for the benefit of the Company Group, Third Party Information without the express prior written consent of an
officer of the Company and otherwise treat Third Party Information as Confidential Information.",Intellectual Property,proprietary,124.3,1,heuristic_candidate_only
d714d261,d714d261edc4d361e7d2ebabccaada50_clause_006,(d) Whistleblower; Defend Trade Secrets Act Disclosure.,Intellectual Property,trade secret,124.3,1,heuristic_candidate_only
d714d261,d714d261edc4d361e7d2ebabccaada50_clause_007,"(i) In addition, I understand that nothing in this Agreement shall be construed to prohibit me from
reporting possible violations of law or regulation to any governmental agency or regulatory body or making other
disclosures that are protected under any law or regulation, or from filing a charge with or participating in any
investigation or proceeding conducted by any governmental agency or regulatory body.",Governing Law and Jurisdiction,govern,124.3,1,heuristic_candidate_only
d714d261,d714d261edc4d361e7d2ebabccaada50_clause_008,"(ii) I understand that the Defend Trade Secrets Act provides that I may not be held criminally or civilly
liable under any Federal or state trade secret law for the disclosure of a trade secret that is made in confidence to a
Federal, state, or local government official, either directly or indirectly, or to an attorney, and solely for the purpose of
reporting or investigating a suspected violation of law; or that is made in a complaint or other document filed in a lawsuit
or other proceeding, if such filing is made under seal. In the event that I file a lawsuit for retaliation by any member of
the Company Group for reporting a suspected violation of law, I may disclose the trade secret to my attorney and use the
trade secret information in the court proceeding, if I file any document containing the trade secret under seal and do not
disclose the trade secret, except pursuant to court order.",Intellectual Property; Governing Law and Jurisdiction,court; govern; trade secret,124.3,1,heuristic_candidate_only
d714d261,d714d261edc4d361e7d2ebabccaada50_clause_010,"(a) Developments Retained and Licensed. I have attached hereto, as Schedule A, a list describing with
particularity all developments, original works of authorship, improvements, and trade secrets that I can demonstrate
were created or owned by me prior to the
A-2",Intellectual Property,license; trade secret,124.3,1,heuristic_candidate_only
d714d261,d714d261edc4d361e7d2ebabccaada50_clause_011,"commencement of my employment (collectively referred to as “Prior Developments”), which belong solely to me or
belong to me jointly with another, that relate in any way to any of the actual or proposed businesses, products, or
research and development of any member of the Company Group, and that are not assigned to the Company hereunder,
or if no such list is attached, I represent that there are no such Prior Developments. If, during any period during which I
perform or performed services for any member of the Company Group both before or after the date hereof (the
“Assignment Period”), whether as an officer, employee, director, independent contractor, consultant, or agent, or in any
other capacity, I incorporate (or have incorporated) into any member of the Company Group’s product or process a Prior
Development owned by me or in which I have an interest, I hereby grant each member of the Company Group, and each
member of the Company Group shall have, a non-exclusive, royalty-free, irrevocable, perpetual, transferable worldwide
license (with the right to sublicense) to make, have made, copy, modify, make derivative works of, use, sell, and
otherwise distribute such Prior Development as part of or in connection with such product or process.",Competition Rights; Intellectual Property,exclusive; license,124.3,1,heuristic_candidate_only
d714d261,d714d261edc4d361e7d2ebabccaada50_clause_012,"(b) Assignment of Developments. I agree that I will, without additional compensation, promptly make full
written disclosure to the Company, and will hold in trust for the sole right and benefit of the Company all developments,
original works of authorship, inventions, concepts, know-how, improvements, trade secrets, and similar proprietary
rights, whether or not patentable or registrable under copyright or similar laws, which I may solely or jointly conceive
or develop or reduce to practice, or have solely or jointly conceived or developed or reduced to practice, or have caused
or may cause to be conceived or developed or reduced to practice, during the Assignment Period, whether or not during
regular working hours, provided they either (i) relate at the time of conception, development or reduction to practice to
the business of any member of the Company Group, or the actual or anticipated research or development of any
member of the Company Group; (ii) result from or relate to any work performed for any member of the Company
Group; or (iii) are developed through the use of equipment, supplies, or facilities of any member of the Company
Group, or any Confidential Information, or in consultation with personnel of any member of the Company Group
(collectively referred to as “Developments”). I further acknowledge that all Developments made by me (solely or jointly
with others) within the scope of and during the Assignment Period are “works made for hire” (to the greatest extent
permitted by applicable law) for which I am, in part, compensated by my salary, unless regulated otherwise by law, but
that, in the event any such Development is deemed not to be a work made for hire, I hereby assign to the Company, or
its designee, all my right, title, and interest throughout the world in and to any such Development. If any Developments
cannot be assigned, I hereby grant to each member of the Company Group an exclusive, assignable, irrevocable,
perpetual, worldwide, sublicenseable (through one or multiple tiers), royalty-free, unlimited license to use, make,
modify, sell, offer for sale, reproduce, distribute, create derivative works of, publicly perform, publicly display and
digitally perform and display such work in any media now known or hereafter known. Outside the scope of my service,
whether during or after my employment with any member of the Company Group, I agree not to (i) modify, adapt, alter,
translate, or create derivative works from any such work of authorship or (ii) merge any such work of authorship with
other Developments. To the extent rights related to paternity, integrity, disclosure and withdrawal (collectively, “Moral
Rights”) may not be assignable under applicable law and to the extent the
A-3",Competition Rights; Intellectual Property,copyright; exclusive; invention; license; patent; proprietary; trade secret,124.3,1,heuristic_candidate_only
d714d261,d714d261edc4d361e7d2ebabccaada50_clause_015,"(d) Intellectual Property Rights. I agree to assist the Company, or its designee, at the Company’s expense, in
every way to secure the rights of each member of the Company Group in the Developments and any copyrights, patents,
trademarks, service marks, database rights, domain names, mask work rights, moral rights, and other intellectual
property rights relating thereto in any and all countries, including the disclosure to the Company of all pertinent
information and data with respect thereto, the execution of all applications, specifications, oaths, assignments,
recordations, and all other instruments that the Company shall deem necessary in order to apply for, obtain, maintain,
and transfer such rights and in order to assign and convey to each member of the Company Group the sole and
exclusive right, title, and interest in and to such Developments, and any intellectual property and other proprietary rights
relating thereto. I further agree that my obligation to execute or cause to be executed, when it is in my power to do so,
any such instrument or papers shall continue after the Assignment Period until the expiration of the last such intellectual
property right to expire in any country of the world; provided, however, the Company shall reimburse me for my
reasonable expenses incurred in connection with carrying out the foregoing obligation. If the Company is unable
because of my mental or physical incapacity or unavailability for any other reason to secure my signature to apply for or
to pursue any application for any United States or foreign patents or copyright registrations covering Developments or
original works of authorship assigned to the Company as above, then I hereby irrevocably designate and appoint the
Company and its duly authorized officers and agents as my agent and attorney in fact to act for and in my behalf and
stead to execute and file any such applications or records and to do all other lawfully permitted acts to further the
application for, prosecution, issuance, maintenance, and transfer of letters patent or registrations thereon with the same
legal force and effect as if originally executed by me. I hereby waive and irrevocably quitclaim to the Company any and
all claims, of any nature whatsoever, that I now or hereafter have for past, present, or future infringement of any and all
proprietary rights assigned to the Company.",Competition Rights; Intellectual Property,copyright; exclusive; intellectual property; patent; proprietary; trademark,124.3,1,heuristic_candidate_only
d714d261,d714d261edc4d361e7d2ebabccaada50_clause_020,"(a) Non-Competition. During the Employment Period and the Post-Termination Non-Compete Period, I shall
not, directly or indirectly, individually or on behalf of any person, company, enterprise, or entity, or as a sole proprietor,
partner, stockholder, director, officer, principal, agent, or executive, or in any other capacity or relationship, engage in
any Competitive Activities or own any securities (debt or equity) in any person, company, enterprise, or entity that is
engaged in Competitive Activities, within the United States or any other jurisdiction in which the Company Group is
actively engaged in business. Notwithstanding the foregoing, my ownership of securities of a public company engaged
in Competitive Activities not in excess of three percent (3%) of any class of such securities shall not be considered a
breach of the covenants set forth in this Section.",Liability for Damages; Competition Rights; Intellectual Property; Governing Law and Jurisdiction,breach; compet; jurisdiction; ownership,124.3,1,heuristic_candidate_only
d714d261,d714d261edc4d361e7d2ebabccaada50_clause_022,"(c) Definitions. For purposes of this Non-Interference Agreement :
(i) “Business Relation” shall mean any current or prospective client, customer, licensee, or other
business relation of any member of the Company Group, or any such relation that was a client, customer, licensee,
supplier, or other business relation within the six (6) month period prior to the expiration of the Employment Period, in
each case, to whom I provided services, or with whom I transacted business, or whose identity became known to me in
connection with my relationship with or employment by the Company Group.
(ii) “Competitive Activities” shall mean consumer health care related businesses, including the business
of acting as custodian or administrator for medical payment reimbursement accounts, including, but not limited to, health
savings accounts, flexible spending accounts and health reimbursement accounts or any business activities in which any
member of the Company Group is engaged (or has committed plans to engage) during the Employment Period.
A-5",Competition Rights; Intellectual Property,compet; license,124.3,1,heuristic_candidate_only
d714d261,d714d261edc4d361e7d2ebabccaada50_clause_023,"(iii) “Interfering Activities” shall mean (A) encouraging, soliciting, or inducing, or in any manner
attempting to encourage, solicit, or induce, any Person employed by, or providing consulting services to, any member of
the Company Group to terminate such Person’s employment or services (or in the case of a consultant, materially
reducing such services) with any member of the Company Group; (B) hiring any individual who was employed by any
member of the Company Group within the six (6) month period prior to the date of such hiring; or (C) encouraging,
soliciting, or inducing, or in any manner attempting to encourage, solicit, or induce, any Business Relation to cease
doing business with or reduce the amount of business conducted with any member of the Company Group, or in any way
interfering with the relationship between any such Business Relation and any member of the Company Group.
(iv) “Person” shall mean any individual, corporation, partnership, limited liability company, joint
venture, association, joint‑stock company, trust (charitable or non-charitable), unincorporated organization, or other form
of business entity.
(v) “Post-Termination Non-Compete Period” shall mean the period commencing on the date of the
termination of the Employment Period for any reason and ending on the twelve (12) month anniversary of such date of
termination.
(vi) “Post-Termination Non-Interference Period” shall mean the period commencing on the date of the
termination of the Employment Period for any reason and ending on the twenty-four (24) month anniversary of such date
of termination.",Liability for Damages; Competition Rights,compet; liabil; solicit,124.3,1,heuristic_candidate_only
d714d261,d714d261edc4d361e7d2ebabccaada50_clause_024,"(d) Non-Disparagement. I agree that during the Employment Period, and at all times thereafter, I will not make
any disparaging or defamatory comments regarding any member of the Company Group or its respective current or
former directors, officers, employees or shareholders in any respect or make any comments concerning any aspect of
my relationship with any member of the Company Group or any conduct or events which precipitated any termination
of my employment from any member of the Company Group. However, my obligations under this subparagraph (d)
shall not apply to disclosures required by applicable law, regulation, or order of a court or governmental agency.",Governing Law and Jurisdiction,court; govern,124.3,1,heuristic_candidate_only
d714d261,d714d261edc4d361e7d2ebabccaada50_clause_025,"Section 6. Reasonableness of Restrictions.
I acknowledge and recognize the highly competitive nature of the Company’s business, that access to
Confidential Information renders me special and unique within the Company’s industry, and that I will have the
opportunity to develop substantial relationships with existing and prospective clients, accounts, customers, consultants,
contractors, investors, and strategic partners of any member of the Company Group during the course of and as a result
of my employment with the Company. In light of the foregoing, I recognize and acknowledge that the restrictions and
limitations set forth in this Non-Interference Agreement are reasonable and valid in geographical and temporal scope and
in all other respects and are essential to protect the value of the business and assets of any member of the Company
Group. I acknowledge further that the restrictions and limitations set forth in this Non-Interference Agreement will not
materially interfere with my ability to earn a living following the termination of my employment with the
A-6",Competition Rights,compet,124.3,1,heuristic_candidate_only
d714d261,d714d261edc4d361e7d2ebabccaada50_clause_027,"Section 7. Independence; Severability; Blue Pencil.
Each of the rights enumerated in this Non-Interference Agreement shall be independent of the others and shall be
in addition to and not in lieu of any other rights and remedies available to any member of the Company Group at law or
in equity. If any of the provisions of this Non-Interference Agreement or any part of any of them is hereafter construed or
adjudicated to be invalid or unenforceable, the same shall not affect the remainder of this Non-Interference Agreement,
which shall be given full effect without regard to the invalid portions. If any of the covenants contained herein are held
to be invalid or unenforceable because of the duration of such provisions or the area or scope covered thereby, I agree
that the court making such determination shall have the power to reduce the duration, scope, and/or area of such
provision to the maximum and/or broadest duration, scope, and/or area permissible by law, and in its reduced form said
provision shall then be enforceable.",Liability for Damages; Governing Law and Jurisdiction,court; remedies,124.3,1,heuristic_candidate_only
d714d261,d714d261edc4d361e7d2ebabccaada50_clause_028,"Section 8. Injunctive Relief.
I expressly acknowledge that any breach or threatened breach of any of the terms and/or conditions set forth in
this Non-Interference Agreement may result in substantial, continuing, and irreparable injury to the members of the
Company Group. Therefore, I hereby agree that, in addition to any other remedy that may be available to the Company,
any member of the Company Group shall be entitled to injunctive relief, specific performance, or other equitable relief
by a court of appropriate jurisdiction in the event of any breach or threatened breach of the terms of this Non-
Interference Agreement without the necessity of proving irreparable harm or injury as a result of such breach or
threatened breach. Notwithstanding any other provision to the contrary, I acknowledge and agree that the Post-
Termination Non-Compete Period, or Post-Termination Non-Interference Period, as applicable, shall be tolled during any
period of violation of any of the covenants in Section 5 hereof and during any other period required for litigation during
which the Company or any other member of the Company Group seeks to enforce such covenants against me if it is
ultimately determined that I was in breach of such covenants.",Liability for Damages; Competition Rights; Governing Law and Jurisdiction,breach; compet; court; jurisdiction; remedy,124.3,1,heuristic_candidate_only
d714d261,d714d261edc4d361e7d2ebabccaada50_clause_029,"Section 9. Cooperation.
I agree that, following any termination of my employment, I will continue to provide reasonable cooperation to
the Company and/or any other member of the Company Group and its or their respective counsel in connection with any
investigation, administrative proceeding, or litigation relating to any matter that occurred during my employment in
which I was involved or of which I have knowledge. As a condition of such cooperation, the Company shall reimburse
me for reasonable out-of-pocket expenses incurred at the request of the Company with respect to my compliance with
this paragraph. I also agree that, in the event that I am subpoenaed by any person or entity (including, but not limited to,
any government agency) to give testimony or provide documents (in a deposition, court proceeding, or otherwise) that in
any way relates to my employment by the Company and/or any other member of the Company Group, I will give prompt
notice of such request to the Company and will make no disclosure until the Company
A-7",Governing Law and Jurisdiction,court; govern,124.3,1,heuristic_candidate_only
d714d261,d714d261edc4d361e7d2ebabccaada50_clause_032,"(a) Governing Law, Venue and Jurisdiction. EXCEPT WHERE PREEMPTED BY FEDERAL LAW, THE",Governing Law and Jurisdiction,govern; jurisdiction; venue,124.3,1,heuristic_candidate_only
d714d261,d714d261edc4d361e7d2ebabccaada50_clause_033,"VALIDITY, INTERPRETATION, CONSTRUCTION, AND PERFORMANCE OF THIS NON-INTERFERENCE
AGREEMENT IS GOVERNED BY AND IS TO BE CONSTRUED UNDER THE LAWS OF THE STATE OF
DELAWARE APPLICABLE TO AGREEMENTS MADE AND TO BE PERFORMED IN THAT STATE, WITHOUT
REGARD TO CONFLICT OF LAWS RULES. ANY DISPUTE OR CLAIM ARISING OUT OF OR RELATING TO",Governing Law and Jurisdiction,govern; laws of; state of,124.3,1,heuristic_candidate_only
d714d261,d714d261edc4d361e7d2ebabccaada50_clause_034,"THIS RELEASE OR CLAIM OF BREACH HEREOF SHALL BE BROUGHT EXCLUSIVELY IN THE UNITED
STATES DISTRICT COURT FOR THE DISTRICT OF DELAWARE, TO THE EXTENT FEDERAL JURISDICTION
EXISTS, AND IN ANY COURT SITTING IN SALT LAKE CITY, UTAH, BUT ONLY IN THE EVENT FEDERAL
JURISDICTION DOES NOT EXIST, AND ANY APPLICABLE APPELLATE COURTS. FURTHER, I HEREBY",Liability for Damages; Competition Rights; Governing Law and Jurisdiction,breach; court; exclusive; jurisdiction,124.3,1,heuristic_candidate_only
d714d261,d714d261edc4d361e7d2ebabccaada50_clause_038,"(d) Successors and Assigns. This Non-Interference Agreement will be binding upon my heirs, executors,
administrators, and other legal representatives and will be for the benefit of the Company, its successors, and its assigns.
I expressly acknowledge and agree that this Non-Interference Agreement may be assigned by the Company without my
consent to any other member of the Company Group as well as any purchaser of all or substantially all of the assets or
stock of the Company or of any business or division of the Company for which I provide services, whether by purchase,
merger, or other similar corporate transaction, provided that the license granted pursuant to Section 2(a) may be
assigned to any third party by the Company without my consent.",Intellectual Property,license,124.3,1,heuristic_candidate_only
d714d261,d714d261edc4d361e7d2ebabccaada50_clause_041,"I, Edward R. Bloomberg, have executed this Confidentiality, Non-Interference, and Invention Assignment
Agreement on the date set forth below:
Date:",Intellectual Property,invention,124.3,1,heuristic_candidate_only
9a5cb310,9a5cb31024ad0a7a4916e4f122ebea4a_clause_001,COMPETITION AGREEMENT,Competition Rights,compet,113.4,2,heuristic_candidate_only
9a5cb310,9a5cb31024ad0a7a4916e4f122ebea4a_clause_003,"EMPLOYMENT, CONFIDENTIALITY, SEVERANCE AND NON-COMPETITION AGREEMENT
THIS EMPLOYMENT, CONFIDENTIALITY, SEVERANCE AND NON-COMPETITION AGREEMENT (this “Agreement”) is
entered into as of [ , ] by and between [ ] (the “Executive”) and SAVVIS, INC., a Delaware corporation, (“SAVVIS”) and all
its subsidiaries (collectively referred to as the “Company”). Capitalized terms used but not defined herein have the respective meanings ascribed to
such terms in Section 7 of this Agreement.",Competition Rights,compet,113.4,2,heuristic_candidate_only
9a5cb310,9a5cb31024ad0a7a4916e4f122ebea4a_clause_005,"•
 the Company and its Affiliates are and will be engaged in a number of highly competitive lines of business.",Competition Rights,compet,113.4,2,heuristic_candidate_only
9a5cb310,9a5cb31024ad0a7a4916e4f122ebea4a_clause_007,"•
 the Company and its Affiliates possess Confidential Information and customer goodwill that provide the Company and its Affiliates with
a significant competitive advantage; and",Competition Rights,compet,113.4,2,heuristic_candidate_only
9a5cb310,9a5cb31024ad0a7a4916e4f122ebea4a_clause_008,"•
 the Company’s and its Affiliates’ success depends to a substantial extent upon the protection of its Confidential Information (which
includes trade secrets and customer lists) and customer goodwill by all of their employees;",Intellectual Property,trade secret,113.4,2,heuristic_candidate_only
9a5cb310,9a5cb31024ad0a7a4916e4f122ebea4a_clause_010,"WHEREAS, if Executive were to leave the Company, the Company and its Affiliates would in all fairness need certain protections to prevent
competitors from gaining an unfair competitive advantage over them.
NOW, THEREFORE, in consideration of the covenants and agreements hereinafter set forth, the parties agree as follows:",Competition Rights,compet,113.4,2,heuristic_candidate_only
9a5cb310,9a5cb31024ad0a7a4916e4f122ebea4a_clause_015,"(b) During the term hereof, the Executive shall devote his full business time and his best efforts, business judgment, skill and knowledge
to the advancement of the business and interests of the Company and its Affiliates and to the discharge of his duties and responsibilities
hereunder. The Executive shall not engage in any other business activity or serve in any industry, trade, professional, governmental or
academic position during the term of this Agreement, except as may otherwise be expressly approved in advance by the Compensation
Committee or other designee in writing.",Governing Law and Jurisdiction,govern,113.4,2,heuristic_candidate_only
9a5cb310,9a5cb31024ad0a7a4916e4f122ebea4a_clause_036,"(b) All documents, records, tapes and other media of every kind and description relating to the business, present or otherwise, of the
Company or its Affiliates and any copies, in whole or in part, thereof (the “Documents”), whether or not prepared by the Executive, shall be
the sole and exclusive property of the Company and its Affiliates. The Executive shall safeguard all Documents and shall surrender to the
Company at the time his employment terminates, or at such earlier time or times as the Board or its designee may specify, all Documents then
in the Executive’s possession or control.",Competition Rights,exclusive,113.4,2,heuristic_candidate_only
9a5cb310,9a5cb31024ad0a7a4916e4f122ebea4a_clause_038,"demand or similar process) to disclose any of the Confidential Information, the Executive shall, where permitted under applicable law, rule or
regulation, provide written notice to the Company promptly after such request so that the Company may, at its expense, seek a protective order
or other appropriate remedy (the Executive agrees to reasonably cooperate with the Company in connection with seeking such order or other
remedy). In the event that such protective order or other remedy is not obtained, the Executive shall furnish only that portion of the
Confidential Information that the Executive is advised by counsel is required, and shall exercise reasonable efforts to obtain assurance that
confidential treatment will be accorded such Confidential Information. In addition, the Executive may disclose Confidential Information in the
course of inspections, examinations or inquiries by federal or state regulatory agencies and self regulatory organizations that have requested or
required the inspection of records that contain the Confidential Information provided that the Executive exercises reasonable efforts to obtain
reliable assurances that confidential treatment will be accorded to such Confidential Information. To the extent such information is required to
be disclosed and is not accorded confidential treatment as described in the immediately preceding sentence, it shall not constitute “Confidential
Information” under this Agreement.",Liability for Damages,remedy,113.4,2,heuristic_candidate_only
9a5cb310,9a5cb31024ad0a7a4916e4f122ebea4a_clause_040,"(a) The Executive agrees that, during his employment with the Company, he or she will not undertake any outside activity, whether or not
competitive with the business of the Company or its Affiliates that could reasonably give rise to a conflict of interest or otherwise materially
interfere with his or her duties and obligations to the Company or any of its Affiliates.",Competition Rights,compet,113.4,2,heuristic_candidate_only
9a5cb310,9a5cb31024ad0a7a4916e4f122ebea4a_clause_041,"(b) During the term of Executive’s employment and for twelve (12) months following termination of his or her employment for any
reason (the “Restricted Period”), the Executive shall not, directly or indirectly, whether as owner, partner, investor, consultant, agent,
employee, co-venturer or otherwise:
(i) compete with the Company or any of its Affiliates within the geographic area in which the Company does business or undertake
any planning for any business competitive with the Company or any of its Affiliates. Specifically, but without limiting the foregoing, the
Executive agrees not to engage in any manner in any activity that is directly or indirectly competitive with the business of the Company
or any of its Affiliates as conducted or under consideration at any time during the Executive’s employment, and further agrees not to
work or provide services, in any capacity, whether as an employee, independent contractor or otherwise, whether with or without
compensation, to any Person who is engaged in any business that is competitive with the business of the Company or any of its Affiliates
for which the Executive has provided services. The foregoing, however, shall not prevent the Executive’s passive ownership of two
percent (2%) or less of the equity securities of any publicly traded company. Notwithstanding any provision in this Agreement, section 6.
(b) (i) shall not be deemed to create post-employment non-competition restrictions on the Executive if the Executive’s primary residence
is in the state of California; or
(ii) solicit or encourage any customer of the Company or any of its Affiliates to terminate or diminish its relationship with them; or
(iii) seek to persuade any such customer of the Company or any of its Affiliates to conduct with anyone else any business or
activity which such customer conducts with the Company or any of its Affiliates; provided that these restrictions shall apply only if the
Executive",Competition Rights; Intellectual Property; Governing Law and Jurisdiction,compet; ownership; solicit; state of,113.4,2,heuristic_candidate_only
9a5cb310,9a5cb31024ad0a7a4916e4f122ebea4a_clause_042,"has performed work for such Person during his employment with the Company or one of its Affiliates or has been introduced to, or
otherwise had contact with, such Person as a result of his employment or other associations with the Company or one of its Affiliates or
has had access to Confidential Information which would assist in the Executive’s solicitation of such Person.
(iv) solicit for hiring any employee or independent contractor of the Company or any of its Affiliates or seek to persuade any
employee or independent contractor of the Company or any of its Affiliates to discontinue or diminish such employee or independent
contractor’s relationship with the Company or any of its Affiliates.",Competition Rights,solicit,113.4,2,heuristic_candidate_only
9a5cb310,9a5cb31024ad0a7a4916e4f122ebea4a_clause_044,"(d) Assignment of Inventions. The Executive shall promptly and fully disclose all Work Product (defined herein) to the Company.
Executive hereby assigns to the Company all of Executive’s rights, title, and interest (including but not limited to all patent, trademark,
copyright and trade secret rights) in and to all work product prepared by Executive, made or conceived in whole or in part by Executive within
the scope of Executive’s employment by the Company or within six (6) months thereafter, or that relate directly to or involve the use of
Confidential Information (“Work Product”). Executive further acknowledges and agrees that all copyrightable Work Product prepared by
Executive within the scope of Executive’s employment with the Company are “works made for hire” and, consequently, that the Company
owns all copyrights thereto. The Executive agrees to execute any and all applications for domestic and foreign patents, copyrights or other
proprietary rights and to do such other acts (including without limitation the execution and delivery of instruments of further assurance or
confirmation) requested by the Company to assign the Work Product to the Company and to permit the Company to enforce any patents,
copyrights or other proprietary rights to the Work Product. The Executive will not charge the Company for time spent in complying with these
obligations. Notwithstanding the foregoing, any provision in this Agreement which provides that Executive shall assign, offer to assign, any of
his or her rights in an invention to the Company shall not apply to an invention that the Executive developed entirely on his or her own time
without using the Company’s equipment, supplies, facilities, or trade secret information except for those inventions that either:
(i) relate at the time of conception or reduction to practice of the invention to the Company’s business or actual demonstrably
anticipated research or development of the Company; or
(ii) result from any work performed by the Executive for the Company.",Intellectual Property,copyright; invention; patent; proprietary; trade secret; trademark,113.4,2,heuristic_candidate_only
9a5cb310,9a5cb31024ad0a7a4916e4f122ebea4a_clause_045,"(e) Acknowledgement Regarding Restrictions. The Company has expended a great deal of time, money and effort to develop and
maintain its confidential business information which, if misused or disclosed, could be very harmful to its business and could cause the
Company to be at a competitive disadvantage in the marketplace. The Company would not be willing to proceed with the execution of this
Agreement but for the Executive’s signing and agreeing to abide by the terms of this Agreement. The Executive recognizes and acknowledges
that he or she has and will have access to Confidential Information of the Company, and that the Company, in all fairness, needs certain
protection in order to ensure that the Executive does not misappropriate or misuse any trade secret or other Confidential Information or take
any other action which could result in a loss of the goodwill of the",Liability for Damages; Competition Rights; Intellectual Property,compet; loss; trade secret,113.4,2,heuristic_candidate_only
9a5cb310,9a5cb31024ad0a7a4916e4f122ebea4a_clause_046,"Company and, more generally, to prevent the Executive from having or providing others with an unfair competitive advantage over the
Company. To that end, the Executive acknowledges that the foregoing restrictions, both separately and in total, are reasonable and enforceable
in view of the Company’s legitimate interests in protecting the goodwill, confidential information and customer loyalty of its business. To the
extent that any provision of this Agreement is adjudicated to be invalid or unenforceable because it is somehow overbroad or otherwise
unreasonable, that provision shall not be void but rather shall be limited only to the extent required by applicable law and enforced as so
limited to the greatest extent allowed by law, and the validity or enforceability of the remaining provisions of this Agreement shall be
unaffected and such adjudication shall not affect the validity or enforceability of such remaining provisions.",Competition Rights,compet,113.4,2,heuristic_candidate_only
9a5cb310,9a5cb31024ad0a7a4916e4f122ebea4a_clause_047,"(f) Right to Injunctive Relief. The Executive further agrees that in the event of any breach hereof the harm to the Company will be
irreparable and without adequate remedy at law and, therefore, that injunctive relief with respect thereto will be appropriate. In the event of a
breach or threatened breach of any of the Executive’s obligations under the terms of Sections 5 or 6 hereof, the Company shall be entitled, in
addition to any other legal or equitable remedies it may have in connection therewith (including any right to damages that it may suffer), to
temporary, preliminary and permanent injunctive relief restraining such breach or threatened breach (without the obligation to post bond),
together with reasonable attorney’s fees incurred in preliminarily enforcing its rights hereunder. The Executive specifically agrees that if there
is a question as to the enforceability of any of the provisions of Sections 5 or 6 hereof, the Executive will not engage in any conduct
inconsistent with or contrary to such Section until after the question has been resolved by a final judgment of a court of competent jurisdiction.",Liability for Damages; Competition Rights; Governing Law and Jurisdiction,breach; compet; court; damage; jurisdiction; remedies; remedy,113.4,2,heuristic_candidate_only
9a5cb310,9a5cb31024ad0a7a4916e4f122ebea4a_clause_049,"(b) Definition of “Cause.” For all purposes under this Agreement, “Cause” shall mean any of the following (i) the Executive’s willful and
continued failure to perform substantially the duties of his/her responsibilities (other than due to physical or mental incapacity); (ii) the
Executive’s unauthorized use or disclosure of trade secrets which causes substantial harm to the Company; (iii) the Executive’s engaging in
illegal conduct that is likely to be injurious to the Company; (iv) the Executive’s acts of fraud, dishonesty, or gross misconduct, or gross
negligence in connection with the business of the Company; (v) the Executive’s conviction of a felony; (vi) the Executive’s engaging in any act
of moral turpitude reasonably likely to substantially and adversely affect the Company or its business; (vii) the Executive engaging in the
illegal use of a controlled substance or using prescription medications unlawfully; (viii) the Executive’s abuse of alcohol; or (ix) the breach by
the Executive of a material term of this Agreement, including, without limitation, his or her obligations under Sections 5 or 6.",Liability for Damages; Intellectual Property,breach; trade secret,113.4,2,heuristic_candidate_only
9a5cb310,9a5cb31024ad0a7a4916e4f122ebea4a_clause_051,"(B) Individuals who, as of the date hereof, constitute the Board (the “Incumbent Board”) cease for any reason to constitute at least a
majority of the Board; provided, however, that any individual becoming a director subsequent to the date hereof whose election, or
nomination for election by SAVVIS’ shareholders, was approved by a vote of at least a majority of the directors then comprising the
Incumbent Board shall be considered as though such individual were a member of the Incumbent Board, but excluding, for this purpose,
any such individual whose initial assumption of office occurs as a result of an actual or threatened election contest with respect to the
election or removal of directors or other actual or threatened solicitation of proxies or consents by or on behalf of a Person other than the
Board; or
(C) the closing of an agreement of merger or consolidation with any other corporation or business entity, other than (x) a merger or
consolidation which would result in the voting securities of SAVVIS outstanding immediately prior thereto continuing to represent
(either by remaining outstanding or by being converted into voting securities of the surviving entity), in combination with the ownership
of any trustee or other fiduciary holding securities under an employee benefit plan of the Company, at least 50% of the combined voting
power of the voting securities of SAVVIS or such surviving entity outstanding immediately after such merger or consolidation, or (y) a
merger or consolidation effected to implement a recapitalization of SAVVIS (or similar transaction) in which no Person acquires more
than 50% of the combined voting power of SAVVIS’ then outstanding securities;
(D) the liquidation or dissolution of SAVVIS or the closing of a sale or disposition by SAVVIS of all or substantially all of its
assets.
For purposes of this paragraph, “Person” means any individual, entity or group within the meaning of Section 3(a)(9) of the Exchange Act, as
modified and used in Sections 13(d) and 14(d) thereof; however, a Person shall not include (aa) SAVVIS or any of its subsidiaries, (bb) a trustee or
other fiduciary holding securities under an employee benefit plan of the Company, (cc) an underwriter temporarily holding securities pursuant to an
offering of such securities, (dd) a corporation owned, directly or indirectly, by the shareholders of SAVVIS in substantially the same proportions as
their ownership of SAVVIS common stock, (ee) any person or entity or group acquiring securities of SAVVIS pursuant to an issuance of securities
approved by the Board, or (ff) any of the following entities or their affiliates: Welsh, Carson, Anderson & Stowe VIII L.P. and WCAS Management
Corporation.",Competition Rights; Intellectual Property,ownership; solicit,113.4,2,heuristic_candidate_only
9a5cb310,9a5cb31024ad0a7a4916e4f122ebea4a_clause_052,"(d) Definition of “Confidential Information.” For all purposes under this Agreement, “Confidential Information” shall mean any and all
information of the Company and its Affiliates that is not generally known by others with whom they compete or do business, or with whom
any of them plans to compete or do business and any and all information, publicly known in part or not, which, if disclosed by the Company or
its Affiliates would assist in competition against them. Confidential Information includes without limitation such information relating to
(i) trade secrets, the development, research, testing, manufacturing, marketing and financial activities of the Company and its Affiliates, (ii) the
Products, (iii) the costs, sources of supply, financial performance and strategic plans of the Company and its Affiliates, (iv) the identity and
special needs of the customers of the Company and its Affiliates and (v) client lists and the people and organizations with whom the Company
and its Affiliates have business relationships and the substance of those relationships. Confidential Information also includes any information
that the Company or any of its Affiliates have received, or may receive hereafter, belonging to customers or others with any understanding,
express or implied, that the information would not be disclosed.",Competition Rights; Intellectual Property,compet; trade secret,113.4,2,heuristic_candidate_only
9a5cb310,9a5cb31024ad0a7a4916e4f122ebea4a_clause_056,"(g) Definition of “Intellectual Property.” For all purposes under this Agreement, “Intellectual Property” shall mean inventions,
discoveries, developments, methods, processes, compositions, works, concepts and ideas (whether or not patentable or copyrightable or
constituting trade secrets) conceived, made, created, developed or reduced to practice by the Executive (whether alone or with others, whether
or not during normal business hours or on or off Company premises) during the Executive’s employment and during the period of six
(6) months immediately following termination of his employment that relate to either the Products or any prospective activity of the Company
or any of its Affiliates or that make use of Confidential Information or any of the equipment or facilities of the Company or any of its
Affiliates.",Intellectual Property,copyright; intellectual property; invention; patent; trade secret,113.4,2,heuristic_candidate_only
9a5cb310,9a5cb31024ad0a7a4916e4f122ebea4a_clause_058,"(i) Definition of “Person.” For all purposes under this Agreement, “Person” shall mean an individual, a corporation, a limited liability
company, an association, a partnership, an estate, a trust and any other entity or organization.",Liability for Damages,liabil,113.4,2,heuristic_candidate_only
9a5cb310,9a5cb31024ad0a7a4916e4f122ebea4a_clause_059,"(j) Definition of “Products.” For all purposes under this Agreement, “Products” shall mean all products planned, researched, developed,
tested, manufactured, sold, licensed, leased or otherwise distributed or put into use by the Company or any of its Affiliates, together with all
services provided or planned by the Company or any of its Affiliates, during the Executive’s employment.",Intellectual Property,license,113.4,2,heuristic_candidate_only
9a5cb310,9a5cb31024ad0a7a4916e4f122ebea4a_clause_063,"(c) Waiver. No provision of this Agreement shall be modified, waived or discharged unless the modification, waiver or discharge is
agreed to in writing and signed by the Executive and by an authorized officer of the Company (other than the Executive). No waiver by either
party of any breach of, or of compliance with, any condition or provision of this Agreement by the other party shall be considered a waiver of
any other condition or provision or of the same condition or provision at another time.",Liability for Damages,breach,113.4,2,heuristic_candidate_only
9a5cb310,9a5cb31024ad0a7a4916e4f122ebea4a_clause_066,"(f) Choice of Law; Venue. The parties acknowledge that they each have, and will continue to have, substantial contacts with the State of
Missouri, where the Company has its headquarters. This Agreement has been drafted and negotiated in the State of Missouri. To ensure that
any disputes arising under this Agreement are resolved in accordance with the parties’ expectations, this Agreement shall be governed by and
construed under the laws of the State of Missouri and applicable federal laws. The substantive law (and statutes of limitations) of the State of
Missouri shall be applied to disputes arising under this Agreement, as the parties agree that their expectations with respect to the scope and
enforcement of this Agreement are based on Missouri law, and that Missouri law is therefore more applicable to such disputes. Should
Missouri law be found not to apply to this Agreement for any reason, the parties agree that the severance benefit described in Section 4 shall
not be payable, the provisions of Section 4 notwithstanding. Each party agrees that any proceeding relating to this Agreement shall be brought
in the state courts of Missouri located in St. Louis County or the federal courts of the District of Missouri, Eastern Division. Each party hereby
consents to personal jurisdiction in any such action brought in any such Missouri court, consents to service of process by the methods for
notice under Section 8(b) hereof made upon such party, and such party’s agent and waives any objection to venue in any such Missouri court
or to any claim that any such Missouri court is an inconvenient forum.",Governing Law and Jurisdiction,court; govern; jurisdiction; laws of; state of; venue,113.4,2,heuristic_candidate_only
586c367e,586c367e2c45ebd8b7ba96fcb6006bf6_clause_005,"(a)
“Confidential Information” means the whole or any portion of any data or information about the business of the Companies that the
Companies protect from public disclosure. Confidential Information relates to Companies’ services, products, processes or techniques,
as well as to the business, services, products, processes and techniques of Companies’ clients, regardless of whether or not that
information is copyrighted, patented or patentable. Confidential Information shall include but not be limited to:",Intellectual Property,copyright; patent,111.8,3,heuristic_candidate_only
586c367e,586c367e2c45ebd8b7ba96fcb6006bf6_clause_006,"(i)
experimental techniques, proprietary assays, screening strategies and technologies, targets for drug discovery and chemical
formulae;",Intellectual Property,proprietary,111.8,3,heuristic_candidate_only
586c367e,586c367e2c45ebd8b7ba96fcb6006bf6_clause_009,"(iii)
any and all confidential know-how, Trade Secrets, and any and all oral, written, electronic or other confidential communications
regarding any Proprietary Developments.",Intellectual Property,proprietary; trade secret,111.8,3,heuristic_candidate_only
586c367e,586c367e2c45ebd8b7ba96fcb6006bf6_clause_013,"(e)
“Proprietary Development” means a development or developments including, without limitation:",Intellectual Property,proprietary,111.8,3,heuristic_candidate_only
586c367e,586c367e2c45ebd8b7ba96fcb6006bf6_clause_014,"(i)
enhancements, modifications, additions or other improvements to the intellectual property or assets owned, licensed, sold,
marketed or used by Companies in connection with Companies’ Business;",Intellectual Property,intellectual property; license,111.8,3,heuristic_candidate_only
586c367e,586c367e2c45ebd8b7ba96fcb6006bf6_clause_015,"(ii)
trademarks, copyrights, trade names, business names, logos, design marks and other proprietary marks;",Intellectual Property,copyright; proprietary; trademark,111.8,3,heuristic_candidate_only
586c367e,586c367e2c45ebd8b7ba96fcb6006bf6_clause_016,"(iii)
inventions, devices, discoveries, concepts, ideas, formulae, know-how, processes, techniques, systems, methods and any
improvements, enhancements and modifications thereto, whether patented or not; developed, created, generated, contributed to or
reduced to practice by you alone or jointly with others pursuant to your activities as an employee, director, officer or consultant of
Company and which results from tasks assigned to you by Company or which results from the use of the premises or property
(including equipment, supplies or Confidential Information) owned, leased or licensed by Companies and which reasonably
relates to the Companies Business, or which results from or relates to working with Companies’ clients, either directly or
indirectly.",Intellectual Property,invention; license; patent,111.8,3,heuristic_candidate_only
586c367e,586c367e2c45ebd8b7ba96fcb6006bf6_clause_017,"(f)
“Trade Secret(s)” shall mean any information falling under the definition of a Trade Secret pursuant to the Uniform Trade Secrets Act or,
if applicable, the version thereof adopted by Pennsylvania. Trade Secrets include, but are not limited to, any useful process, machine or
other device or composition of matter which is new and which is being used or studied by Companies and is not described in a patent or
described in any literature already published and distributed externally by Companies; the source code or algorithms of any software
developed or owned by Companies; any formula, plan, tool, machine, process or method employed by Companies, whether patentable
or not; business plans and marketing concepts of Companies; marketing or sales information of Companies; financial information or
projections regarding Companies; financial, pricing and/or credit information regarding clients or vendors of Companies, and internal
policies and procedures of Companies.",Intellectual Property,patent; trade secret,111.8,3,heuristic_candidate_only
586c367e,586c367e2c45ebd8b7ba96fcb6006bf6_clause_027,"(d)
Companies’ Ownership of Confidential Information:
As between you and Companies, all right, title and interest in and to the Confidential Information, whether or not created or developed by you,
is and shall remain Companies’ property.",Intellectual Property,ownership,111.8,3,heuristic_candidate_only
586c367e,586c367e2c45ebd8b7ba96fcb6006bf6_clause_033,"(ii)
with respect to particular items of Confidential Information or material, for so long as those items are not in the public domain,
but your obligations will continue if those items enter the public domain as a consequence of a breach of this Agreement or any
other wrongful or negligent act or omission by you.
The restrictions in this Agreement regarding confidentiality will not apply to information which is known by you prior to your employment
with Company, except to the extent that such information was disclosed to you under a confidentiality agreement with a prior employer or to
the extent that value can be derived by a competitor from the manner in which such information has been compiled by you or others during
your employment by Company.",Liability for Damages; Competition Rights,breach; compet,111.8,3,heuristic_candidate_only
586c367e,586c367e2c45ebd8b7ba96fcb6006bf6_clause_034,"3.
ASSIGNMENT OF PROPRIETARY DEVELOPMENTS:",Intellectual Property,proprietary,111.8,3,heuristic_candidate_only
586c367e,586c367e2c45ebd8b7ba96fcb6006bf6_clause_035,"(a)
Full Disclosure of Proprietary Developments:
You agree to promptly inform, and make full disclosure of, any Proprietary Development to Company. If required by Company, you will
disclose in writing in a log book or such other form or device provided for such purpose by Company, the details of all Proprietary
Developments that you are involved with or responsible for as an employee of Company.",Intellectual Property,proprietary,111.8,3,heuristic_candidate_only
586c367e,586c367e2c45ebd8b7ba96fcb6006bf6_clause_036,"(b)
Assignment of Proprietary Developments to Company:
You will assign, and do hereby irrevocably assign and transfer to Company or to Company’s designee, your entire right, title and interest in
and to all Proprietary Developments and any Confidential Information. Without limiting the foregoing, you agree to waive all legal and moral
rights in such Proprietary Developments, and you agree that all Proprietary Developments to which you contribute in any way while an
employee of Company and within the scope of your employment shall be deemed to be “works made in the course of employment” and that
Company, or Company’s designee, shall be deemed the owner thereof. To the extent that you may own or acquire legal title to any of such
Proprietary Developments, you hereby declare and confirm that such legal title is, and will be, held in a fiduciary capacity by you only as
trustee and agent for Company. You agree that Company, or Company’s designee, will be the exclusive owner of all of your right title and
interest in and to each Proprietary Development throughout the world, including all Trade Secret, patent, copyright, trademark, industrial
design and all other intellectual property rights of any kind therein. To the extent that any of the works prepared by or to which you contribute
within the scope of your employment with Company, shall be deemed by a court of competent jurisdiction not to be a “work made for hire”,
this Agreement shall operate as an irrevocable assignment by you to Company, or Company’s designee, of all right, title and interest in and to
such works, including, without limitation, all worldwide copyright interests therein, in perpetuity.",Competition Rights; Intellectual Property; Governing Law and Jurisdiction,compet; copyright; court; exclusive; intellectual property; jurisdiction; patent; proprietary; trade secret; trademark,111.8,3,heuristic_candidate_only
586c367e,586c367e2c45ebd8b7ba96fcb6006bf6_clause_037,"(c)
Notice:
Notwithstanding any other provision of this Agreement to the contrary, this Agreement does not obligate you to assign or offer to assign to
Company any of your rights in an invention for which no equipment, supplies, facilities or Confidential Information of Company was used and
which was developed entirely on your own time, unless: (1) the invention relates (a) directly to the business of Companies or (b) to
Companies’ actual or demonstrably anticipated research or development, or (2) the invention results from any work performed by you for
Company. This Notice satisfies the written notice and other requirements of RCW 49.44.140.",Intellectual Property,invention,111.8,3,heuristic_candidate_only
586c367e,586c367e2c45ebd8b7ba96fcb6006bf6_clause_038,"(d)
Assistance with Proceedings:
You further agree at Company’s request to assist in drafting of any description or specification of the Proprietary Development as may be
required for any patent application and to assist with any opposition to, or intervention regarding, an application for any patent, copyright or
trademark",Intellectual Property,copyright; patent; proprietary; trademark,111.8,3,heuristic_candidate_only
586c367e,586c367e2c45ebd8b7ba96fcb6006bf6_clause_040,or other proceedings relating to any Proprietary Developments. Without limiting the foregoing you agree to execute:,Intellectual Property,proprietary,111.8,3,heuristic_candidate_only
586c367e,586c367e2c45ebd8b7ba96fcb6006bf6_clause_041,"(i)
all instruments that Company may reasonably require to effect, protect, perfect, register, record or patent any Proprietary
Developments or Confidential Information, or related rights, or Company’s interest therein; and",Intellectual Property,patent; proprietary,111.8,3,heuristic_candidate_only
586c367e,586c367e2c45ebd8b7ba96fcb6006bf6_clause_042,"(ii)
all papers that Company reasonably considers necessary or helpful in obtaining or maintaining such interests and rights during
the prosecution of applications thereon or during the conduct of any interference, litigation, opposition, or any other matter in
connection therewith;
provided that all expenses incident to such activities will `be borne by Company.
Your obligations under this Section will continue in perpetuity beyond any termination of your employment with Company, respecting any
Proprietary Developments created during your employment with Company, or any Proprietary Developments perfected or reduced to specific
form after termination of your employment with Company, if the conception of the Proprietary Development arose during the time of your
employment with Company. You agree that Company’s rights under this Section shall not be limited to the United States, but shall extend to
every country of the world.",Intellectual Property,proprietary,111.8,3,heuristic_candidate_only
586c367e,586c367e2c45ebd8b7ba96fcb6006bf6_clause_043,"(e)
Inventions and Improvements:
You further agree to treat all information relating to any Proprietary Development as Confidential Information owned by Company and you
will disclose same only to your immediate superior or as he or she may direct.",Intellectual Property,invention; proprietary,111.8,3,heuristic_candidate_only
586c367e,586c367e2c45ebd8b7ba96fcb6006bf6_clause_044,"(f)
Publicity and Publication:
Without the prior written consent of the Chief Scientific Officer or the Chief Executive Officer of Company you will not make or give any
public announcements or press releases or statements to the public or the press regarding any Proprietary Developments, Confidential
Information or other information concerning Companies’ Business. You also will not submit an abstract or publication for review or
publication until you have prior written approval to do so from the Chief Scientific Officer of Company.",Intellectual Property,proprietary,111.8,3,heuristic_candidate_only
586c367e,586c367e2c45ebd8b7ba96fcb6006bf6_clause_046,"(a)
Governing Law:
This Agreement shall be governed by and interpreted in accordance with the laws of the Commonwealth of Pennsylvania.",Governing Law and Jurisdiction,govern; laws of,111.8,3,heuristic_candidate_only
586c367e,586c367e2c45ebd8b7ba96fcb6006bf6_clause_047,"(b)
Equitable Remedies:
You acknowledge and agree that the restrictions contained in this Agreement, in view of the nature of the business in which the Companies are
engaged, are reasonable and necessary in order to protect the legitimate interests of the Companies, and that any violation or threatened
violation thereof would result in irreparable injury to the Companies. You therefore agree that:",Liability for Damages,remedies,111.8,3,heuristic_candidate_only
586c367e,586c367e2c45ebd8b7ba96fcb6006bf6_clause_048,"(i)
in the event of your violation or threatened violation of any of these restrictions, the Companies shall be entitled to obtain from
any court of competent jurisdiction preliminary and permanent injunctive relief, or an appropriate decree of specific performance,
without proof of actual loss or the need to post any bonds. You further",Liability for Damages; Competition Rights; Governing Law and Jurisdiction,compet; court; jurisdiction; loss,111.8,3,heuristic_candidate_only
586c367e,586c367e2c45ebd8b7ba96fcb6006bf6_clause_050,"agree that Companies shall be entitled to any and all other damages available at law and in equity, and an equitable accounting of
all earnings, profits and other benefits arising from such violation, which rights shall be cumulative and in addition to any other
rights or remedies to which the Companies may be entitled.",Liability for Damages,damage; remedies,111.8,3,heuristic_candidate_only
586c367e,586c367e2c45ebd8b7ba96fcb6006bf6_clause_051,"(ii)
You shall indemnify and hold harmless the Companies and their officers, directors, and employees from and against any and all
liabilities, losses, costs and expenses (including but not limited to, reasonable attorneys’ fees), damages and injuries resulting
from, or in connection with, any material breach of any provision of this Agreement by you.",Liability for Damages,breach; damage; indemn; liabil; loss,111.8,3,heuristic_candidate_only
586c367e,586c367e2c45ebd8b7ba96fcb6006bf6_clause_055,"(f)
Severability:
If any part or Section of this Agreement is determined by a Court of competent jurisdiction to be void or unenforceable in whole or in part,
then such void or unenforceable part or Section shall be severed, and shall not affect or impair the enforceability or validity of the balance of
the Section or any other part of this Agreement.",Competition Rights; Governing Law and Jurisdiction,compet; court; jurisdiction,111.8,3,heuristic_candidate_only
586c367e,586c367e2c45ebd8b7ba96fcb6006bf6_clause_056,"(g)
No Waiver:
No waiver, delay, indulgence, or failure to act by Companies regarding any particular default or omission by you shall affect or impair any of
Companies’ rights or remedies regarding that or any subsequent default or omission that is not expressly waived in writing.",Liability for Damages,remedies,111.8,3,heuristic_candidate_only
f28c4f3d,f28c4f3d35a152dd415f9b255122cb38_clause_001,"Use of Evaluation Materials
You will not use any of the Evaluation Materials for any purpose other than the exclusive purpose of evaluating a Possible Transaction. Except as
required by law, you and your representatives will keep the Evaluation Materials confidential; provided, however, that (i) such information may be
disclosed to those of your directors, officers, employees, affiliates, agents and representatives (including attorneys, accountants and financial
advisors), lenders and other sources of debt financing (collectively, “your representatives”) who need to know such information for the purpose of
evaluating a Possible Transaction between you and the Company (it being understood that your representatives shall be informed by you of the
confidential nature of such information and shall be directed by you to treat such information as confidential in accordance with this agreement and
shall be under obligations of confidentiality with respect to such information) and (ii) any other disclosure of such information may only be made if
the Company consents in writing prior to any such disclosure. Without limiting the generality of the foregoing, in the event that a Possible
Transaction is not consummated, neither you nor your representatives shall use any of the Evaluation Materials for any purpose. You will be
responsible for any breach of this agreement by you or your representatives.
You hereby acknowledge that the Company is a publicly traded company. You further hereby acknowledge that you are aware, and that you will
advise your representatives who are informed as to the matters which are the subject of this agreement, that the United States securities laws prohibit
any person who has received from an issuer material, non-public information from purchasing or selling securities of such issuer or from
communicating such information to any other person under circumstances in which it is reasonably foreseeable that such person is likely to purchase
or sell such securities.
If you become aware of any unauthorized disclosure or use of any Evaluation Materials, you hereby covenant to promptly notify the Company.
Moreover, upon the request of the Company, you shall cooperate in assisting the Company in terminating or preventing any third parties from
disseminating or using the Evaluation Materials.
In the event that you or any of your representatives receive a request or are required (by deposition, interrogatory, request for documents, subpoena,
civil investigative demand or similar process) to disclose all or any part of the Evaluation Materials, you or your representatives, as the case may be,
hereby agree to (i) immediately notify the Company of the existence, terms and circumstances surrounding such request, (ii) unless to the extent
legally impracticable, consult with the Company on the advisability of taking legally available steps to resist or narrow such request and (iii) unless
to the extent legally impracticable, afford the Company with the opportunity to seek a protective order or other appropriate remedy. If your or your
representatives’ counsel advises that you or your representatives are legally compelled to disclose the Evaluation Materials to any person, (i) you or
your representatives, as the case may be, may, without liability hereunder, disclose to such person only that portion of the Evaluation Materials
which your counsel advised you is legally required to be disclosed. You agree to cooperate with the Company, at the Company’s expense, to obtain
assurance that confidential treatment will be accorded such Evaluation Materials.",Liability for Damages; Competition Rights,breach; exclusive; liabil; remedy,106.0,4,heuristic_candidate_only
f28c4f3d,f28c4f3d35a152dd415f9b255122cb38_clause_002,"2

Non-Disclosure
The disclosure of your possible interest in a Possible Transaction could have a material adverse effect on the Company and its business if for any
reason an agreement of purchase and sale is not consummated or a disclosure is made prior to the closing of a Possible Transaction. Accordingly,
unless required by applicable law or regulatory authority, you agree that prior to the closing of a Possible Transaction, without the prior written
consent of the Company, you will not, and you will direct your representatives not to, disclose to any person the fact that the Evaluation Materials
have been made available to you, discussions or negotiations have taken or are taking place concerning a Possible Transaction between the Company
and you or any of the terms, conditions or other facts with respect to any such Possible Transaction, including the status thereof. The term “person”
as used in this agreement shall be broadly interpreted to include, without limitation, the media, any corporation or limited liability company, the
Company, governmental agency or body, stock exchange, partnership, association or individual.
Ownership and Return of Evaluation Materials
All Evaluation Materials disclosed by or on behalf of the Company shall be and shall remain in the property of the Company. Upon the Company’s
request, you shall promptly deliver to the Company or destroy all written Evaluation Materials without retaining, in whole or in part, any copies,
extracts or other reproductions (whatever the form or storage medium) of such materials, and shall certify the delivery or destruction, as applicable,
of all such materials in writing to the Company; provided that economic analyses, privileged communication with your counsel and other proprietary
documentation shall not be required to be delivered to the Company but shall be destroyed as set forth in this sentence and provided further that you
may retain one copy of the Evaluation Materials in a secure location within your Legal Department. Notwithstanding the return or destruction of the
Evaluation Materials, you and your representatives will continue to be bound by your obligations of confidentiality and other obligations hereunder.
No Unauthorized Contact or Solicitation
During the course of your evaluation, all inquiries and other communications are to be made directly to the Financial Advisor or employees or
representatives of the Company specified by the Financial Advisor. Accordingly, except as set forth in the preceding sentence, you agree not to
directly or indirectly contact or communicate with any executive or other employee of the Company (in their capacities as officers or employees of
the Company) concerning a Possible Transaction, or to seek any information in connection therewith from such person, without the express written
consent of the Financial Advisor. You also agree not to discuss with or offer to any third party any equity participation in a Possible Transaction or
any other form of joint acquisition by you and such third party without the prior written consent of the Company.
Without the Company’s prior written consent, you will not for a period of eighteen months after the date of this agreement directly or indirectly
solicit for employment any person who is now employed by the Company in an executive-level position, or any person who is now employed by the
Company in a management-level position at the Company’s headquarters in Malvern, Pennsylvania, provided that you are not prohibited from
employing any such person who contacts you on his or her own initiative and without any direct or indirect solicitation by you",Liability for Damages; Competition Rights; Intellectual Property; Governing Law and Jurisdiction,govern; liabil; ownership; proprietary; solicit,106.0,4,heuristic_candidate_only
f28c4f3d,f28c4f3d35a152dd415f9b255122cb38_clause_003,"3

and the term “solicit for employment” shall not be deemed to include general solicitations of employment not specifically directed toward employees
of the Company.
Standstill
You agree that until eighteen months after the date of this agreement, you will not without the prior approval of the Board of Directors of the
Company (i) acquire or make any proposal to acquire any securities or property of the Company or to acquire any ability to exercise voting or
dispositive power with respect to any securities of the Company, (ii) propose to enter into any merger or business combination involving the
Company or purchase a material portion of the assets of the Company, (iii) make or participate in any solicitation of proxies to vote, or seek to advise
or influence any person with respect to the voting of any securities of the Company, (iv) form, join or participate in a “group” (within the meaning of
Section 13(d)(3) of the Securities Exchange Act of 1934, as amended), with respect to any voting securities of the Company, (v) otherwise act or
seek to control or influence the management, Board of Directors or policies of the Company, (vi) disclose any intention, plan or arrangement
inconsistent with the foregoing or (vii) take any action which might require the Company to make a public announcement regarding the possibility of
a business combination or merger. You also agree during such period not to request the Company (or its directors, officers, employees, agents or
representatives) to amend or waive any provision of this paragraph unless specifically invited to do so by the Board of Directors of the Company.
Notwithstanding the restrictions in this paragraph, after the Company has announced that it has entered into a definitive written agreement with a
third party with respect to a business combination transaction that, if consummated, would result in a transfer of corporate control of the Company,
you may make an acquisition proposal to the Company’s Board of Directors.
No Representation or Warranty
You acknowledge and agree that none of the Company, the Financial Advisor, or any of their respective representatives or agents is making any
representation or warranty, expressed or implied, as to the accuracy or completeness of the Evaluation Materials, and none of the Company, the
Financial Advisor, or any of their respective representatives or agents, nor any of their respective officers, directors, employees, representatives,
stockholders, owners, affiliates, advisors or agents, will have any liability to you or any other person resulting from the use of Evaluation Materials
by you or any of your representatives. Furthermore, nothing contained herein shall constitute an obligation on the part of the Company, the Financial
Advisor, or any of their respective representatives or agents to provide Evaluation Materials or to update any Evaluation Materials provided
hereunder. Only those representations or warranties that are made to you in a definitive agreement for the Possible Transaction (“Definitive
Agreement”) when, as, and if it is executed, and subject to such limitations and restrictions as may be specified in such Definitive Agreement, will
have any legal effect. For purposes of this agreement, the term “Definitive Agreement” does not include an executed non-binding letter of intent or
any other non-binding written agreement, nor does it include any oral acceptance of an offer or bid by you.
You also acknowledge and agree that no contract or agreement providing for the sale of the Company or any interest in the Company shall be
deemed to exist between you and the Company unless and until a Definitive Agreement has been executed and delivered by you and each of the",Liability for Damages; Competition Rights,liabil; solicit,106.0,4,heuristic_candidate_only
f28c4f3d,f28c4f3d35a152dd415f9b255122cb38_clause_004,"4

other parties thereto, and you hereby waive, in advance, any claims (including, without limitation, breach of contract) in connection with the sale of
the Company or any interest in the Company unless and until a Definitive Agreement has been executed and delivered by you and each of the other
parties thereto. You also agree that unless and until a Definitive Agreement between the Company and you with respect to the acquisition of the
Company or any interest in the Company has been executed and delivered by you and each of the other parties thereto, there shall not be any legal
obligation of any kind whatsoever with respect to any such transaction by virtue of this agreement or any other written or oral expression with
respect to such transaction except, in the case of this agreement, for the matters specifically agreed to herein.
You further understand and agree that (i) the Company and the Financial Advisor shall be free to conduct any process for the sale of the Company or
any interest in the Company as they in their sole discretion shall determine (including, without limitation, negotiating with any prospective
counterparty and entering into a Definitive Agreement without prior notice to you or to any other person), (ii) any procedures relating to such sale
may be changed at any time without notice to you or any other person and (iii) you shall not have any claims whatsoever against the Company, the
Financial Advisor or any of their respective directors, officers, employees, stockholders, owners, affiliates, agents or representatives arising out of or
relating to a Possible Transaction involving the Company. You further understand and agree that the Company reserves the right, in its sole
discretion, to reject any and all proposals made by you or any of your representatives with regard to any Possible Transaction, and to terminate
discussions and negotiations with you at any time. Neither this paragraph nor any other provision in this agreement can be waived or amended
except by written consent of the Company, which consent shall specifically refer to this paragraph (or such provision) and explicitly make such
waiver or amendment.
Legal Remedy
You understand and agree that money damages would not be a sufficient remedy for any breach of this agreement by you or your representatives and
that the Company will be entitled to specific performance and injunctive relief as remedies for any such breach. Such remedies shall not be deemed
to be the exclusive remedies for a breach of this agreement by you or your representatives but shall be in addition to all other remedies available at
law or equity. In the event of litigation relating to this agreement, if a court of competent jurisdiction determines that you or your representatives
have breached this agreement, then you shall reimburse the Company for its reasonable legal fees and expenses incurred in connection with such
litigation, including any appeals therefrom. Similarly, if a court of competent jurisdiction determines that you and/or your representatives did not
breach this agreement, then the Company shall reimburse you and/or your representatives for your reasonable legal fees and expenses incurred in
connection with such litigation, including any appeals therefrom.
Other
This agreement constitutes the entire agreement between the parties hereto regarding the subject matter hereof. This agreement may be changed only
by a written agreement signed by the parties hereto or their authorized representatives.",Liability for Damages; Competition Rights; Governing Law and Jurisdiction,breach; compet; court; damage; exclusive; jurisdiction; remedies; remedy,106.0,4,heuristic_candidate_only
f28c4f3d,f28c4f3d35a152dd415f9b255122cb38_clause_005,"5

To the extent that any Evaluation Material may include materials subject to the attorney-client privilege, work product doctrine or any other
applicable privilege concerning pending or threatened legal proceedings or governmental investigations, you and the Company understand and agree
that you and the Company have a commonality of interest with respect to such matters and it is the Company’s and your desire, intention and mutual
understanding that the sharing of such material is not intended to, and shall not, waive or diminish in any way the confidentiality of such material or
its continued protection under the attorney-client privilege, work product doctrine or other applicable privilege. All Evaluation Material provided
that is entitled to protection under the attorney-client privilege, work product doctrine or other applicable privilege shall remain entitled to such
protection under these privileges, this agreement, and under the joint defense doctrine.
If any term or provision of this agreement is held by a court of competent jurisdiction to be invalid, void or unenforceable, the remainder of the terms
and provisions of this agreement shall remain in full force and effect and shall in no way be affected, impaired or invalidated.
The parties understand and agree that no failure or delay by the other party in exercising any right, power or privilege under this agreement shall
operate as a waiver thereof nor shall any single or partial exercise thereof preclude any other or future exercise of any right, power or privilege
hereunder.
This agreement shall be governed by and construed in accordance with the laws of the State of New York. You also hereby irrevocably and
unconditionally consent to submit to the exclusive jurisdiction of the courts of the State of New York and the United States of America, in each case
located in the County of New York, for any actions, suits or proceedings arising out of or relating to this agreement and the transactions
contemplated hereby (and you agree not to commence any action, suit or proceeding relating thereto except in such courts, and further agree that
service of any process, summons, notice or document by U.S. registered mail to your address set forth above shall be effective service of process for
any action, suit or proceeding brought against you in any such court). You hereby irrevocably and unconditionally waive any objection to the laying
of venue of any action, suit or proceeding arising out of this agreement or the transactions contemplated hereby, in the courts of the State of New
York or the United States of America, in each case located in the County of New York, and hereby further irrevocably and unconditionally waive and
agree not to plead or claim in any such court that any such action, suit or proceeding brought in any such court has been brought in an inconvenient
forum.
This agreement shall terminate two years after the date hereof.",Competition Rights; Governing Law and Jurisdiction,compet; court; exclusive; govern; jurisdiction; laws of; state of; venue,106.0,4,heuristic_candidate_only
f28c4f3d,f28c4f3d35a152dd415f9b255122cb38_clause_009,"7

[ORTHOVITA, INC. LETTERHEAD]
February 25, 2011
Bryant Zanko
Vice President, Business Development
Stryker Corporation
2725 Fairfield Road
Kalamazoo, MI 49002
Dear Bryant:
Reference is made to that certain letter agreement dated as of January 18, 2011 (the “Agreement”) by and between Orthovita, Inc. (the “Company”)
and Stryker Corporation (“Stryker”) in connection with Stryker’s consideration of a possible negotiated transaction with the Company. Capitalized
terms used herein and not otherwise defined herein shall have the meanings given to them in the Agreement.
In order for Stryker to receive access to a substantial amount of diligence information regarding the Company as part of the next phase of the process
contemplated under the Agreement, the Company requires Stryker to amend the Agreement in order to extend the confidentiality period thereunder
applicable to trade secrets.
Accordingly, the sentence on the last page of the Agreement that states, “This agreement shall terminate two years after the date hereof,” is amended
and restated in its entirety to read as follows:
“This agreement shall terminate two years after the date hereof, provided that the obligations set forth under Use of Evaluation Materials
insofar as they relate to the use and disclosure of a trade secret shall continue for so long as such trade secret continues to be a trade secret as
defined under 18 U.S.C. §1839(3)(A), (B) (1996), and only if the Company identified the general subject matter of such trade secret to you in
writing prior to disclosure to you and gave you the opportunity to decline receipt of such trade secret. Neither the foregoing nor the restrictions
in this agreement applicable to trade secrets is intended to preclude you from using residual knowledge retained in intangible form in the
unaided memories of your directors, employees, contractors and advisors as a result of exposure to the Company’s Evaluation Material. The
Company acknowledges that you may have in conception or development technology that may be very similar or even identical to the
Company’s trade secrets disclosed as part of the Evaluation Material.”
Except as specifically provided herein all other terms and conditions of the Agreement shall remain unchanged and in full force and effect.",Intellectual Property,trade secret,106.0,4,heuristic_candidate_only
f28c4f3d,f28c4f3d35a152dd415f9b255122cb38_clause_018,"1. In order to permit Stryker to conduct the Evaluation, Orthovita or its employees, officers, or other representatives will provide to the Stryker
Advisors, orally, in writing, or by other means, the Trade Secret Information (as defined below). The Stryker Advisors agree that they will use the
Trade Secret Information only for the purposes of the Evaluation and will not share with Stryker or any other person any Trade Secret Information
except in accordance with the terms of this Agreement or as authorized in advance in writing by Orthovita or its representative.",Intellectual Property,trade secret,106.0,4,heuristic_candidate_only
f28c4f3d,f28c4f3d35a152dd415f9b255122cb38_clause_019,"2. As used in this agreement, the term “Trade Secret Information” means information or materials that have, are related to or reflecting
(A) collagen processing techniques pertaining to medical grade collagen, Vitagel, Vitastat and other hemostat products, (B) details of the
composition of, exact formulations of raw materials, quality assurance test release criteria and manufacturing processes for Vitoss, Vitoss BA, Vitoss
Foam Products, Vitoss Flowable Products, Vitoss Elemental, Vitoss BA Bimodal, Vitoss BA2X, Vitagel, Vitastat and BA PEEK, (C) exact method
of making combeite (heat-treated bioactive glass), (D) sileanation of bioactive",Intellectual Property,trade secret,106.0,4,heuristic_candidate_only
f28c4f3d,f28c4f3d35a152dd415f9b255122cb38_clause_020,"glass (currently used in Cortoss), (E) details of the Cortoss formulation and manufacturing process.
Trade Secret Information shall not include, however, information that (i) is or has been made available to Stryker by Orthovita or its representatives
(provided that this subsection (i) shall not apply to Trade Secret Information made available to Stryker by the Stryker Advisors), (ii) is or becomes
available to the public other than as a result of disclosure in breach of this Agreement, or (iii) is or becomes available to Stryker or the Stryker
Advisors from a source other than Orthovita or its representatives, provided that, to the best of Stryker’s or a Stryker Advisor’s knowledge, such
source is in lawful possession of such information and is not bound by any agreement with Orthovita to keep such information confidential, or
otherwise prohibited from transmitting such information to Stryker or any Stryker Advisor.",Liability for Damages; Intellectual Property,breach; trade secret,106.0,4,heuristic_candidate_only
f28c4f3d,f28c4f3d35a152dd415f9b255122cb38_clause_021,"3. Nothing in this Agreement shall (i) prohibit the Stryker Advisors from conducting investigations based on the Trade Secret Information,
provided that no source of information under such investigation is known by Stryker or any Stryker Advisor, to the best of its knowledge, to be
bound by any agreement with Orthovita to keep such information confidential, and otherwise is not prohibited from transmitting such information to
Stryker or any Stryker Advisor, (ii) prohibit the Stryker Advisors from advising Stryker regarding the Stryker Advisors’ opinions based on their
investigations, and the general reasons for its opinions, about any matters for which the Stryker Advisors are engaged to advise Stryker, or
(iii) require the Stryker Advisors to obtain prior review or approval from Orthovita before rendering such opinions to Stryker.",Intellectual Property,trade secret,106.0,4,heuristic_candidate_only
f28c4f3d,f28c4f3d35a152dd415f9b255122cb38_clause_022,"4. The Stryker Advisors shall not disclose Trade Secret Information to any third party, including a third party consultant engaged to assist in
the Evaluation (a “Consultant”) unless, prior to any such disclosure, such Consultant agrees in writing to be bound by the terms of this Agreement,
the Stryker Advisors notify Orthovita of the identity of such Consultant and Orthovita approves in writing the disclosure of Trade Secret Information
to such Consultant.",Intellectual Property,trade secret,106.0,4,heuristic_candidate_only
f28c4f3d,f28c4f3d35a152dd415f9b255122cb38_clause_023,"5. To the extent that Stryker inadvertently receives information, whether oral or written, that it reasonably believes constitutes, contains, or
discloses Trade Secret Information, Stryker shall: (i) promptly report such receipt to Orthovita; and (ii) promptly turn over all originals and copies
(including all electronic copies in any media) of such Trade Secret Information, to the extent it is written, to Orthovita. If confirmed to be Trade
Secret Information, Stryker agrees to maintain such Trade Secret Information in confidence so long as it remains a trade secret. If not confirmed to
be Trade Secret Information, Orthovita shall return all materials turned over by Stryker to the extent that the Evaluation is ongoing.",Intellectual Property,trade secret,106.0,4,heuristic_candidate_only
f28c4f3d,f28c4f3d35a152dd415f9b255122cb38_clause_024,"6. Upon the request of Orthovita or its representative, and within two (2) weeks after such request (unless another time frame is agreed to in
writing by the Parties), the Stryker Advisors shall return all originals and copies of any Trade Secret Information (including all electronic copies in
any media) to Orthovita and shall destroy all notes, hard copies and electronic copies, that contain or disclose Trade Secret Information, and shall
certify as to such destruction to Orthovita in writing.",Intellectual Property,trade secret,106.0,4,heuristic_candidate_only
f28c4f3d,f28c4f3d35a152dd415f9b255122cb38_clause_025,"2

7. Each of Stryker and the Stryker Advisors acknowledges that money damages are an inadequate remedy for breach of this Agreement
because of the difficulty of ascertaining the amount of damage that may be suffered in the event that this Agreement is breached and other factors,
including irreparable injury to Orthovita. Therefore, Orthovita shall be entitled to such equitable relief as may be appropriate, including an injunction
and specific performance, in the event of any breach of the provisions of this Agreement by any other Party, in addition to all other remedies
available to Orthovita at law or in equity.
8.",Liability for Damages,breach; damage; remedies; remedy,106.0,4,heuristic_candidate_only
f28c4f3d,f28c4f3d35a152dd415f9b255122cb38_clause_026,"(a)
This Agreement and all disputes or controversies arising out of or relating to or seeking to enforce this Agreement shall be governed by,
and construed in accordance with, the internal laws of the State of Delaware, without regard to the laws of any other jurisdiction that
might be applied because of the conflicts of laws principles.",Governing Law and Jurisdiction,govern; jurisdiction; laws of; state of,106.0,4,heuristic_candidate_only
f28c4f3d,f28c4f3d35a152dd415f9b255122cb38_clause_028,"WITH ANY COURT AS WRITTEN EVIDENCE OF THE CONSENT OF EACH SUCH PARTY TO THE WAIVER OF ITS RIGHT
TO TRIAL BY JURY.",Governing Law and Jurisdiction,court,106.0,4,heuristic_candidate_only
f28c4f3d,f28c4f3d35a152dd415f9b255122cb38_clause_029,"9. Nothing herein shall preclude the Stryker Advisors from disclosing any Trade Secret Information, to the extent required by applicable law or
valid subpoena provided that, with respect to each of the foregoing and: (i) the Stryker Advisors shall notify Orthovita of the existence, terms and
circumstances surrounding such disclosure as far in advance as is reasonably practicable and consult with Orthovita on the advisability of taking
steps available under applicable law to resist or narrow the scope of any such compelled disclosure, (ii) the Stryker Advisors shall reasonably
cooperate with Orthovita in taking any such steps to resist or narrow the scope of any such disclosure as may be requested by Orthovita, (iii) the
Stryker Advisors shall exercise their reasonable best efforts to provide such information on a confidential basis or obtain an order or other assurance
that confidential treatment will be accorded to such information, and (iv) the Stryker Advisors shall exercise their reasonable best efforts to permit
Orthovita or its counsel, at Orthovita’s expense, to attend all depositions and other proceedings pertaining to such disclosure.",Intellectual Property,trade secret,106.0,4,heuristic_candidate_only
f28c4f3d,f28c4f3d35a152dd415f9b255122cb38_clause_031,"11. Orthovita shall not use the disclosure of the Trade Secret Information to the Stryker Advisors to disqualify the Stryker Advisors from
representing Stryker in any matter.",Intellectual Property,trade secret,106.0,4,heuristic_candidate_only
f28c4f3d,f28c4f3d35a152dd415f9b255122cb38_clause_042,"16. If any portion or provision of this Agreement shall to any extent be declared illegal or unenforceable by a court of competent jurisdiction,
then the remainder of this Agreement, or the application of such portion or provision in circumstances other than those as to which it is so declared
illegal or unenforceable, shall not be affected thereby, and each portion and provision of this Agreement shall be valid and enforceable to the fullest
extent permitted by applicable law.",Competition Rights; Governing Law and Jurisdiction,compet; court; jurisdiction,106.0,4,heuristic_candidate_only
f28c4f3d,f28c4f3d35a152dd415f9b255122cb38_clause_053,"Title: Partner

6

[ORTHOVITA, INC. LETTERHEAD]
May 8, 2011
Bryant Zanko
Vice President, Business Development
Stryker Corporation
2725 Fairfield Road
Kalamazoo, MI 49002
Dear Bryant:
Reference is made to that certain letter agreement dated as of January 18, 2011 by and between Orthovita, Inc. (the “Company”) and Stryker
Corporation (“Stryker”), as amended on February 25, 2011 (the “Agreement”). Capitalized terms used herein and not otherwise defined herein shall
have the meanings given to them in the Agreement.
Stryker has requested that Orthovita disclose certain trade secrets to certain of its employees (the “Stryker Trade Secret Recipients” as set forth
below) as part of the evaluation of a possible negotiated transaction between the parties. By execution and delivery of this letter, Stryker agrees that
the Stryker Trade Secret Recipients may receive access to the trade secrets described below, which trade secrets are included within the definition of
Evaluation Materials under the Agreement:
Information or materials that have, are related to or reflect processing techniques pertaining to pepsinized, soluable collagen and/or pepsinized,
soluable collagen in solution with thrombin.
The “Stryker Trade Secret Recipients” are: William Cymbaluk, Vice President of Clinical/Quality/Regulatory Affairs; Anthony Faucette, Sr.
Manager, Sterilization Sciences; Rod Parker, Sr. Clinical Sciences Manager; and Leisel Masson, Sr. Microbiologist.
Stryker further agrees that it shall inform the Stryker Trade Secret Recipients of the confidential nature of the trade secrets described herein and shall
be directed by Stryker, and shall have agreed or shall otherwise be bound by an obligation, to treat such information confidential in accordance with
the Agreement.
Except as specifically provided herein all other terms and conditions of the Agreement shall remain unchanged and in full force and effect.",Intellectual Property,trade secret,106.0,4,heuristic_candidate_only
e52e4a13,e52e4a136a4bb5c859dc6d056f47c743_clause_000,"EX-10.3 6 exhibit10c.htm NON-COMPETITION AND NON-DISCLOSURE AGREEMENT
Exhibit 10.3",Competition Rights,compet,88.3,5,heuristic_candidate_only
e52e4a13,e52e4a136a4bb5c859dc6d056f47c743_clause_001,"NON-COMPETITION AND NON-DISCLOSURE AGREEMENT
THIS NON-COMPETITION AND NON-DISCLOSURE AGREEMENT (“Agreement”) is made as of the ___ day of
__________________, 2005, by and between ENERGIZER HOLDINGS, INC., (hereinafter referred to as “ENERGIZER” and as defined in
Paragraph 11) and J. PATRICK MULCAHY (hereinafter referred to as “MR. MULCAHY”).",Competition Rights,compet,88.3,5,heuristic_candidate_only
e52e4a13,e52e4a136a4bb5c859dc6d056f47c743_clause_003,"WHEREAS, ENERGIZER and MR. MULCAHY acknowledge that, in MR. MULCAHY’s capacity as an employee of ENERGIZER,
MR. MULCAHY did contribute to and/or receive Confidential Information, and MR. MULCAHY acknowledges that ENERGIZER will suffer
irreparable harm if MR. MULCAHY, after having developed and/or created and/or becoming familiar with any such Confidential Information,
makes any unauthorized disclosure or communication of such Confidential Information to any third party or makes any use of such
Confidential Information wrongfully or in competition with ENERGIZER;",Competition Rights,compet,88.3,5,heuristic_candidate_only
e52e4a13,e52e4a136a4bb5c859dc6d056f47c743_clause_005,"WHEREAS, ENERGIZER desires to receive from MR. MULCAHY a covenant not to engage (either directly or indirectly) in
competition with, or to solicit any client or account of, ENERGIZER; and",Competition Rights,compet; solicit,88.3,5,heuristic_candidate_only
e52e4a13,e52e4a136a4bb5c859dc6d056f47c743_clause_008,"1. Covenants Not to Compete or Disclose. MR. MULCAHY acknowledges that the services rendered to ENERGIZER in the
aforesaid capacity are of a special character which have a unique value to ENERGIZER, the loss of which cannot be adequately
compensated by damages in an action of law. MR. MULCAHY agrees that by virtue of his employment, he has gained a special and unique
understanding of ENERGIZER’s business in the formulation, processing, manufacturing, sale, and marketing of ENERGIZER’s battery and
battery related products and ENERGIZER’s wet-shave products, as well as other products formulated, processed, manufactured, sold, or
marketed by ENERGIZER during the tenure of MR. MULCAHY’s employment. MR. MULCAHY at all times recognizes and respects the
advantageous business relationship which exists between ENERGIZER and present and potential customers who have been made aware
of the products and services of ENERGIZER. MR. MULCAHY makes the covenants contained in this Agreement in view of (i) the unique
value of the services of MR. MULCAHY for which ENERGIZER has employed MR. MULCAHY; (ii) the Confidential Information obtained by
or disclosed to MR. MULCAHY as an employee of ENERGIZER; and (iii) ENERGIZER’s agreement to provide MR. MULCAHY with
consideration as provided herein.",Liability for Damages; Competition Rights,compet; damage; loss,88.3,5,heuristic_candidate_only
e52e4a13,e52e4a136a4bb5c859dc6d056f47c743_clause_009,"2.

 Non-Competition.",Competition Rights,compet,88.3,5,heuristic_candidate_only
e52e4a13,e52e4a136a4bb5c859dc6d056f47c743_clause_010,"a.

 MR. MULCAHY agrees that for a period of five (5) years after termination of MR. MULCAHY’s employment
-- i.e., from January 25, 2005 through January 25, 2010 -- (“the Non-Compete Period”), MR. MULCAHY will not compete
against ENERGIZER in ENERGIZER business.
b.",Competition Rights,compet,88.3,5,heuristic_candidate_only
e52e4a13,e52e4a136a4bb5c859dc6d056f47c743_clause_012,"For purposes of this Agreement, to “compete” means to accept or begin employment with, advise, finance,
own (partially or in whole), consult with, or accept an assignment through an employer with any third party world wide in a
position involving or relating to ENERGIZER business.
d.",Competition Rights,compet,88.3,5,heuristic_candidate_only
e52e4a13,e52e4a136a4bb5c859dc6d056f47c743_clause_014,"battery and wet-shave industry mandate the foregoing non-competition restriction for a substantial duration in order to protect and
preserve the competitive advantage and goodwill of ENERGIZER.",Competition Rights,compet,88.3,5,heuristic_candidate_only
e52e4a13,e52e4a136a4bb5c859dc6d056f47c743_clause_015,"3.

 Non-Solicitation.",Competition Rights,solicit,88.3,5,heuristic_candidate_only
e52e4a13,e52e4a136a4bb5c859dc6d056f47c743_clause_016,"For the duration of the Non-Compete Period, MR. MULCAHY shall not (i)
induce or attempt to induce any employee of ENERGIZER to leave the employ of ENERGIZER or in any way interfere with the
relationship between ENERGIZER and its employees or (ii) induce or attempt to induce any customer, supplier, distributor, broker, or
other business relation of ENERGIZER to cease doing business with ENERGIZER, or in any way interfere with the relationship
between any customer, supplier, distributor, broker or other business relation and ENERGIZER.",Competition Rights,compet,88.3,5,heuristic_candidate_only
e52e4a13,e52e4a136a4bb5c859dc6d056f47c743_clause_017,"4.

 Confidentiality of Information.
 MR. MULCAHY acknowledges that the information, observations and data relating to the formulation, processing,
manufacturing, sale and marketing of ENERGIZER's batteries, battery related products, and wet-shave products obtained by MR.
MULCAHY during the course of MR. MULCAHY’s employment with ENERGIZER (the ""Confidential Information"") are confidential and the
exclusive property of ENERGIZER. MR. MULCAHY agrees that he will not disclose to any unauthorized persons or use for MR.
MULCAHY’s own account or for the benefit of any third party (other than ENERGIZER) any of such Confidential Information without
ENERGIZER’s prior written consent, unless and to the extent that such Confidential Information becomes generally known to, and available
for use by, the public other than as a result of MR. MULCAHY’s acts or failure to act.
 For purposes of this Agreement, “Confidential Information” means all information with respect to the conduct or details of the
business and operations of ENERGIZER, including but not limited to current and planned information systems; the names, addresses or
particular desires or needs of its customers; the bounds of its markets; the prices charged for its services or products; its market share;
marketing strategies and promotional efforts in any market; product development, manufacturing processes, and research and development
projects; formulas, inventions and compilations of information, records or specifications; future product or market developments, financial
information, information regarding suppliers, and costs of raw materials and other supplies; financing programs, overhead distribution and
other expenses; conversion costs; contemplated, pending, or completed acquisitions; or personnel. MR. MULCAHY understands and
agrees that such “Confidential Information” is important, material and confidential, and that disclosure would gravely affect the successful
conduct of ENERGIZER’s businesses. The obligation to protect Confidential Information is on-going and does not expire upon the
termination of the parties’ contractual relationship.",Competition Rights; Intellectual Property,exclusive; invention,88.3,5,heuristic_candidate_only
e52e4a13,e52e4a136a4bb5c859dc6d056f47c743_clause_018,"5.

 Specific Performance. MR. MULCAHY acknowledges that irreparable injury will be caused to ENERGIZER by
any breach or threatened breach of any of the provisions of paragraphs 2 through 4 and MR. MULCAHY therefore agrees that, in the event
of any breach or threatened breach, ENERGIZER, in addition to all of the rights and remedies at law or in equity as may exist in its favor,
shall have the right, in a court of law or equity having jurisdiction, to enforce the specific performance of the foregoing provisions. In the
event of an action in a court of law or equity to enforce any provision of this Agreement, MR. MULCAHY shall be responsible for all
expenses incurred by ENERGIZER in connection therewith, including, but not limited to, ENERGIZER’s reasonable attorney’s fees and
costs.",Liability for Damages; Governing Law and Jurisdiction,breach; court; jurisdiction; remedies,88.3,5,heuristic_candidate_only
e52e4a13,e52e4a136a4bb5c859dc6d056f47c743_clause_022,"(a) Nothing contained in this Agreement shall be construed to require the commission of any act contrary to law or to be
contrary to law, and whenever there is any conflict between any provision of this Agreement and any present or future statute, law,
government regulation or ordinance contrary to which the parties have no legal right to contract, the latter shall prevail, but in such event the
provisions of this Agreement affected shall be curtailed and restricted only to the extent necessary to bring them within legal requirements.",Governing Law and Jurisdiction,govern,88.3,5,heuristic_candidate_only
e52e4a13,e52e4a136a4bb5c859dc6d056f47c743_clause_023,"(b)

 If any provision of the covenants and agreements hereof above shall be held invalid or unenforceable
because of the scope of the territory or the actions thereby restricted, or the period of time within which such covenant or agreement is
operative, or for any other reason, it is the intent of the parties hereto that such provision shall be construed by limiting and reducing it, or, if
necessary eliminating it so that the provisions hereof shall be valid and enforceable to the extent compatible with applicable law as
determined by a court of competent jurisdiction.",Competition Rights; Governing Law and Jurisdiction,compet; court; jurisdiction,88.3,5,heuristic_candidate_only
e52e4a13,e52e4a136a4bb5c859dc6d056f47c743_clause_025,"10.

 Governing Law. All questions pertaining to the validity, construction, execution, and performance of this
Agreement shall be construed in accordance with, and be governed by, the laws of the State of Missouri, without giving effect to the choice
of law principles thereof.",Governing Law and Jurisdiction,govern; laws of; state of,88.3,5,heuristic_candidate_only
e52e4a13,e52e4a136a4bb5c859dc6d056f47c743_clause_035,"a Change of Control of ENERGIZER, which for purposes of this Agreement shall be deemed to occur
when (a) a person, as defined under the U.S. securities laws, acquires beneficial ownership of more than fifty percent (50%) of the
outstanding voting securities of ENERGIZER; or (b) the directors of ENERGIZER immediately before a business combination between
ENERGIZER and another entity, or a proxy contest for the election of directors, shall, as a result thereof, cease to constitute a majority of
the Board of Directors of Energizer Holdings, Inc. or any successor corporation. Notwithstanding the foregoing, however, a Change of
Control which is approved in advance by a majority of the Board of Directors of Energizer Holdings, Inc. shall not trigger acceleration as
described in this paragraph 12(e)(iii).",Intellectual Property,ownership,88.3,5,heuristic_candidate_only
e52e4a13,e52e4a136a4bb5c859dc6d056f47c743_clause_037,"14.

 Consent to Advise Third Parties. MR. MULCAHY agrees ENERGIZER may advise any third party that
ENERGIZER deems necessary of the existence of this Agreement and of its terms. MR. MULCAHY agrees that ENERGIZER shall have no
liability for so notifying any third party and hereby irrevocably waives any right to assert any such liability in the future.",Liability for Damages,liabil,88.3,5,heuristic_candidate_only
d4566b17,d4566b17b742d10442e98756b95a2730_clause_003,"1. Confidential Information. Confidential Information does not need to be marked as such and is defined as any and all technical, business
financial and other information belonging to either party, including but not limited to products, descriptions, drawings, bills of material, assembly
drawings, compositions, business plans, financial information, trade secrets, know how, inventions, manufacturing techniques and processes,
marketing and sales processes and techniques, customer lists, price lists, suppliers, current and future product developments.",Intellectual Property,invention; trade secret,78.5,6,heuristic_candidate_only
d4566b17,d4566b17b742d10442e98756b95a2730_clause_007,"c.
is rightfully received from a third party without restrictions and without breach of this Agreement;",Liability for Damages,breach,78.5,6,heuristic_candidate_only
d4566b17,d4566b17b742d10442e98756b95a2730_clause_010,"f.
if orally disclosed by one party to the other and within thirty (30) days after the oral disclosure, the disclosing party does not so identify
it in writing as Confidential Information. Neither party will disclose to third parties or fail to treat as Confidential Information any
information received orally from the disclosing party unless the disclosing party fails for thirty (30) days after such disclosure to identify
the information disclosed as being confidential or proprietary.",Intellectual Property,proprietary,78.5,6,heuristic_candidate_only
d4566b17,d4566b17b742d10442e98756b95a2730_clause_012,"3. Marking. All information disclosed under this Agreement is deemed Confidential Information whether or not it is so marked. It is the intent of the
Parties to mark information as confidential and/or proprietary prior to release to the Receiving Party. However, such markings may be overlooked
and or disclosed verbally or visually and shall not diminish the value of its confidentiality.",Intellectual Property,proprietary,78.5,6,heuristic_candidate_only
d4566b17,d4566b17b742d10442e98756b95a2730_clause_014,"5. No License Granted. Nothing contained in this Agreement shall be construed as granting or conferring any rights by license, express, implied or
otherwise, for any information, discovery or improvements made, conceived, or acquired after the date of this Agreement, or for any invention,
discovery, or improvement made, conceived, or acquired after the date of this Agreement, or for any invention, discovery, or improvement made,
conceived or acquired prior to the date of this Agreement.",Intellectual Property,invention; license,78.5,6,heuristic_candidate_only
d4566b17,d4566b17b742d10442e98756b95a2730_clause_019,"(i)
was in the public domain at the time of disclosure or thereafter enters the public domain through no breach of this
Agreement by the Receiving Party;",Liability for Damages,breach,78.5,6,heuristic_candidate_only
d4566b17,d4566b17b742d10442e98756b95a2730_clause_021,"(iii)
becomes known to the Receiving Party from a source other than the disclosing party without breach of this Agreement by
the Receiving Party; or",Liability for Damages,breach,78.5,6,heuristic_candidate_only
d4566b17,d4566b17b742d10442e98756b95a2730_clause_024,8. Arbitration and Equitable Relief.,Governing Law and Jurisdiction,arbitrat,78.5,6,heuristic_candidate_only
d4566b17,d4566b17b742d10442e98756b95a2730_clause_025,"(a)
Arbitration. Except as provided herein, the Parties agree that any dispute or controversy arising out of or relating to any interpretation,
construction, performance or breach of this Agreement shall be settled by arbitration to be held in San Diego County, California, USA in
accordance with the Commercial Arbitration Rules then in effect for the American Arbitration Association. The arbitrator may grant
injunctions or other relief in such dispute or controversy. In the event of arbitration, the Parties may undertake a reasonable amount of
discovery. The decision of the arbitrator shall be final, conclusive and binding on the parties to the arbitration. Judgement may be entered
on the arbitrator’s decision in any court having jurisdiction.",Liability for Damages; Governing Law and Jurisdiction,arbitrat; breach; court; jurisdiction,78.5,6,heuristic_candidate_only
d4566b17,d4566b17b742d10442e98756b95a2730_clause_026,"(b)
Equitable Remedies. The Parties agree that it would be impossible or inadequate to measure and calculate damages from any breach of
the covenants set forth herein. Accordingly, the Parties agree that if in the event of a breach of the covenants contained in this
Agreement, the affected party will have available, in addition to any other right or remedy available, the right to obtain an injunction
from a court of competent jurisdiction restraining such breach or threatened breach and to specify performance of any such provision of
the Agreement. The Parties further agree that no bond or other security shall be required in obtaining such equitable relief and the Parties
hereby consent to the issuance of such injunction and to the ordering of specific performance.",Liability for Damages; Competition Rights; Governing Law and Jurisdiction,breach; compet; court; damage; jurisdiction; remedies; remedy,78.5,6,heuristic_candidate_only
d4566b17,d4566b17b742d10442e98756b95a2730_clause_027,"9. Legal Expenses. If any action or proceeding is brought for enforcement of this Agreement, or because of an alleged or actual dispute, breach,
default, or misrepresentation in connection with any of the provisions of this Agreement, the successful or prevailing party shall be entitled to
recover reasonable attorney’s fees and other costs incurred in such action or proceeding in addition to any other relief to which it may be entitled.",Liability for Damages,breach,78.5,6,heuristic_candidate_only
d4566b17,d4566b17b742d10442e98756b95a2730_clause_029,"(a)
Governing Law. This Agreement shall be governed by the laws of the United States of America, State of California.",Governing Law and Jurisdiction,govern; laws of; state of,78.5,6,heuristic_candidate_only
d4566b17,d4566b17b742d10442e98756b95a2730_clause_033,"11. Obligations. Neither party has an obligation under this Agreement to purchase any service or item from the other party. Neither party has an
obligation under this Agreement to offer for sale or license products using or incorporating the Confidential Information. Either party may, at its sole
discretion, offer products for sale or license using its own information but not the Confidential Information of the other and may modify or
discontinue sales at",Intellectual Property,license,78.5,6,heuristic_candidate_only
d4566b17,d4566b17b742d10442e98756b95a2730_clause_034,"2

any time. This Agreement shall not constitute, create, give effect to, or otherwise imply a joint venture, pooling arrangement, partnership, or formal
business organization of any kind, nor shall it constitute, create, give effect to, or otherwise imply an obligation or commitment on the part of either
party to submit a proposal to or perform a contract with the other party. Nothing herein shall be construed as providing for the sharing of profits or
losses arising out of the efforts of either or both parties. Neither party will be liable to the other party for any costs, expense, risks, or liabilities
arising out of the other party’s efforts in connection with this Agreement.",Liability for Damages,liabil; loss,78.5,6,heuristic_candidate_only
b82a10c4,b82a10c42fc284dba9870ac7c75cd386_clause_002,"Re:
Non-Competition, Non-Solicitation and Confidentiality and Non-Disclosure during your “at-will”
employment with CoreCivic of Tennessee, LLC (""Employer"")",Competition Rights,compet; solicit,65.8,7,heuristic_candidate_only
b82a10c4,b82a10c42fc284dba9870ac7c75cd386_clause_004,"This letter is to clarify and confirm that, in consideration of Employer continuing your employment on an ""at will” basis
with an annual salary of $175,000.00, which shall be payable in accordance with Employer’s normal payroll practices, you agree to
be bound by and to comply with the provisions regarding non-competition, non-solicitation and confidentiality and non-disclosure
set forth on Exhibit A accompanying this letter.",Competition Rights,compet; solicit,65.8,7,heuristic_candidate_only
b82a10c4,b82a10c42fc284dba9870ac7c75cd386_clause_012,"Non-Competition, Non-Solicitation and Confidentiality and Non-Disclosure",Competition Rights,compet; solicit,65.8,7,heuristic_candidate_only
b82a10c4,b82a10c42fc284dba9870ac7c75cd386_clause_013,"1.
Business Considerations. All confidential or proprietary information, including but not limited to, any programs, plans or
designs whether in hard copy or electronic format developed by, at the direction of, or with the assistance and/or collaboration of
Harley G. Lappin (""Employee"") during his employment with CoreCivic of Tennessee, LLC (together with its parent, subsidiaries
and affiliates, the ""Company""), contract terms, financial information, operating data, staffing patterns, wage levels, quality
assurance audit materials and techniques, customer lists, supplier lists, pricing policies, marketing plans, business plans or models,
marketing or lobbying information and all other information (the “Confidential & Proprietary Information”), and all other tangible
or intangible items or ideas making up the Confidential & Proprietary Information owned or developed by or related to the
Company, and the goodwill associated with them, which (i) is or was obtained or created by Employee in whole or in part as a result
of his employment with the Company, and (ii) is not generally available to the public, shall remain the sole and exclusive property
of the Company.",Competition Rights; Intellectual Property,exclusive; proprietary,65.8,7,heuristic_candidate_only
b82a10c4,b82a10c42fc284dba9870ac7c75cd386_clause_014,"2.
Non-Competition, Non-Solicitation. Employee hereby covenants and agrees that during the term of Employee’s
employment with the Company and for a period of one (1) year thereafter, Employee shall not, directly or indirectly: (i) own any
interest in, operate, join, control or participate as a partner, director, principal, officer or agent of, enter into the employment of, act
as a consultant to, or perform any services for any entity (each a “Competing Entity”) which has material operations which compete
with any business in which the Company or any of its subsidiaries is then engaged or, to the then existing knowledge of Employee,
proposes to engage; (ii) solicit any customer or client of the Company or any of its subsidiaries, affiliates, (other than on behalf of
the Company) with respect to any business in which the Company or any of its subsidiaries or affiliates is then engaged or, to the
then existing knowledge of Employee, proposes to engage; or (iii) induce or encourage any employee of the Company or any of its
subsidiaries to leave the employ of the Company or any of its subsidiaries; provided, that Employee may, solely as an investment,
hold not more than five percent (5%) of the combined voting securities of any publicly-traded corporation or other business entity.
The foregoing covenants and agreements of Employee are referred to herein as the “Restrictive Covenant.” Employee
acknowledges that Employee has carefully read and considered the provisions of the Restrictive Covenant and, having done so,
agrees that the restrictions set forth herein , including without limitation the time period of restriction set forth above, are fair and
reasonable and are reasonably required for the protection of the legitimate business and economic interests of the Company.
Employee further acknowledges that the Company would not have continued Employee's employment with the Company on an ""at
will"" basis absent Employee’s agreement to the foregoing. In the event that, notwithstanding the foregoing, any of the provisions of
this Exhibit A or any parts hereof shall be held to be invalid or unenforceable, the remaining provisions or parts hereof shall
nevertheless continue to be valid and enforceable as though the invalid or unenforceable portions or parts had not been included
herein. In the event that any provision of this Exhibit A relating to the time period and/or the area of restriction, if any, and/or
related aspects shall be declared by a court of competent jurisdiction to exceed the maximum restrictiveness such court deems
reasonable and enforceable, the time period and/or area of restriction and/or related aspects deemed reasonable and enforceable by
such court shall become and thereafter be the maximum restrictions in such regard, and the provisions of the Restrictive Covenant
shall remain enforceable to the fullest extent deemed reasonable by such court.",Competition Rights; Governing Law and Jurisdiction,compet; court; jurisdiction; solicit,65.8,7,heuristic_candidate_only
b82a10c4,b82a10c42fc284dba9870ac7c75cd386_clause_015,"3.
Confidentiality and Non-Disclosure. In consideration of the continuation of Employee's employment with the Company
on an ""at will"" basis, Employee agrees that during the term of employment with the Company and thereafter to hold in confidence
the Company's Confidential and Proprietary Information, whether communicated orally or in documentary or other tangible form.",Intellectual Property,proprietary,65.8,7,heuristic_candidate_only
b82a10c4,b82a10c42fc284dba9870ac7c75cd386_clause_016,"Employee recognizes that the Company has invested considerable amounts of time and money in attaining and developing all of the
information described above, and any unauthorized disclosure or release of such Confidential and Proprietary Information in any
form would irreparably harm the Company. Notwithstanding the foregoing, nothing in this Exhibit A limits rights of Employee to
file a charge or complaint with or from participating in an investigation or proceeding conducted by the Equal Employment
Opportunity Commission, National Labor Relations Board, Occupational Safety and Health Administration, the Securities and
Exchange Commission, or any other any federal, state or local agency charged with the enforcement of any laws, including
providing documents or any other information.",Intellectual Property,proprietary,65.8,7,heuristic_candidate_only
b82a10c4,b82a10c42fc284dba9870ac7c75cd386_clause_017,"4.
Equitable Relief. Employee agrees that it would be impossible to adequately compensate the Company and its
subsidiaries for the damage suffered by the Company or its subsidiaries as a result of Employee’s breach of any of the covenants
and obligations set forth in this Exhibit A. Accordingly, Employee agrees that if Employee breaches any such covenants and
obligations, the Company or its subsidiaries may, in addition to any other right or remedy available, obtain an injunction from a
court of competent jurisdiction restraining such breach or threatened breach and to specific performance of any such provision of
this Exhibit A. Employee further agrees that no bond or other security shall be required in obtaining such equitable relief and
Employee hereby consents to the issuance of such injunction and to the ordering of specific performance.",Liability for Damages; Competition Rights; Governing Law and Jurisdiction,breach; compet; court; damage; jurisdiction; remedy,65.8,7,heuristic_candidate_only
c58882f7,c58882f7f9c693e3f6c11d0f945f395e_clause_000,"EX-10.22 2 dex1022.htm NON-DISCLOSURE, NON-SOLICITATION AND NON-COMPETITION AGREEMENT
EXHIBIT 10.22",Competition Rights,compet; solicit,65.6,8,heuristic_candidate_only
c58882f7,c58882f7f9c693e3f6c11d0f945f395e_clause_001,"NON-DISCLOSURE, NON-SOLICITATION AND NON-COMPETITION
In consideration of your employment (or continued employment) with or provision of services to J. Crew Group, Inc. and its affiliates
(collectively, the “Company”) and for other good and valuable consideration, receipt of which is hereby acknowledged, you agree as follows:",Competition Rights,compet; solicit,65.6,8,heuristic_candidate_only
c58882f7,c58882f7f9c693e3f6c11d0f945f395e_clause_002,"1. Agreement Not to Disclose Confidential Information. In the course of your employment with or provision of services to the Company,
you have and will have acquired and have had access to confidential or proprietary information about the Company, including but not limited to,
trade secrets, methods, models, passwords, access to computer files, financial information and records, computer software programs, agreements
and/or contracts between the Company and its vendors and suppliers, the Company’s merchandising, marketing and/or creative policies, practices,
concepts, strategies, and methods of operations, inventory, pricing and price change strategies, possible new product lines, future merchandise
designs, patterns, fabrication or fit information, internal policies, pricing policies and procedures, cost estimates, employee lists, training manuals,
financial or business projections, unannounced financial data such as sales, earnings or capital requirements, possible mergers, acquisitions or joint
ventures and information about or received from vendors and other companies with which the Company does business. The foregoing shall be
collectively referred to as “Confidential Information.” You are aware that the Confidential Information is not readily available to the public. You
agree that during your employment or provision of services and for a period of three (3) years thereafter, you will keep confidential and not disclose
the Confidential Information to anyone or use it for your own benefit or for the benefit of others, except in performing your duties as our employee
or agent. You agree that this restriction shall apply whether or not any such information is marked “confidential.”
All memoranda, disks, files, notes, records or other documents, whether in electronic form or hard copy (collectively, the “material”) compiled
by you or made available to you during your employment (whether or not the material contains confidential information) are the property of the
Company and shall be delivered to the Company on the termination of your employment or at any other time upon request. Except in connection
with your employment, you agree that you will not make or retain copies or excerpts of the material.",Intellectual Property,proprietary; trade secret,65.6,8,heuristic_candidate_only
c58882f7,c58882f7f9c693e3f6c11d0f945f395e_clause_003,"2. Agreement Not to Engage in Unfair Competition. You agree that your position with the Company requires and will continue to require
the performance of services which are special, unique, extraordinary and of an intellectual and/or artistic character and places you in a position of
confidence and trust with the Company. You further acknowledge that the rendering of services to the Company necessarily requires the disclosure
of confidential information and trade secrets of the Company. You agree that in the course of your employment with or rendering of services to the
Company, you will develop a personal acquaintanceship and relationship with the vendors and other business associates of the Company and
knowledge of their affairs and requirements. Consequently, you agree that it is reasonable and necessary for the protection of the goodwill and
business of the Company that you make the covenants contained herein. Accordingly, you agree that while you are in the Company’s employ and for
the period of twelve months after the termination of your employment, for any reason whatsoever (including “Good Reason,” as defined below), you
shall not directly or indirectly, except on behalf of the Company:
(a) render services to or accept employment, either directly as an employee or owner, or indirectly, as a paid or unpaid consultant or
independent contractor of any entity identified on Schedule A hereto (as may be updated by the Company and communicated to you from time
to time); or
(b) employ as an employee or retain as a consultant any person who is then or at any time during the preceding twelve months was an
employee of or consultant to the Company, or persuade or attempt to persuade any employee of or consultant to the Company to leave the
employ of the Company or to become employed as an employee or retained as a consultant by anyone other than the Company.",Competition Rights; Intellectual Property,compet; trade secret,65.6,8,heuristic_candidate_only
c58882f7,c58882f7f9c693e3f6c11d0f945f395e_clause_004,"3. Termination Without Cause or For Good Reason. Should your employment be (a) terminated by the Company without “Cause,” as
defined below, or terminated by you for “Good Reason,” as defined below; and (b) the Company does not consent to waive any of the post-
employment restrictions contained in paragraph 2(a) above, and (c) you execute and deliver to Company a Separation Agreement and Release in a
form acceptable to the Company, and you do not revoke the Separation Agreement and Release, the Company will pay you a severance payment
equal to (i) a pro-rata portion of the bonus, if any, to which you would have otherwise been entitled as of the date of termination, to be paid, less all
applicable deductions, according to the Company’s normal bonus payment schedule (bonuses are generally paid in mid-April after the end of the
fiscal year); (ii) twelve (12) months of your then-current base salary, to be paid, less all applicable deductions, according to the Company’s normal
payroll practices for a period coextensive with the restricted period (twelve months); and (iii) during the restricted period, reimbursement for out-of-
pocket COBRA payments paid by you to continue your group health benefits, provided you submit relevant supporting documentation to the
Company evidencing such payments. Notwithstanding anything herein to the contrary, however, your right to receive the foregoing payments shall
terminate effective immediately upon the date that you become employed by another entity as an employee, consultant or otherwise, and you agree
to notify the Senior Vice-President of Human Resources in writing prior to the effective date of any such employment. If you fail to so notify the
Senior Vice-President of Human Resources, (a) you will forfeit your right to receive the payments described above (to the extent the payments were
not theretofore paid) and (b) the Company shall be entitled to recover any payments already made to you or on your behalf.
For purposes of this agreement, “Cause” shall mean gross incompetence; failure to comply with the Company’s policies including those
contained in the Company’s Code of Ethics and Business Practices; indictment, conviction or admission of any crime involving dishonesty or moral
turpitude; participation in any act of misconduct, insubordination or fraud against the Company; use of alcohol or drugs which interferes with your
performance of your duties or compromises the integrity or reputation of the Company; and excessive absence from work other than as a result of
disability. For purposes of this agreement, “Good Reason” shall mean either of the following: (i) any requirement by the Company that you report
directly to an individual other than an Executive Vice-President or functional equivalent or (ii) any action by the Company that results in a material
and continuing diminution in your duties or responsibilities, in each case without your consent and provided that the Company will have at least 30
days to remedy such situation. No payment will be required if the Company consents in its sole discretion to request by you to waive the post-
termination restrictions on your employment contained in paragraph 2(a) herein or if the conditions set forth in this Section 3 are otherwise not met.",Liability for Damages,remedy,65.6,8,heuristic_candidate_only
c58882f7,c58882f7f9c693e3f6c11d0f945f395e_clause_007,"6. Injunctive Relief. You agree that any actual or threatened breach by you of the covenants set forth in paragraphs 1 and 2 of this agreement
would result in irreparable harm to the Company for which monetary damages alone would be an insufficient remedy. Thus, although nothing in this
paragraph will prohibit the Company from pursuing any remedies available to it against you under applicable law (which shall be",Liability for Damages,breach; damage; remedies; remedy,65.6,8,heuristic_candidate_only
c58882f7,c58882f7f9c693e3f6c11d0f945f395e_clause_008,"cumulative with those remedies set forth herein), you specifically agree that, in the event of any threatened or actual breach of this agreement by
you, the Company shall be entitled to a temporary restraining order and, thereafter, a preliminary and permanent injunction and other equitable relief
including, without limitation, an equitable accounting of earnings, profits, and other benefits, from a court of competent jurisdiction, as well as
reimbursement from you for any attorneys’ fees and other costs incurred by the Company in obtaining such relief. No specification in this agreement
of any legal or equitable remedy shall be construed as a waiver or prohibition against pursuing any other legal or equitable remedies in the event of a
threatened or actual breach of this agreement by you.",Liability for Damages; Competition Rights; Governing Law and Jurisdiction,breach; compet; court; jurisdiction; remedies; remedy,65.6,8,heuristic_candidate_only
c58882f7,c58882f7f9c693e3f6c11d0f945f395e_clause_011,"9. Governing Law. The terms of this agreement and all rights and obligations of the parties thereto including its enforcement shall be
interpreted and governed by the laws of the state of New York.",Governing Law and Jurisdiction,govern; laws of; state of,65.6,8,heuristic_candidate_only
c58882f7,c58882f7f9c693e3f6c11d0f945f395e_clause_015,"Date:
8/8/06

SCHEDULE A TO NON-DISCLOSURE,
NON-SOLICITATION AND NON-COMPETITION AGREEMENT
Unless waived in writing by the Company, the post-termination restrictions on employment contained in paragraph 2(a) above shall apply to
employment with the following entities, as well as their parent and subsidiary companies:
A&F Brands
Ann Taylor
American Eagle Outfitters Brands
Armani Exchange
Barney’s
Brooks Brothers
Calvin Klein
Children’s Place
Coach
Cole Haan
Eddie Bauer
Gap Brands
Gymboree Brands
Limited Brands
Lucky Brand
LVMH
Ralph Lauren brands
Theory
Tommy Hilfiger
Urban Outfitters
Any retail apparel start-up operated by one of the above companies",Competition Rights,compet; solicit,65.6,8,heuristic_candidate_only
64303e5a,64303e5aa502b04df2755968eecdc2f5_clause_009,"4. The Stilwell Group acknowledges that with regard to its obligations to maintain the confidentiality of nonpublic information of the
Company and its subsidiaries, monetary damages may not be a sufficient remedy for any breach or threatened breach of this Agreement and that,
in addition to all other remedies, the Company may be entitled to seek specific performance and injunctive or other equitable relief as a remedy
for such breach, and agrees that in conjunction therewith the Company shall not be required to post any bond.",Liability for Damages,breach; damage; remedies; remedy,38.3,9,heuristic_candidate_only
64303e5a,64303e5aa502b04df2755968eecdc2f5_clause_011,"6. This Agreement shall be governed by, and construed in accordance with, the laws of the State of Connecticut, without regard to
choice of law principles that may otherwise compel the application of the laws of any other jurisdiction. Each of the parties hereby irrevocably
consents to the exclusive jurisdiction of the state and federal courts sitting in the State of Connecticut to resolve any dispute arising from this
Agreement and waives any defense of inconvenient or improper forum.",Competition Rights; Governing Law and Jurisdiction,court; exclusive; govern; jurisdiction; laws of; state of,38.3,9,heuristic_candidate_only
