document_id,clause_id,clause_text,category_labels,annotation_status,label_verified,label_source,label_reviewer,annotation_notes,source,review_status,segment_type
293f59373f6a966b13cd7463b4617a6f,293f59373f6a966b13cd7463b4617a6f_clause_049,"By:

Title:

Date:

(3)
IMAGINE EXHIBITIONS PTE, Ltd.",[],unannotated,False,unannotated,,,segmentation_v3,unreviewed,legal_clause
293f59373f6a966b13cd7463b4617a6f,293f59373f6a966b13cd7463b4617a6f_clause_050,"By:

Title:

Date:

(4)
TZ, Inc.",[],unannotated,False,unannotated,,,segmentation_v3,unreviewed,legal_clause
293f59373f6a966b13cd7463b4617a6f,293f59373f6a966b13cd7463b4617a6f_clause_051,"By:

Title:

Date:

(5)",[],unannotated,False,unannotated,,,segmentation_v3,unreviewed,legal_clause
293f59373f6a966b13cd7463b4617a6f,293f59373f6a966b13cd7463b4617a6f_clause_052,THOMAS ZALLER,[],unannotated,False,unannotated,,,segmentation_v3,unreviewed,section_heading
293f59373f6a966b13cd7463b4617a6f,293f59373f6a966b13cd7463b4617a6f_clause_053,"(6)
PREMIER EXHIBITIONS, INC.",[],unannotated,False,unannotated,,,segmentation_v3,unreviewed,legal_clause
293f59373f6a966b13cd7463b4617a6f,293f59373f6a966b13cd7463b4617a6f_clause_054,"By:

Title:

Date:

12",[],unannotated,False,unannotated,,,segmentation_v3,unreviewed,legal_clause
293f59373f6a966b13cd7463b4617a6f,293f59373f6a966b13cd7463b4617a6f_clause_055,"(7)
RMS TITANIC, INC.",[],unannotated,False,unannotated,,,segmentation_v3,unreviewed,legal_clause
293f59373f6a966b13cd7463b4617a6f,293f59373f6a966b13cd7463b4617a6f_clause_056,"By:

Title:

Date:

(8)
KINGSMEN EXHIBITS PTE, LTD.",[],unannotated,False,unannotated,,,segmentation_v3,unreviewed,legal_clause
293f59373f6a966b13cd7463b4617a6f,293f59373f6a966b13cd7463b4617a6f_clause_057,"By:

Title:

Date:

(9)
KINGSMEN CREATIVES LTD.",[],unannotated,False,unannotated,,,segmentation_v3,unreviewed,legal_clause
293f59373f6a966b13cd7463b4617a6f,293f59373f6a966b13cd7463b4617a6f_clause_058,"By:

Title:

Date:

13",[],unannotated,False,unannotated,,,segmentation_v3,unreviewed,legal_clause
3504e06a49433c1456720513186da1bd,3504e06a49433c1456720513186da1bd_clause_010,"Anson agrees that the furnishing of the Information to Anson shall not constitute a grant of license to Anson under any legal rights now or
hereinafter held by Client.
This Agreement and all actions related hereto shall be governed by and construed in accordance with the laws (other than the conflict of laws
rules) of the United States and the State of Indiana.
The rights and obligations herein shall bind the Parties and their respective legal representatives, successors, heirs and assigns.
This Agreement expresses the entire agreement and understanding of the Parties with respect to the subject matter hereof and supersedes all prior
agreements, commitments and understandings, whether written or oral, with respect to such subject matter. Any modifications of, or changes to,
this Agreement shall be in writing and signed by each of the Parties.
This Agreement shall terminate upon the termination of the General Consulting Agreement between the parties dated January 5, 2006, provided,
however, that the secrecy and non-use obligations of Anson herein shall remain in effect for three (3) years from the date of termination.",[],unannotated,False,unannotated,,,segmentation_v3,unreviewed,legal_clause
3504e06a49433c1456720513186da1bd,3504e06a49433c1456720513186da1bd_clause_011,"The Anson Group, LLC",[],unannotated,False,unannotated,,,segmentation_v3,unreviewed,legal_clause
3504e06a49433c1456720513186da1bd,3504e06a49433c1456720513186da1bd_clause_012,"TechniScan Medical Systems, Inc.",[],unannotated,False,unannotated,,,segmentation_v3,unreviewed,legal_clause
3504e06a49433c1456720513186da1bd,3504e06a49433c1456720513186da1bd_clause_013,(SIGNATURE),[],unannotated,False,unannotated,,,segmentation_v3,unreviewed,section_heading
3504e06a49433c1456720513186da1bd,3504e06a49433c1456720513186da1bd_clause_014,NON-DISCLOSURE AGREEMENT,[],unannotated,False,unannotated,,,segmentation_v3,unreviewed,section_heading
3504e06a49433c1456720513186da1bd,3504e06a49433c1456720513186da1bd_clause_015,"PAGE 2
TechniScan Medical Systems, Inc.",[],unannotated,False,unannotated,,,segmentation_v3,unreviewed,legal_clause
4fd432d8ce6796dabc17d3838d8539a2,4fd432d8ce6796dabc17d3838d8539a2_clause_008,"3

8. None of the Company or any of its affiliates, agents, advisors or representatives (i) has made or makes any representation or warranty, expressed
or implied, as to the accuracy or completeness of the Information or (ii) shall have any liability whatsoever to us or our affiliates, agents,
representatives, advisors or employees relating to or resulting from the use of the Information or any errors therein or omissions therefrom. The
Information may include certain statements, estimates and projections provided by the Company with regard to the anticipated future performance of
the Company. Such statements, estimates and projections reflect various assumptions made by the Company concerning anticipated results, which
assumptions may or may not prove to be correct. No representations are made as to the accuracy of such assumptions, statements, estimates or
projections, including any budget(s). The only information that will have any legal effect will be specifically represented in a definitive purchase
agreement; and in no event will such definitive purchase agreement contain any representation as to the projections.",[],unannotated,False,unannotated,,,segmentation_v3,unreviewed,legal_clause
4fd432d8ce6796dabc17d3838d8539a2,4fd432d8ce6796dabc17d3838d8539a2_clause_009,"9. You understand that (i) the Company shall conduct the process for a possible transaction as it, in its sole discretion, shall determine (including,
without limitation, negotiating with any prospective buyer and entering into definitive agreements without prior notice to us or any other person),
(ii) any procedures relating to a potential transaction may be changed at any time without notice to you or any other person, (iii) the Company shall
have the right to reject or accept any potential buyer, proposal or offer, for any reason whatsoever, in its sole discretion, and (iv) neither we nor any
of our affiliates, agents, advisors or representatives shall have any claims whatsoever against the Company or any of its respective directors, officers,
shareholders, owners, affiliates or agents arising out of or relating to a potential transaction (other than those against the parties to a definitive
agreement with you in accordance with the terms thereof). We agree that, subject to the terms of this Agreement, unless and until a definitive
purchase agreement between the Company and us with regard to any transaction has been executed and delivered, neither the Company nor we will
be under any legal obligation of any kind whatsoever with respect to such transaction.",[],unannotated,False,unannotated,,,segmentation_v3,unreviewed,legal_clause
4fd432d8ce6796dabc17d3838d8539a2,4fd432d8ce6796dabc17d3838d8539a2_clause_010,"10. In consideration of the Information being furnished to us, we hereby further agree that, without the prior written consent of the Board of
Directors of the Company, for a period of one year from the date hereof, neither we nor any of our affiliates (as such term is defined in Rule 12b-2
under the Securities Exchange Act of 1934, as amended), acting alone or as part of a group, will (i) acquire or offer or agree to acquire, directly or
indirectly, by purchase or otherwise, any voting securities or securities convertible into voting securities of the Company, (ii) propose to enter into,
directly or indirectly, any merger or business combination involving the Company or any of its subsidiaries, (iii) otherwise seek to influence or
control, in any manner whatsoever (including proxy solicitation or otherwise), the management or policies of the Company, (iv) assist, advise or
encourage (including by knowingly providing or arranging financing for that purpose) any other person in doing any of the foregoing, (v) call,
request or seek to have called any meeting of the shareholders of the Company or execute any written consent in lieu of a meeting of holders of any
securities of the Company, (vi) otherwise act, to seek the removal of any member of the Board of Directors, seek to elect or place a representative on
the Board of Directors of the Company, or seek to control or influence the management, Board of Directors or policies of the Company, (vii) seek to
have the Company waive, amend or modify its governing documents (for example, its articles or bylaws), (viii) take any action which might force
the Company to make a public announcement regarding any of the types of matters",[],unannotated,False,unannotated,,,segmentation_v3,unreviewed,legal_clause
4fd432d8ce6796dabc17d3838d8539a2,4fd432d8ce6796dabc17d3838d8539a2_clause_011,"4

set forth above, (ix) make any request directly or indirectly, to amend or waive any provision of this section of this Agreement (including this
sentence), (x) take any action that might require the Company to make a public announcement regarding the possibility of a business combination or
other type of transaction or activity described in this section of this Agreement, or (xi) enter into any discussions or arrangements with any third
party with respect to any of the foregoing. The foregoing section shall not prevent us (alone or jointly with other sources of buyer financing) from
making non-public proposals to the Company with respect to a possible transaction in compliance with written procedures provided to you by the
Company or its advisors. Notwithstanding the foregoing, in the event that the Board of Directors of the Company approves a transaction with any
person or entity that would result in such person or entity beneficially owning more than 20% of the outstanding voting securities of the Company
(or a successor to the Company in a merger or consolidation transaction) or all or substantially all of the Company’s assets, or any person, entity or
“group” (as defined in the 1934 Act), other than us or any of our affiliates, has commenced or publicly announced its intention to commence a tender
offer for more than 20% of the outstanding voting securities of the Company, the provisions of this Section 10 shall terminate.",[],unannotated,False,unannotated,,,segmentation_v3,unreviewed,legal_clause
4fd432d8ce6796dabc17d3838d8539a2,4fd432d8ce6796dabc17d3838d8539a2_clause_012,"11. It is further understood and agreed that Bruce Barrett, Mary Ann Victor or Bill Iacona will arrange for appropriate contacts with the Company. It
is also understood and agreed that all (i) communications regarding a possible transaction, (ii) requests for additional information, (iii) requests for
facility tours or management meetings and (iv) discussions or questions regarding procedures, will be submitted or directed exclusively to Bruce
Barrett, Mary Ann Victor or Bill Iacona, and that none of us or our affiliates, agents, advisors or representatives will initiate or cause to be initiated
any communication with any director, officer, employee or vendor of the Company concerning the Information or a potential transaction.",[],unannotated,False,unannotated,,,segmentation_v3,unreviewed,legal_clause
4fd432d8ce6796dabc17d3838d8539a2,4fd432d8ce6796dabc17d3838d8539a2_clause_013,"12. We understand and agree that the Company may be irreparably harmed by violation of this Agreement. Monetary damages alone may not be a
sufficient remedy for any breach of this Agreement and, therefore, in addition to the Company’s other rights and remedies, the Company will be
entitled to seek specific performance and injunctive or other equitable relief to enforce this Agreement. In addition, in the event of litigation
involving this Agreement, the prevailing party will be entitled to attorneys’ fees and other costs incurred in connection with such litigation.",[],unannotated,False,unannotated,,,segmentation_v3,unreviewed,legal_clause
4fd432d8ce6796dabc17d3838d8539a2,4fd432d8ce6796dabc17d3838d8539a2_clause_014,"13. The Company reserves the right to assign its rights, powers and privileges under this Agreement (including, without limitation, the right to
enforce the terms of this Agreement) to any successor – in – interest to the Company by merger or sale of all or substantially all of the assets of the
Company.",[],unannotated,False,unannotated,,,segmentation_v3,unreviewed,legal_clause
4fd432d8ce6796dabc17d3838d8539a2,4fd432d8ce6796dabc17d3838d8539a2_clause_015,"14. Any provision of this Agreement which is prohibited or unenforceable in any jurisdiction shall, as to such jurisdiction, be ineffective to the extent
of such prohibition or unenforceability without invalidating the remaining provisions hereof or affecting the validity of enforceability of such
provisions in any other jurisdiction.",[],unannotated,False,unannotated,,,segmentation_v3,unreviewed,legal_clause
4fd432d8ce6796dabc17d3838d8539a2,4fd432d8ce6796dabc17d3838d8539a2_clause_016,"5

15. This Agreement shall be governed by and construed in accordance with the laws of The Commonwealth of Massachusetts without regard to the
principles of conflicts of law.",[],unannotated,False,unannotated,,,segmentation_v3,unreviewed,legal_clause
4fd432d8ce6796dabc17d3838d8539a2,4fd432d8ce6796dabc17d3838d8539a2_clause_017,"Very truly yours,

TYCO HEALTHCARE GROUP LP d/b/a COVIDIEN
By:
 /s/ Matthew J. Nicolella",[],unannotated,False,unannotated,,,segmentation_v3,unreviewed,legal_clause
4fd432d8ce6796dabc17d3838d8539a2,4fd432d8ce6796dabc17d3838d8539a2_clause_018,"Title:
Matthew J. Nicolella
Vice President",[],unannotated,False,unannotated,,,segmentation_v3,unreviewed,legal_clause
4fd432d8ce6796dabc17d3838d8539a2,4fd432d8ce6796dabc17d3838d8539a2_clause_019,Accepted and agreed:,[],unannotated,False,unannotated,,,segmentation_v3,unreviewed,legal_clause
4fd432d8ce6796dabc17d3838d8539a2,4fd432d8ce6796dabc17d3838d8539a2_clause_020,"SOMANETICS CORPORATION
By:
 /s/ Bruce J. Barrett",[],unannotated,False,unannotated,,,segmentation_v3,unreviewed,legal_clause
4fd432d8ce6796dabc17d3838d8539a2,4fd432d8ce6796dabc17d3838d8539a2_clause_021,"Title:
Bruce J. Barrett
President and Chief Executive Officer",[],unannotated,False,unannotated,,,segmentation_v3,unreviewed,legal_clause
53c8f90cfb5fb49177c9cb160e53f17b,53c8f90cfb5fb49177c9cb160e53f17b_clause_006,"Information disclosed to the receiving party, whether or not such documents were prepared by the disclosing party.
 f. The receiving party assumes all liability for any breach of the terms of this Agreement by it or any of its employees, agents or
representatives.
 g. The receiving party will use Confidential Information solely for the purpose of discussing and evaluating the Transaction, and for no
other purpose.",[],unannotated,False,unannotated,,,segmentation_v3,unreviewed,legal_clause
53c8f90cfb5fb49177c9cb160e53f17b,53c8f90cfb5fb49177c9cb160e53f17b_clause_007,"3. No License. Nothing contained in this Agreement shall be construed as creating any licenses to use the Confidential Information or other
intellectual property of the disclosing party except as expressly stated in this Agreement.",[],unannotated,False,unannotated,,,segmentation_v3,unreviewed,legal_clause
53c8f90cfb5fb49177c9cb160e53f17b,53c8f90cfb5fb49177c9cb160e53f17b_clause_008,"4. Each party understands that each party is a publicly-held company and that all or part of each party’s Confidential Information may
constitute material non-public information under the United States securities laws, and each party acknowledges that it is aware that the United
States securities laws prohibit any person who is in the possession of material non-public information about a company from purchasing or
selling that company’s securities in reliance upon such information or from communicating such information to any other person or entity under
circumstances in which it is reasonably foreseeable that such person or entity is likely to purchase or sell such securities in reliance upon such
information. Each party represents that, as of the date of this agreement, neither party nor its controlled affiliates, nor anyone acting on its or their
behalf in connection with the Transaction, has acquired record or beneficial ownership of any voting securities of the other party or of any
securities convertible or exchangeable into or exercisable for voting securities of the other party, and each Party agrees that neither it, nor any of
its directors, officers or employees who have been provided with the Confidential Information will perform any purchase, sale or other transfer of
any of the securities of the other party in violation of United States securities laws.",[],unannotated,False,unannotated,,,segmentation_v3,unreviewed,legal_clause
53c8f90cfb5fb49177c9cb160e53f17b,53c8f90cfb5fb49177c9cb160e53f17b_clause_009,"5. Nonsolicitation of Employees. The receiving party agrees for a period of one year (a) from end of discussions between the parties if no
written agreement is ultimately entered into between the parties, or (b) from the expiration or termination of the written agreement ultimately
entered into between the parties, to refrain from directly soliciting or seeking to hire any employee of the disclosing party about whom receiving
party received Confidential Information hereunder. Nothing herein shall prohibit either party from hiring or seeking to hire any employee of
disclosing party who independently responds to a general advertisement placed by the receiving party; provided that such receiving party does
not have any contact or conversations with such employee relating to such advertisement or employment prior to his or her response to such
advertisement.",[],unannotated,False,unannotated,,,segmentation_v3,unreviewed,legal_clause
53c8f90cfb5fb49177c9cb160e53f17b,53c8f90cfb5fb49177c9cb160e53f17b_clause_010,"6. Remedy Upon Violation. The receiving party agrees and understands that any unauthorized use or disclosure of the Confidential
Information or improper solicitation of the disclosing party’s employees shall cause substantial harm to the disclosing party and that the
disclosing party would not have an adequate remedy at law for such breach of the terms of this Agreement by the receiving party or any of the
disclosing party’s employees, agents or representatives. The receiving party agrees that the disclosing party shall be entitled to an injunction with
the posting of the minimum allowable bond, enjoining or restraining the receiving party from any violation or violations of this Agreement and
the receiving party hereby consents to the issuance of such injunction. The disclosing party’s rights to such equitable remedies shall be in
addition to all other rights or remedies which the disclosing party may have under this Agreement or under applicable law.",[],unannotated,False,unannotated,,,segmentation_v3,unreviewed,legal_clause
53c8f90cfb5fb49177c9cb160e53f17b,53c8f90cfb5fb49177c9cb160e53f17b_clause_011,"7. Binding Effect. The failure of the parties to enter into a contractual arrangement or the return by the receiving party of documents
containing Confidential Information in accordance with Paragraph 2(e) shall not relieve the receiving party of its obligations under this
Agreement. This
-3-",[],unannotated,False,unannotated,,,segmentation_v3,unreviewed,legal_clause
53c8f90cfb5fb49177c9cb160e53f17b,53c8f90cfb5fb49177c9cb160e53f17b_clause_012,"Agreement shall be binding upon and inure to the benefit of the parties, their respective successors and assigns. Neither this Agreement nor the
disclosure or receipt of Confidential Information shall constitute or imply a commitment by either party with respect to the Transaction, present
or future business agreements, or any other subject matter not expressly set forth herein.",[],unannotated,False,unannotated,,,segmentation_v3,unreviewed,legal_clause
53c8f90cfb5fb49177c9cb160e53f17b,53c8f90cfb5fb49177c9cb160e53f17b_clause_013,"8. Modification and Waiver. No purported amendment, modification or waiver of any provision of this Agreement shall be binding unless set
forth in a written document signed by all parties (in the case of amendments and modifications) or by the party to be charged thereby (in the case
of waivers). Any waiver shall be limited to the circumstance or event specifically referenced in the written waiver document and shall be deemed
to be a waiver or any other term of this Agreement or of the same circumstance or event upon any recurrence thereof.",[],unannotated,False,unannotated,,,segmentation_v3,unreviewed,legal_clause
53c8f90cfb5fb49177c9cb160e53f17b,53c8f90cfb5fb49177c9cb160e53f17b_clause_014,"9. Governing Law. This Agreement shall be construed and enforced in accordance with the laws of the State of Delaware, without application
of its conflict of laws provisions.
 The parties have caused this Agreement to be executed in a manner appropriate to each to be effective as of the date set forth on the first page
of this Agreement.",[],unannotated,False,unannotated,,,segmentation_v3,unreviewed,legal_clause
53c8f90cfb5fb49177c9cb160e53f17b,53c8f90cfb5fb49177c9cb160e53f17b_clause_015,"DATAKEY, INC.",[],unannotated,False,unannotated,,,segmentation_v3,unreviewed,fragment
53c8f90cfb5fb49177c9cb160e53f17b,53c8f90cfb5fb49177c9cb160e53f17b_clause_016,"SafeNet, Inc.
(“Datakey”)",[],unannotated,False,unannotated,,,segmentation_v3,unreviewed,legal_clause
53c8f90cfb5fb49177c9cb160e53f17b,53c8f90cfb5fb49177c9cb160e53f17b_clause_017,"(the “Company”)

By

/s/ David A. Feste",[],unannotated,False,unannotated,,,segmentation_v3,unreviewed,legal_clause
53c8f90cfb5fb49177c9cb160e53f17b,53c8f90cfb5fb49177c9cb160e53f17b_clause_018,"By

/s/ Carole D. Argo",[],unannotated,False,unannotated,,,segmentation_v3,unreviewed,legal_clause
53c8f90cfb5fb49177c9cb160e53f17b,53c8f90cfb5fb49177c9cb160e53f17b_clause_019,"Name
David A. Feste

Name",[],unannotated,False,unannotated,,,segmentation_v3,unreviewed,legal_clause
53c8f90cfb5fb49177c9cb160e53f17b,53c8f90cfb5fb49177c9cb160e53f17b_clause_020,"Carole D. Argo
Its

Chief Financial Officer",[],unannotated,False,unannotated,,,segmentation_v3,unreviewed,legal_clause
53c8f90cfb5fb49177c9cb160e53f17b,53c8f90cfb5fb49177c9cb160e53f17b_clause_021,"Its

President
-4-",[],unannotated,False,unannotated,,,segmentation_v3,unreviewed,fragment
586c367e2c45ebd8b7ba96fcb6006bf6,586c367e2c45ebd8b7ba96fcb6006bf6_clause_010,"(b)
“Company’s Business” means the specific biomedical research and development activities conducted by Companies including but not
limited to the discovery and development of novel calcium channel blockers for the purpose of treating diseases.",[],unannotated,False,unannotated,,,segmentation_v3,unreviewed,legal_clause
586c367e2c45ebd8b7ba96fcb6006bf6,586c367e2c45ebd8b7ba96fcb6006bf6_clause_020,"C. Eugene Wright, III
Oct. 5, 2007
Page 3 of 7",[],unannotated,False,unannotated,,,segmentation_v3,unreviewed,legal_clause
586c367e2c45ebd8b7ba96fcb6006bf6,586c367e2c45ebd8b7ba96fcb6006bf6_clause_021,"you will keep strictly confidential all Confidential Information and all other information that you acquire, see, or are informed of, as a direct or
indirect consequence of your involvement with Companies in any capacity or that is revealed to you by Companies or is generated through
negotiations or other activities of third parties in connection with your involvement, in any capacity, with Companies’ Business.",[],unannotated,False,unannotated,,,segmentation_v3,unreviewed,legal_clause
586c367e2c45ebd8b7ba96fcb6006bf6,586c367e2c45ebd8b7ba96fcb6006bf6_clause_022,"(b)
Non-Disclosure:
Unless the authorized representative of Company first gives you written permission to do so, you will not:",[],unannotated,False,unannotated,,,segmentation_v3,unreviewed,legal_clause
586c367e2c45ebd8b7ba96fcb6006bf6,586c367e2c45ebd8b7ba96fcb6006bf6_clause_023,"(i)
use or duplicate Confidential Information or recollections thereof;",[],unannotated,False,unannotated,,,segmentation_v3,unreviewed,legal_clause
586c367e2c45ebd8b7ba96fcb6006bf6,586c367e2c45ebd8b7ba96fcb6006bf6_clause_024,"(ii)
disclose Confidential Information or recollections thereof to any third party;
or",[],unannotated,False,unannotated,,,segmentation_v3,unreviewed,legal_clause
586c367e2c45ebd8b7ba96fcb6006bf6,586c367e2c45ebd8b7ba96fcb6006bf6_clause_025,"(iii)
translate or adapt any Confidential Information or permit any Confidential Information to be used, copied, translated or adapted.",[],unannotated,False,unannotated,,,segmentation_v3,unreviewed,legal_clause
586c367e2c45ebd8b7ba96fcb6006bf6,586c367e2c45ebd8b7ba96fcb6006bf6_clause_026,"(c)
Taking Precautions:
You will take all reasonable precautions necessary or prudent to prevent material in your possession or control that contains or refers to
Confidential Information from being discovered, used, or copied by third parties.",[],unannotated,False,unannotated,,,segmentation_v3,unreviewed,legal_clause
586c367e2c45ebd8b7ba96fcb6006bf6,586c367e2c45ebd8b7ba96fcb6006bf6_clause_027,"(d)
Companies’ Ownership of Confidential Information:
As between you and Companies, all right, title and interest in and to the Confidential Information, whether or not created or developed by you,
is and shall remain Companies’ property.",[],unannotated,False,unannotated,,,segmentation_v3,unreviewed,legal_clause
586c367e2c45ebd8b7ba96fcb6006bf6,586c367e2c45ebd8b7ba96fcb6006bf6_clause_028,"(e)
Control of Confidential Information and Return of Information:
All physical materials produced or prepared by you containing Confidential Information, including designs, formulae, memoranda, test results
and notes of experiments, drawings, plans, prototypes, samples, accounts, reports, data, financial statements or proforma estimates and any
other materials prepared in the course of your responsibilities or for the benefit of Companies shall belong to Companies, and you will turn
over possession to Company of all such items in your possession or control promptly when Company requests you to do so.",[],unannotated,False,unannotated,,,segmentation_v3,unreviewed,legal_clause
586c367e2c45ebd8b7ba96fcb6006bf6,586c367e2c45ebd8b7ba96fcb6006bf6_clause_029,"(f)
Purpose of Use:
You will use Confidential Information only for purposes authorized or directed by Company or Companies and its officers, and you will not
seek access to any Confidential Information that is not relevant to or necessary for those purposes.",[],unannotated,False,unannotated,,,segmentation_v3,unreviewed,legal_clause
586c367e2c45ebd8b7ba96fcb6006bf6,586c367e2c45ebd8b7ba96fcb6006bf6_clause_030,"(g)
Extent and Duration of Obligation:
Except as Company agrees In writing, your obligations of confidentiality under this Agreement shall continue for the longer of:",[],unannotated,False,unannotated,,,segmentation_v3,unreviewed,legal_clause
586c367e2c45ebd8b7ba96fcb6006bf6,586c367e2c45ebd8b7ba96fcb6006bf6_clause_031,"(i)
ten (10) years after the termination of your employment with Company;
and",[],unannotated,False,unannotated,,,segmentation_v3,unreviewed,legal_clause
586c367e2c45ebd8b7ba96fcb6006bf6,586c367e2c45ebd8b7ba96fcb6006bf6_clause_032,"C. Eugene Wright, III
Oct. 5, 2007
Page 4 of 7",[],unannotated,False,unannotated,,,segmentation_v3,unreviewed,legal_clause
586c367e2c45ebd8b7ba96fcb6006bf6,586c367e2c45ebd8b7ba96fcb6006bf6_clause_033,"(ii)
with respect to particular items of Confidential Information or material, for so long as those items are not in the public domain,
but your obligations will continue if those items enter the public domain as a consequence of a breach of this Agreement or any
other wrongful or negligent act or omission by you.
The restrictions in this Agreement regarding confidentiality will not apply to information which is known by you prior to your employment
with Company, except to the extent that such information was disclosed to you under a confidentiality agreement with a prior employer or to
the extent that value can be derived by a competitor from the manner in which such information has been compiled by you or others during
your employment by Company.",[],unannotated,False,unannotated,,,segmentation_v3,unreviewed,legal_clause
586c367e2c45ebd8b7ba96fcb6006bf6,586c367e2c45ebd8b7ba96fcb6006bf6_clause_034,"3.
ASSIGNMENT OF PROPRIETARY DEVELOPMENTS:",[],unannotated,False,unannotated,,,segmentation_v3,unreviewed,section_heading
586c367e2c45ebd8b7ba96fcb6006bf6,586c367e2c45ebd8b7ba96fcb6006bf6_clause_035,"(a)
Full Disclosure of Proprietary Developments:
You agree to promptly inform, and make full disclosure of, any Proprietary Development to Company. If required by Company, you will
disclose in writing in a log book or such other form or device provided for such purpose by Company, the details of all Proprietary
Developments that you are involved with or responsible for as an employee of Company.",[],unannotated,False,unannotated,,,segmentation_v3,unreviewed,legal_clause
586c367e2c45ebd8b7ba96fcb6006bf6,586c367e2c45ebd8b7ba96fcb6006bf6_clause_036,"(b)
Assignment of Proprietary Developments to Company:
You will assign, and do hereby irrevocably assign and transfer to Company or to Company’s designee, your entire right, title and interest in
and to all Proprietary Developments and any Confidential Information. Without limiting the foregoing, you agree to waive all legal and moral
rights in such Proprietary Developments, and you agree that all Proprietary Developments to which you contribute in any way while an
employee of Company and within the scope of your employment shall be deemed to be “works made in the course of employment” and that
Company, or Company’s designee, shall be deemed the owner thereof. To the extent that you may own or acquire legal title to any of such
Proprietary Developments, you hereby declare and confirm that such legal title is, and will be, held in a fiduciary capacity by you only as
trustee and agent for Company. You agree that Company, or Company’s designee, will be the exclusive owner of all of your right title and
interest in and to each Proprietary Development throughout the world, including all Trade Secret, patent, copyright, trademark, industrial
design and all other intellectual property rights of any kind therein. To the extent that any of the works prepared by or to which you contribute
within the scope of your employment with Company, shall be deemed by a court of competent jurisdiction not to be a “work made for hire”,
this Agreement shall operate as an irrevocable assignment by you to Company, or Company’s designee, of all right, title and interest in and to
such works, including, without limitation, all worldwide copyright interests therein, in perpetuity.",[],unannotated,False,unannotated,,,segmentation_v3,unreviewed,legal_clause
586c367e2c45ebd8b7ba96fcb6006bf6,586c367e2c45ebd8b7ba96fcb6006bf6_clause_037,"(c)
Notice:
Notwithstanding any other provision of this Agreement to the contrary, this Agreement does not obligate you to assign or offer to assign to
Company any of your rights in an invention for which no equipment, supplies, facilities or Confidential Information of Company was used and
which was developed entirely on your own time, unless: (1) the invention relates (a) directly to the business of Companies or (b) to
Companies’ actual or demonstrably anticipated research or development, or (2) the invention results from any work performed by you for
Company. This Notice satisfies the written notice and other requirements of RCW 49.44.140.",[],unannotated,False,unannotated,,,segmentation_v3,unreviewed,legal_clause
586c367e2c45ebd8b7ba96fcb6006bf6,586c367e2c45ebd8b7ba96fcb6006bf6_clause_038,"(d)
Assistance with Proceedings:
You further agree at Company’s request to assist in drafting of any description or specification of the Proprietary Development as may be
required for any patent application and to assist with any opposition to, or intervention regarding, an application for any patent, copyright or
trademark",[],unannotated,False,unannotated,,,segmentation_v3,unreviewed,legal_clause
586c367e2c45ebd8b7ba96fcb6006bf6,586c367e2c45ebd8b7ba96fcb6006bf6_clause_039,"C. Eugene Wright, III
Oct. 5, 2007
Page 5 of 7",[],unannotated,False,unannotated,,,segmentation_v3,unreviewed,legal_clause
586c367e2c45ebd8b7ba96fcb6006bf6,586c367e2c45ebd8b7ba96fcb6006bf6_clause_040,or other proceedings relating to any Proprietary Developments. Without limiting the foregoing you agree to execute:,[],unannotated,False,unannotated,,,segmentation_v3,unreviewed,legal_clause
586c367e2c45ebd8b7ba96fcb6006bf6,586c367e2c45ebd8b7ba96fcb6006bf6_clause_041,"(i)
all instruments that Company may reasonably require to effect, protect, perfect, register, record or patent any Proprietary
Developments or Confidential Information, or related rights, or Company’s interest therein; and",[],unannotated,False,unannotated,,,segmentation_v3,unreviewed,legal_clause
586c367e2c45ebd8b7ba96fcb6006bf6,586c367e2c45ebd8b7ba96fcb6006bf6_clause_042,"(ii)
all papers that Company reasonably considers necessary or helpful in obtaining or maintaining such interests and rights during
the prosecution of applications thereon or during the conduct of any interference, litigation, opposition, or any other matter in
connection therewith;
provided that all expenses incident to such activities will `be borne by Company.
Your obligations under this Section will continue in perpetuity beyond any termination of your employment with Company, respecting any
Proprietary Developments created during your employment with Company, or any Proprietary Developments perfected or reduced to specific
form after termination of your employment with Company, if the conception of the Proprietary Development arose during the time of your
employment with Company. You agree that Company’s rights under this Section shall not be limited to the United States, but shall extend to
every country of the world.",[],unannotated,False,unannotated,,,segmentation_v3,unreviewed,legal_clause
586c367e2c45ebd8b7ba96fcb6006bf6,586c367e2c45ebd8b7ba96fcb6006bf6_clause_043,"(e)
Inventions and Improvements:
You further agree to treat all information relating to any Proprietary Development as Confidential Information owned by Company and you
will disclose same only to your immediate superior or as he or she may direct.",[],unannotated,False,unannotated,,,segmentation_v3,unreviewed,legal_clause
586c367e2c45ebd8b7ba96fcb6006bf6,586c367e2c45ebd8b7ba96fcb6006bf6_clause_044,"(f)
Publicity and Publication:
Without the prior written consent of the Chief Scientific Officer or the Chief Executive Officer of Company you will not make or give any
public announcements or press releases or statements to the public or the press regarding any Proprietary Developments, Confidential
Information or other information concerning Companies’ Business. You also will not submit an abstract or publication for review or
publication until you have prior written approval to do so from the Chief Scientific Officer of Company.",[],unannotated,False,unannotated,,,segmentation_v3,unreviewed,legal_clause
586c367e2c45ebd8b7ba96fcb6006bf6,586c367e2c45ebd8b7ba96fcb6006bf6_clause_045,"4.
MISCELLANEOUS:",[],unannotated,False,unannotated,,,segmentation_v3,unreviewed,section_heading
586c367e2c45ebd8b7ba96fcb6006bf6,586c367e2c45ebd8b7ba96fcb6006bf6_clause_046,"(a)
Governing Law:
This Agreement shall be governed by and interpreted in accordance with the laws of the Commonwealth of Pennsylvania.",[],unannotated,False,unannotated,,,segmentation_v3,unreviewed,legal_clause
586c367e2c45ebd8b7ba96fcb6006bf6,586c367e2c45ebd8b7ba96fcb6006bf6_clause_047,"(b)
Equitable Remedies:
You acknowledge and agree that the restrictions contained in this Agreement, in view of the nature of the business in which the Companies are
engaged, are reasonable and necessary in order to protect the legitimate interests of the Companies, and that any violation or threatened
violation thereof would result in irreparable injury to the Companies. You therefore agree that:",[],unannotated,False,unannotated,,,segmentation_v3,unreviewed,legal_clause
586c367e2c45ebd8b7ba96fcb6006bf6,586c367e2c45ebd8b7ba96fcb6006bf6_clause_048,"(i)
in the event of your violation or threatened violation of any of these restrictions, the Companies shall be entitled to obtain from
any court of competent jurisdiction preliminary and permanent injunctive relief, or an appropriate decree of specific performance,
without proof of actual loss or the need to post any bonds. You further",[],unannotated,False,unannotated,,,segmentation_v3,unreviewed,legal_clause
586c367e2c45ebd8b7ba96fcb6006bf6,586c367e2c45ebd8b7ba96fcb6006bf6_clause_049,"C. Eugene Wright, III
Oct. 5, 2007
Page 6 of 7",[],unannotated,False,unannotated,,,segmentation_v3,unreviewed,legal_clause
586c367e2c45ebd8b7ba96fcb6006bf6,586c367e2c45ebd8b7ba96fcb6006bf6_clause_050,"agree that Companies shall be entitled to any and all other damages available at law and in equity, and an equitable accounting of
all earnings, profits and other benefits arising from such violation, which rights shall be cumulative and in addition to any other
rights or remedies to which the Companies may be entitled.",[],unannotated,False,unannotated,,,segmentation_v3,unreviewed,legal_clause
586c367e2c45ebd8b7ba96fcb6006bf6,586c367e2c45ebd8b7ba96fcb6006bf6_clause_051,"(ii)
You shall indemnify and hold harmless the Companies and their officers, directors, and employees from and against any and all
liabilities, losses, costs and expenses (including but not limited to, reasonable attorneys’ fees), damages and injuries resulting
from, or in connection with, any material breach of any provision of this Agreement by you.",[],unannotated,False,unannotated,,,segmentation_v3,unreviewed,legal_clause
586c367e2c45ebd8b7ba96fcb6006bf6,586c367e2c45ebd8b7ba96fcb6006bf6_clause_052,"(c)
Amendments:
No amendment, modification, supplement or other purported alteration of this Agreement shall be binding unless it is in writing and signed by
you and by Companies.",[],unannotated,False,unannotated,,,segmentation_v3,unreviewed,legal_clause
586c367e2c45ebd8b7ba96fcb6006bf6,586c367e2c45ebd8b7ba96fcb6006bf6_clause_053,"(d)
Binding Nature of Agreement:
You agree that this Agreement is binding on your personal representatives. You also agree that the covenants and provisions contained in this
Agreement shall survive and continue to bind you following the termination of your employment with Company regardless of how your
employment is terminated.",[],unannotated,False,unannotated,,,segmentation_v3,unreviewed,legal_clause
586c367e2c45ebd8b7ba96fcb6006bf6,586c367e2c45ebd8b7ba96fcb6006bf6_clause_054,"(e)
Independent Legal Advice:
As this is an important agreement for you and for Companies containing significant undertakings by you, Companies urge you to seek
independent legal advice regarding this Agreement prior to signing.",[],unannotated,False,unannotated,,,segmentation_v3,unreviewed,legal_clause
586c367e2c45ebd8b7ba96fcb6006bf6,586c367e2c45ebd8b7ba96fcb6006bf6_clause_055,"(f)
Severability:
If any part or Section of this Agreement is determined by a Court of competent jurisdiction to be void or unenforceable in whole or in part,
then such void or unenforceable part or Section shall be severed, and shall not affect or impair the enforceability or validity of the balance of
the Section or any other part of this Agreement.",[],unannotated,False,unannotated,,,segmentation_v3,unreviewed,legal_clause
586c367e2c45ebd8b7ba96fcb6006bf6,586c367e2c45ebd8b7ba96fcb6006bf6_clause_056,"(g)
No Waiver:
No waiver, delay, indulgence, or failure to act by Companies regarding any particular default or omission by you shall affect or impair any of
Companies’ rights or remedies regarding that or any subsequent default or omission that is not expressly waived in writing.",[],unannotated,False,unannotated,,,segmentation_v3,unreviewed,legal_clause
586c367e2c45ebd8b7ba96fcb6006bf6,586c367e2c45ebd8b7ba96fcb6006bf6_clause_057,"(h)
No Other Obligations:
You represent, except as you have disclosed to Companies in writing on the date hereof, that you have no agreements with or obligations to
others with respect to the matters covered by this Agreement or concerning the Confidential Information that are in conflict with anything in
this Agreement.",[],unannotated,False,unannotated,,,segmentation_v3,unreviewed,legal_clause
586c367e2c45ebd8b7ba96fcb6006bf6,586c367e2c45ebd8b7ba96fcb6006bf6_clause_058,"C. Eugene Wright, III
Oct. 5, 2007
Page 7 of 7",[],unannotated,False,unannotated,,,segmentation_v3,unreviewed,legal_clause
586c367e2c45ebd8b7ba96fcb6006bf6,586c367e2c45ebd8b7ba96fcb6006bf6_clause_059,"NEUROMED PHARMACEUTICALS INC.
By: /s/ Christopher C. Gallen, MD, PhD",[],unannotated,False,unannotated,,,segmentation_v3,unreviewed,legal_clause
586c367e2c45ebd8b7ba96fcb6006bf6,586c367e2c45ebd8b7ba96fcb6006bf6_clause_060,"Christopher C. Gallen, MD, PhD
President & CEO
NEUROMED PHARMACEUTICALS LTD.
By: /s/ Christopher C. Gallen, MD, PhD",[],unannotated,False,unannotated,,,segmentation_v3,unreviewed,legal_clause
586c367e2c45ebd8b7ba96fcb6006bf6,586c367e2c45ebd8b7ba96fcb6006bf6_clause_061,"Christopher C. Gallen, MD, PhD
President & CEO
ACCEPTED AND AGREED TO THIS 11 DAY OF October, 2007. BY MY SIGNATURE BELOW, I AFFIRM THAT I HAVE READ AND
UNDERSTAND THE TERMS AND CONDITIONS SET OUT IN THIS AGREEMENT, AND AGREE TO BE BOUND BY THEM.",[],unannotated,False,unannotated,,,segmentation_v3,unreviewed,legal_clause
586c367e2c45ebd8b7ba96fcb6006bf6,586c367e2c45ebd8b7ba96fcb6006bf6_clause_062,"/s/ C. Eugene Wright, III
C. Eugene Wright, III
th",[],unannotated,False,unannotated,,,segmentation_v3,unreviewed,legal_clause
64303e5aa502b04df2755968eecdc2f5,64303e5aa502b04df2755968eecdc2f5_clause_019,_________________________,[],unannotated,False,unannotated,,,segmentation_v3,unreviewed,legal_clause
64303e5aa502b04df2755968eecdc2f5,64303e5aa502b04df2755968eecdc2f5_clause_020,"_______________________________
By:
Date:
Joseph Stilwell
__________ __, 2014",[],unannotated,False,unannotated,,,segmentation_v3,unreviewed,legal_clause
64303e5aa502b04df2755968eecdc2f5,64303e5aa502b04df2755968eecdc2f5_clause_021,"By:

Date:
William C. Calderara, President and
Chief Executive Officer
___________ __, 2014
DIRECTOR
Date: ___________ __, 2014",[],unannotated,False,unannotated,,,segmentation_v3,unreviewed,legal_clause
64303e5aa502b04df2755968eecdc2f5,64303e5aa502b04df2755968eecdc2f5_clause_022,15,[],unannotated,False,unannotated,,,segmentation_v3,unreviewed,fragment
9a5cb31024ad0a7a4916e4f122ebea4a,9a5cb31024ad0a7a4916e4f122ebea4a_clause_005,"•
 the Company and its Affiliates are and will be engaged in a number of highly competitive lines of business.",[],unannotated,False,unannotated,,,segmentation_v3,unreviewed,legal_clause
9a5cb31024ad0a7a4916e4f122ebea4a,9a5cb31024ad0a7a4916e4f122ebea4a_clause_006,"•
 the Company and its Affiliates conduct business throughout the United States and in numerous foreign countries;",[],unannotated,False,unannotated,,,segmentation_v3,unreviewed,legal_clause
9a5cb31024ad0a7a4916e4f122ebea4a,9a5cb31024ad0a7a4916e4f122ebea4a_clause_007,"•
 the Company and its Affiliates possess Confidential Information and customer goodwill that provide the Company and its Affiliates with
a significant competitive advantage; and",[],unannotated,False,unannotated,,,segmentation_v3,unreviewed,legal_clause
9a5cb31024ad0a7a4916e4f122ebea4a,9a5cb31024ad0a7a4916e4f122ebea4a_clause_008,"•
 the Company’s and its Affiliates’ success depends to a substantial extent upon the protection of its Confidential Information (which
includes trade secrets and customer lists) and customer goodwill by all of their employees;",[],unannotated,False,unannotated,,,segmentation_v3,unreviewed,legal_clause
9a5cb31024ad0a7a4916e4f122ebea4a,9a5cb31024ad0a7a4916e4f122ebea4a_clause_009,"•
 Executive has and will continue to have possession of Confidential Information; and",[],unannotated,False,unannotated,,,segmentation_v3,unreviewed,legal_clause
9a5cb31024ad0a7a4916e4f122ebea4a,9a5cb31024ad0a7a4916e4f122ebea4a_clause_010,"WHEREAS, if Executive were to leave the Company, the Company and its Affiliates would in all fairness need certain protections to prevent
competitors from gaining an unfair competitive advantage over them.
NOW, THEREFORE, in consideration of the covenants and agreements hereinafter set forth, the parties agree as follows:",[],unannotated,False,unannotated,,,segmentation_v3,unreviewed,legal_clause
9a5cb31024ad0a7a4916e4f122ebea4a,9a5cb31024ad0a7a4916e4f122ebea4a_clause_011,"1.
Term of Agreement. This Agreement will remain in effect from the date hereof until the date the Executive’s employment with the Company
terminates for any reason. The following provisions shall survive termination or expiration of this Agreement for any reason, to the extent
applicable and in accordance with their terms: Sections 4, 5, 6 and 8. Executive’s employment is “at-will”, and nothing contained herein shall
be deemed a guarantee of employment with Company for any period of time.",[],unannotated,False,unannotated,,,segmentation_v3,unreviewed,legal_clause
9a5cb31024ad0a7a4916e4f122ebea4a,9a5cb31024ad0a7a4916e4f122ebea4a_clause_012,"2.
Capacity and Performance.",[],unannotated,False,unannotated,,,segmentation_v3,unreviewed,legal_clause
9a5cb31024ad0a7a4916e4f122ebea4a,9a5cb31024ad0a7a4916e4f122ebea4a_clause_013,"(a) During the term hereof, the Executive shall serve the Company in the position to which he or she is appointed from time to time.
Executive’s position as of the date of this Agreement is [ ]. During the term hereof, Executive will be employed by the Company on a
full-time basis and shall perform the duties and responsibilities of his or her",[],unannotated,False,unannotated,,,segmentation_v3,unreviewed,legal_clause
9a5cb31024ad0a7a4916e4f122ebea4a,9a5cb31024ad0a7a4916e4f122ebea4a_clause_014,"position and such other duties and responsibilities on behalf of the Company and its Affiliates, reasonably related to that position, as may be
designated from time to time by the Compensation Committee (the “Compensation Committee”) of the Board of Directors of SAVVIS (the
“Board”) or other designee.",[],unannotated,False,unannotated,,,segmentation_v3,unreviewed,legal_clause
9a5cb31024ad0a7a4916e4f122ebea4a,9a5cb31024ad0a7a4916e4f122ebea4a_clause_015,"(b) During the term hereof, the Executive shall devote his full business time and his best efforts, business judgment, skill and knowledge
to the advancement of the business and interests of the Company and its Affiliates and to the discharge of his duties and responsibilities
hereunder. The Executive shall not engage in any other business activity or serve in any industry, trade, professional, governmental or
academic position during the term of this Agreement, except as may otherwise be expressly approved in advance by the Compensation
Committee or other designee in writing.",[],unannotated,False,unannotated,,,segmentation_v3,unreviewed,legal_clause
9a5cb31024ad0a7a4916e4f122ebea4a,9a5cb31024ad0a7a4916e4f122ebea4a_clause_016,"3.
Compensation and Benefits. As compensation for all services performed by the Executive under and during the term hereof, and subject to
performance of the Executive’s duties and the fulfillment of the obligations of the Executive to the Company and its Affiliates, pursuant to this
Agreement or otherwise:",[],unannotated,False,unannotated,,,segmentation_v3,unreviewed,legal_clause
9a5cb31024ad0a7a4916e4f122ebea4a,9a5cb31024ad0a7a4916e4f122ebea4a_clause_017,"(a) Base Salary. During the term hereof, the Company shall pay the Executive a base salary, which as of the date of execution of this
Agreement is set at the rate of [ Dollars ($ ) ] per annum, payable in accordance with the regular payroll practices of the
Company for its executives subject to adjustment from time to time by the Compensation Committee, in its sole discretion. Such base salary,
as from time to time adjusted, is hereafter referred to as the “Base Salary”.",[],unannotated,False,unannotated,,,segmentation_v3,unreviewed,legal_clause
9a5cb31024ad0a7a4916e4f122ebea4a,9a5cb31024ad0a7a4916e4f122ebea4a_clause_018,(b) Incentive and Bonus Compensation.,[],unannotated,False,unannotated,,,segmentation_v3,unreviewed,legal_clause
9a5cb31024ad0a7a4916e4f122ebea4a,9a5cb31024ad0a7a4916e4f122ebea4a_clause_019,"(i) For service rendered during the Company’s fiscal year ending December 31, [ ], the Executive will be eligible, at the
Compensation Committee’s discretion, to receive a bonus payment equal to [ ]% of Base Salary, payable in accordance with the
terms of the Company’s [ ] Annual Incentive Plan.",[],unannotated,False,unannotated,,,segmentation_v3,unreviewed,legal_clause
9a5cb31024ad0a7a4916e4f122ebea4a,9a5cb31024ad0a7a4916e4f122ebea4a_clause_020,"(ii) Commencing on January 1, [ ] and for the remainder of the term hereof, the Executive shall be entitled to participate in the
Company’s Annual Incentive Plan (the “Annual Incentive Plan”) on terms to be determined annually by the Compensation Committee
prior to the commencement of each fiscal year. Nothing contained herein shall obligate the Company to continue the Annual Incentive
Plan. Any compensation paid to the Executive under the Annual Incentive Plan shall be in addition to the Base Salary. Except as
otherwise expressly provided under the terms of the Annual Incentive Plan or this Agreement, the Executive shall not be entitled to earn
bonus or other compensation for services rendered to the Company.
[Insert equity grant provisions if applicable.]",[],unannotated,False,unannotated,,,segmentation_v3,unreviewed,legal_clause
9a5cb31024ad0a7a4916e4f122ebea4a,9a5cb31024ad0a7a4916e4f122ebea4a_clause_021,"4.
Termination of Employment.",[],unannotated,False,unannotated,,,segmentation_v3,unreviewed,legal_clause
9a5cb31024ad0a7a4916e4f122ebea4a,9a5cb31024ad0a7a4916e4f122ebea4a_clause_022,"(a) Executive’s employment with the Company may be terminated as follows:
(i) by the Company with Cause;
(ii) by the Company without Cause;
(iii) upon Executive’s death or Disability (defined herein);",[],unannotated,False,unannotated,,,segmentation_v3,unreviewed,legal_clause
9a5cb31024ad0a7a4916e4f122ebea4a,9a5cb31024ad0a7a4916e4f122ebea4a_clause_023,"(iv) by Executive with Good Reason; or
(v) by Executive without Good Reason.",[],unannotated,False,unannotated,,,segmentation_v3,unreviewed,legal_clause
9a5cb31024ad0a7a4916e4f122ebea4a,9a5cb31024ad0a7a4916e4f122ebea4a_clause_024,"(b) Upon termination of Executive’s employment for any reason, all rights and obligations under this Agreement shall cease, except as
referred to in Section 1 and except that Executive shall be entitled to (i) payment of his or her salary through the effective date of termination,
plus (ii) payment of any other amounts owed but not yet paid to Executive as of the effective date of termination (such as reimbursement for
business expenses incurred prior to termination in accordance with the Company’s expense and reimbursement policy, plus (iii) any other
benefits to which Executive may be entitled which provide for payment or other benefits following termination (such as under disability
insurance plan).",[],unannotated,False,unannotated,,,segmentation_v3,unreviewed,legal_clause
9a5cb31024ad0a7a4916e4f122ebea4a,9a5cb31024ad0a7a4916e4f122ebea4a_clause_025,(c) Severance Benefits.,[],unannotated,False,unannotated,,,segmentation_v3,unreviewed,legal_clause
9a5cb31024ad0a7a4916e4f122ebea4a,9a5cb31024ad0a7a4916e4f122ebea4a_clause_026,"(i) If the Executive is subject to termination pursuant to an Involuntary Termination (as defined in Section 7), then in addition to
any amounts / benefits owed under Section 4(b), the Company shall pay the Executive: (x) an amount equal to 100% of his or her then
current annual Base Salary for one year (the “Severance Payment”) and (y) at the discretion of the Compensation Committee, a pro-rated
portion of the bonus that the Executive would be entitled to receive under the Company’s Annual Incentive Plan (“Bonus”). The pro-
rated Bonus will be calculated by the compensation committee by extrapolating the Company’s anticipated full year performance based
on the current year performance to date and then multiplying the resulting full year extrapolation by a fraction the numerator of which is
the number of days during the calendar year the Executive worked in the year of Involuntary Termination up to the termination date and
the denominator of which is 365. Any such Bonus shall be paid not later than 30 days after the date of the Involuntary Termination. If the
Executive is subject to an Involuntary Termination prior to March 31 of any calendar year, and has, therefore, not yet received payment
for the prior year under the Annual Incentive Plan, then the Executive will also be entitled to such payment under the Annual Incentive
Plan as he would otherwise have been entitled to receive had he remained employed on March 31 of the year of Involuntary Termination.
Any such Bonus shall be paid at the time bonuses are paid to other employees under the Annual Incentive Plan and not later than the end
of the year during which the Involuntary Termination occurred.",[],unannotated,False,unannotated,,,segmentation_v3,unreviewed,legal_clause
9a5cb31024ad0a7a4916e4f122ebea4a,9a5cb31024ad0a7a4916e4f122ebea4a_clause_027,"(ii) Further, if and only if the Involuntary Termination occurs within twelve (12) months after a Change in Control (a “Change in
Control Termination”), then (x) in addition to the Severance Payment, any stock awards, stock options, stock appreciation rights or other
equity-based awards (each an “Equity Award”) that were outstanding immediately prior to the effective date of the Change in Control
Termination shall, unless such Equity Awards are no longer outstanding, to the extent not then vested, fully vest and become exercisable
as of such date and the Executive shall have the right to exercise any such Equity Award until the earlier to occur of (A) twelve
(12) months from the date of the Change in Control Termination and (B) the expiration date of such Equity Award as set forth in the
agreement evidencing such award; and (y) the Executive shall be entitled to the Bonus, which shall be paid not later than 30 days after
the date of the Change in Control Termination.",[],unannotated,False,unannotated,,,segmentation_v3,unreviewed,legal_clause
9a5cb31024ad0a7a4916e4f122ebea4a,9a5cb31024ad0a7a4916e4f122ebea4a_clause_028,"(d) Timing of and Conditions to Payment. Any Severance Payment due under Section 4(c) shall be paid bi-monthly, in accordance with
the Company’s standard payroll procedures, for the twelve (12) month period following the effective date of termination. Any other provision
of this Agreement notwithstanding, no severance benefits shall be payable unless and until each of the following has occurred:",[],unannotated,False,unannotated,,,segmentation_v3,unreviewed,legal_clause
9a5cb31024ad0a7a4916e4f122ebea4a,9a5cb31024ad0a7a4916e4f122ebea4a_clause_029,"(i) the Executive has executed and delivered to the Company a general release (in a form prescribed by the Company) of all known
and unknown claims that he or she may then have against the Company or persons affiliated with the Company and has agreed not to
prosecute any legal action or other proceeding based upon any of such claims;
(ii) the Executive has, no later than the effective date of termination, delivered to the Company a resignation from all offices,
directorships and fiduciary positions with the Company and it affiliates;
(iii) the effective date of the Executive’s Involuntary Termination;
(iv) the date of the Company’s receipt of the Executive’s executed General Release, which must be no later than 21 days following
the effective date of termination (except in the case of group terminations, such time period shall be 45 days);
(v) the expiration of any rescission or revocation period applicable to the Executive’s executed General Release; and
(vi) the Executive is and continues to be in compliance with all of his or her obligations under this Agreement, including, without
limitation, Sections 5 and 6, and under the agreements and other documents referred to or incorporated by reference herein.
The Company will commence payment of the Severance Payment within ten (10) business days of satisfaction / occurrence of the last of the
foregoing items (1) through (5). For purposes of Section 409A of the Internal Revenue Code of 1986, as amended (“Code”), an installment
Severance Payment shall be deemed to be made as of the applicable bimonthly payroll date following the Executive’s effective date of termination if
made by the 15th day of the third calendar month following such payroll date.",[],unannotated,False,unannotated,,,segmentation_v3,unreviewed,legal_clause
9a5cb31024ad0a7a4916e4f122ebea4a,9a5cb31024ad0a7a4916e4f122ebea4a_clause_030,"(e) Health Care Benefit. Following an Involuntary Termination, the Company will pay to the Executive a monthly taxable cash payment
in an amount equal (on an after tax basis, taking into account federal, state, local and foreign taxes) to the monthly COBRA (Consolidated
Omnibus Budget Reconciliation Act) premium(s) in effect as of immediately prior to the Executive’s Involuntary Termination for the most
expensive level of coverage under the group health plan(s) applicable to the Executive at the time of the Executive’s Involuntary Termination.
The monthly payments will commence with the first month following the Executive’s Involuntary Termination and will terminate upon the
earlier of (a) the Executive having received twelve monthly payments and (b) the Executive becoming re-employed and entitled to coverage
under the new employer’s group health plan. The Executive agrees to notify the Company in writing immediately upon becoming re-employed
and entitled to coverage under a new employer’s group health plan.",[],unannotated,False,unannotated,,,segmentation_v3,unreviewed,legal_clause
9a5cb31024ad0a7a4916e4f122ebea4a,9a5cb31024ad0a7a4916e4f122ebea4a_clause_031,"(f) Withholding Taxes. All payments made under this Agreement shall be subject to reduction to reflect taxes or other charges required to
be withheld by law.",[],unannotated,False,unannotated,,,segmentation_v3,unreviewed,legal_clause
9a5cb31024ad0a7a4916e4f122ebea4a,9a5cb31024ad0a7a4916e4f122ebea4a_clause_032,"(g) Section 409A Savings Clause. This Agreement is intended to comply with the requirements of Section 409A of the Code (including
the exceptions thereto) to the extent applicable, and the Agreement shall be interpreted in a manner consistent with such requirements.
Notwithstanding any other provision hereof, if any provision of the Agreement conflicts with the requirements of Section 409A of the Code (or
an exception thereto), such provision shall be deemed reformed so as to comply with the requirements of Section 409A of the Code (or an
exception thereto) and shall be interpreted and applied accordingly.",[],unannotated,False,unannotated,,,segmentation_v3,unreviewed,legal_clause
9a5cb31024ad0a7a4916e4f122ebea4a,9a5cb31024ad0a7a4916e4f122ebea4a_clause_033,"Amounts payable other than those expressly payable on a deferred or installment basis, will be paid as promptly as practical and, in any event,
within 2 /2 months after the end of the year in which such amount was earned.
Any amount that the Executive is entitled to be reimbursed will be reimbursed as promptly as practical and in any event not later than the last
day of the calendar year after the calendar year in which the expenses are incurred, and the amount of the expenses eligible for reimbursement during
any calendar year will not affect the amount of expenses eligible for reimbursement in any other calendar year.
If at the time of separation from service (i) the Executive is a specified employee (within the meaning of Section 409A and using the
identification methodology selected by the Company from time to time), and (ii) the Company makes a good faith determination that an amount
payable by the Company to the Executive constitutes deferred compensation (within the meaning of Section 409A) the payment of which is required
to be delayed pursuant to the six-month delay rule set forth in Section 409A in order to avoid taxes or penalties under Section 409A, then the
Company will not pay such amount on the otherwise scheduled payment date but will instead pay it in a lump sum on the first business day after
such six-month period together with interest for the period of delay, compounded annually, equal to the prime rate (as published in the Wall Street
Journal) in effect as of the dates the payments should otherwise have been provided.",[],unannotated,False,unannotated,,,segmentation_v3,unreviewed,legal_clause
9a5cb31024ad0a7a4916e4f122ebea4a,9a5cb31024ad0a7a4916e4f122ebea4a_clause_034,"5.
Confidential Information.",[],unannotated,False,unannotated,,,segmentation_v3,unreviewed,legal_clause
9a5cb31024ad0a7a4916e4f122ebea4a,9a5cb31024ad0a7a4916e4f122ebea4a_clause_035,"(a) The Executive acknowledges that the Company and its Affiliates continually develop Confidential Information, that the Executive
may develop Confidential Information for the Company or its Affiliates and that the Executive will have possession of and access to
Confidential Information during the course of employment. The Executive will comply with the policies and procedures of the Company and
its Affiliates for protecting Confidential Information, and shall not disclose to any Person or use, other than as required by applicable law or
for the proper performance of his duties and responsibilities to the Company and its Affiliates, any Confidential Information obtained by the
Executive incident to his employment or other association with the Company or any of its Affiliates. The Executive understands that this
restriction shall continue to apply after his employment terminates, regardless of the reason for such termination. The confidentiality obligation
under this Section 5 shall not apply to information which is generally known or readily available to the public at the time of disclosure or
becomes generally known through no wrongful act on the part of the Executive or any other Person having an obligation of confidentiality to
the Company or any of its Affiliates.",[],unannotated,False,unannotated,,,segmentation_v3,unreviewed,legal_clause
9a5cb31024ad0a7a4916e4f122ebea4a,9a5cb31024ad0a7a4916e4f122ebea4a_clause_036,"(b) All documents, records, tapes and other media of every kind and description relating to the business, present or otherwise, of the
Company or its Affiliates and any copies, in whole or in part, thereof (the “Documents”), whether or not prepared by the Executive, shall be
the sole and exclusive property of the Company and its Affiliates. The Executive shall safeguard all Documents and shall surrender to the
Company at the time his employment terminates, or at such earlier time or times as the Board or its designee may specify, all Documents then
in the Executive’s possession or control.",[],unannotated,False,unannotated,,,segmentation_v3,unreviewed,legal_clause
9a5cb31024ad0a7a4916e4f122ebea4a,9a5cb31024ad0a7a4916e4f122ebea4a_clause_037,"(c) In the event that Executive is requested or becomes legally compelled (by oral questions, interrogatories, requests for information or
documents, deposition, subpoena, civil investigative
 1",[],unannotated,False,unannotated,,,segmentation_v3,unreviewed,legal_clause
9a5cb31024ad0a7a4916e4f122ebea4a,9a5cb31024ad0a7a4916e4f122ebea4a_clause_038,"demand or similar process) to disclose any of the Confidential Information, the Executive shall, where permitted under applicable law, rule or
regulation, provide written notice to the Company promptly after such request so that the Company may, at its expense, seek a protective order
or other appropriate remedy (the Executive agrees to reasonably cooperate with the Company in connection with seeking such order or other
remedy). In the event that such protective order or other remedy is not obtained, the Executive shall furnish only that portion of the
Confidential Information that the Executive is advised by counsel is required, and shall exercise reasonable efforts to obtain assurance that
confidential treatment will be accorded such Confidential Information. In addition, the Executive may disclose Confidential Information in the
course of inspections, examinations or inquiries by federal or state regulatory agencies and self regulatory organizations that have requested or
required the inspection of records that contain the Confidential Information provided that the Executive exercises reasonable efforts to obtain
reliable assurances that confidential treatment will be accorded to such Confidential Information. To the extent such information is required to
be disclosed and is not accorded confidential treatment as described in the immediately preceding sentence, it shall not constitute “Confidential
Information” under this Agreement.",[],unannotated,False,unannotated,,,segmentation_v3,unreviewed,legal_clause
9a5cb31024ad0a7a4916e4f122ebea4a,9a5cb31024ad0a7a4916e4f122ebea4a_clause_039,"6.
Certain Covenants.",[],unannotated,False,unannotated,,,segmentation_v3,unreviewed,legal_clause
9a5cb31024ad0a7a4916e4f122ebea4a,9a5cb31024ad0a7a4916e4f122ebea4a_clause_040,"(a) The Executive agrees that, during his employment with the Company, he or she will not undertake any outside activity, whether or not
competitive with the business of the Company or its Affiliates that could reasonably give rise to a conflict of interest or otherwise materially
interfere with his or her duties and obligations to the Company or any of its Affiliates.",[],unannotated,False,unannotated,,,segmentation_v3,unreviewed,legal_clause
9a5cb31024ad0a7a4916e4f122ebea4a,9a5cb31024ad0a7a4916e4f122ebea4a_clause_041,"(b) During the term of Executive’s employment and for twelve (12) months following termination of his or her employment for any
reason (the “Restricted Period”), the Executive shall not, directly or indirectly, whether as owner, partner, investor, consultant, agent,
employee, co-venturer or otherwise:
(i) compete with the Company or any of its Affiliates within the geographic area in which the Company does business or undertake
any planning for any business competitive with the Company or any of its Affiliates. Specifically, but without limiting the foregoing, the
Executive agrees not to engage in any manner in any activity that is directly or indirectly competitive with the business of the Company
or any of its Affiliates as conducted or under consideration at any time during the Executive’s employment, and further agrees not to
work or provide services, in any capacity, whether as an employee, independent contractor or otherwise, whether with or without
compensation, to any Person who is engaged in any business that is competitive with the business of the Company or any of its Affiliates
for which the Executive has provided services. The foregoing, however, shall not prevent the Executive’s passive ownership of two
percent (2%) or less of the equity securities of any publicly traded company. Notwithstanding any provision in this Agreement, section 6.
(b) (i) shall not be deemed to create post-employment non-competition restrictions on the Executive if the Executive’s primary residence
is in the state of California; or
(ii) solicit or encourage any customer of the Company or any of its Affiliates to terminate or diminish its relationship with them; or
(iii) seek to persuade any such customer of the Company or any of its Affiliates to conduct with anyone else any business or
activity which such customer conducts with the Company or any of its Affiliates; provided that these restrictions shall apply only if the
Executive",[],unannotated,False,unannotated,,,segmentation_v3,unreviewed,legal_clause
9a5cb31024ad0a7a4916e4f122ebea4a,9a5cb31024ad0a7a4916e4f122ebea4a_clause_042,"has performed work for such Person during his employment with the Company or one of its Affiliates or has been introduced to, or
otherwise had contact with, such Person as a result of his employment or other associations with the Company or one of its Affiliates or
has had access to Confidential Information which would assist in the Executive’s solicitation of such Person.
(iv) solicit for hiring any employee or independent contractor of the Company or any of its Affiliates or seek to persuade any
employee or independent contractor of the Company or any of its Affiliates to discontinue or diminish such employee or independent
contractor’s relationship with the Company or any of its Affiliates.",[],unannotated,False,unannotated,,,segmentation_v3,unreviewed,legal_clause
9a5cb31024ad0a7a4916e4f122ebea4a,9a5cb31024ad0a7a4916e4f122ebea4a_clause_043,"(c) Cooperation and Non-Disparagement. The Executive agrees that, during the Restricted Period, he or she shall cooperate with the
Company in every reasonable respect and shall use his or her best efforts to assist the Company with the transition of the Executive’s duties to
his or her successor. The Executive further agrees that, during the Restricted Period, he or she shall not in any way or by any means disparage
the Company, the members of the Company’s Board or the Company’s officers and employees.",[],unannotated,False,unannotated,,,segmentation_v3,unreviewed,legal_clause
9a5cb31024ad0a7a4916e4f122ebea4a,9a5cb31024ad0a7a4916e4f122ebea4a_clause_044,"(d) Assignment of Inventions. The Executive shall promptly and fully disclose all Work Product (defined herein) to the Company.
Executive hereby assigns to the Company all of Executive’s rights, title, and interest (including but not limited to all patent, trademark,
copyright and trade secret rights) in and to all work product prepared by Executive, made or conceived in whole or in part by Executive within
the scope of Executive’s employment by the Company or within six (6) months thereafter, or that relate directly to or involve the use of
Confidential Information (“Work Product”). Executive further acknowledges and agrees that all copyrightable Work Product prepared by
Executive within the scope of Executive’s employment with the Company are “works made for hire” and, consequently, that the Company
owns all copyrights thereto. The Executive agrees to execute any and all applications for domestic and foreign patents, copyrights or other
proprietary rights and to do such other acts (including without limitation the execution and delivery of instruments of further assurance or
confirmation) requested by the Company to assign the Work Product to the Company and to permit the Company to enforce any patents,
copyrights or other proprietary rights to the Work Product. The Executive will not charge the Company for time spent in complying with these
obligations. Notwithstanding the foregoing, any provision in this Agreement which provides that Executive shall assign, offer to assign, any of
his or her rights in an invention to the Company shall not apply to an invention that the Executive developed entirely on his or her own time
without using the Company’s equipment, supplies, facilities, or trade secret information except for those inventions that either:
(i) relate at the time of conception or reduction to practice of the invention to the Company’s business or actual demonstrably
anticipated research or development of the Company; or
(ii) result from any work performed by the Executive for the Company.",[],unannotated,False,unannotated,,,segmentation_v3,unreviewed,legal_clause
9a5cb31024ad0a7a4916e4f122ebea4a,9a5cb31024ad0a7a4916e4f122ebea4a_clause_045,"(e) Acknowledgement Regarding Restrictions. The Company has expended a great deal of time, money and effort to develop and
maintain its confidential business information which, if misused or disclosed, could be very harmful to its business and could cause the
Company to be at a competitive disadvantage in the marketplace. The Company would not be willing to proceed with the execution of this
Agreement but for the Executive’s signing and agreeing to abide by the terms of this Agreement. The Executive recognizes and acknowledges
that he or she has and will have access to Confidential Information of the Company, and that the Company, in all fairness, needs certain
protection in order to ensure that the Executive does not misappropriate or misuse any trade secret or other Confidential Information or take
any other action which could result in a loss of the goodwill of the",[],unannotated,False,unannotated,,,segmentation_v3,unreviewed,legal_clause
9a5cb31024ad0a7a4916e4f122ebea4a,9a5cb31024ad0a7a4916e4f122ebea4a_clause_046,"Company and, more generally, to prevent the Executive from having or providing others with an unfair competitive advantage over the
Company. To that end, the Executive acknowledges that the foregoing restrictions, both separately and in total, are reasonable and enforceable
in view of the Company’s legitimate interests in protecting the goodwill, confidential information and customer loyalty of its business. To the
extent that any provision of this Agreement is adjudicated to be invalid or unenforceable because it is somehow overbroad or otherwise
unreasonable, that provision shall not be void but rather shall be limited only to the extent required by applicable law and enforced as so
limited to the greatest extent allowed by law, and the validity or enforceability of the remaining provisions of this Agreement shall be
unaffected and such adjudication shall not affect the validity or enforceability of such remaining provisions.",[],unannotated,False,unannotated,,,segmentation_v3,unreviewed,legal_clause
9a5cb31024ad0a7a4916e4f122ebea4a,9a5cb31024ad0a7a4916e4f122ebea4a_clause_047,"(f) Right to Injunctive Relief. The Executive further agrees that in the event of any breach hereof the harm to the Company will be
irreparable and without adequate remedy at law and, therefore, that injunctive relief with respect thereto will be appropriate. In the event of a
breach or threatened breach of any of the Executive’s obligations under the terms of Sections 5 or 6 hereof, the Company shall be entitled, in
addition to any other legal or equitable remedies it may have in connection therewith (including any right to damages that it may suffer), to
temporary, preliminary and permanent injunctive relief restraining such breach or threatened breach (without the obligation to post bond),
together with reasonable attorney’s fees incurred in preliminarily enforcing its rights hereunder. The Executive specifically agrees that if there
is a question as to the enforceability of any of the provisions of Sections 5 or 6 hereof, the Executive will not engage in any conduct
inconsistent with or contrary to such Section until after the question has been resolved by a final judgment of a court of competent jurisdiction.",[],unannotated,False,unannotated,,,segmentation_v3,unreviewed,legal_clause
9a5cb31024ad0a7a4916e4f122ebea4a,9a5cb31024ad0a7a4916e4f122ebea4a_clause_048,"7.
Definitions.
(a) Definition of “Affiliate.” For all purposes under this Agreement, “Affiliate” shall mean, with respect to any Person, all Persons
directly or indirectly controlling, controlled by or under common control with such Person, where control may be by either management
authority, contract or equity interest. As used in this definition, “control” and correlative terms have the meanings ascribed to such words in
Rule 12b-2 of the Securities Exchange Act of 1934, as amended (the “Exchange Act”).",[],unannotated,False,unannotated,,,segmentation_v3,unreviewed,legal_clause
9a5cb31024ad0a7a4916e4f122ebea4a,9a5cb31024ad0a7a4916e4f122ebea4a_clause_049,"(b) Definition of “Cause.” For all purposes under this Agreement, “Cause” shall mean any of the following (i) the Executive’s willful and
continued failure to perform substantially the duties of his/her responsibilities (other than due to physical or mental incapacity); (ii) the
Executive’s unauthorized use or disclosure of trade secrets which causes substantial harm to the Company; (iii) the Executive’s engaging in
illegal conduct that is likely to be injurious to the Company; (iv) the Executive’s acts of fraud, dishonesty, or gross misconduct, or gross
negligence in connection with the business of the Company; (v) the Executive’s conviction of a felony; (vi) the Executive’s engaging in any act
of moral turpitude reasonably likely to substantially and adversely affect the Company or its business; (vii) the Executive engaging in the
illegal use of a controlled substance or using prescription medications unlawfully; (viii) the Executive’s abuse of alcohol; or (ix) the breach by
the Executive of a material term of this Agreement, including, without limitation, his or her obligations under Sections 5 or 6.",[],unannotated,False,unannotated,,,segmentation_v3,unreviewed,legal_clause
9a5cb31024ad0a7a4916e4f122ebea4a,9a5cb31024ad0a7a4916e4f122ebea4a_clause_050,"(c) Definition of “Change in Control.” For all purposes under this Agreement, “Change in Control” means the occurrence of any of the
following:
(A) any Person (as defined herein) becomes the beneficial owner directly or indirectly (within the meaning of Rule 13d--3 under
the Exchange Act) of more than 50% of SAVVIS’ then outstanding voting securities (measured on the basis of voting power); or",[],unannotated,False,unannotated,,,segmentation_v3,unreviewed,legal_clause
9a5cb31024ad0a7a4916e4f122ebea4a,9a5cb31024ad0a7a4916e4f122ebea4a_clause_051,"(B) Individuals who, as of the date hereof, constitute the Board (the “Incumbent Board”) cease for any reason to constitute at least a
majority of the Board; provided, however, that any individual becoming a director subsequent to the date hereof whose election, or
nomination for election by SAVVIS’ shareholders, was approved by a vote of at least a majority of the directors then comprising the
Incumbent Board shall be considered as though such individual were a member of the Incumbent Board, but excluding, for this purpose,
any such individual whose initial assumption of office occurs as a result of an actual or threatened election contest with respect to the
election or removal of directors or other actual or threatened solicitation of proxies or consents by or on behalf of a Person other than the
Board; or
(C) the closing of an agreement of merger or consolidation with any other corporation or business entity, other than (x) a merger or
consolidation which would result in the voting securities of SAVVIS outstanding immediately prior thereto continuing to represent
(either by remaining outstanding or by being converted into voting securities of the surviving entity), in combination with the ownership
of any trustee or other fiduciary holding securities under an employee benefit plan of the Company, at least 50% of the combined voting
power of the voting securities of SAVVIS or such surviving entity outstanding immediately after such merger or consolidation, or (y) a
merger or consolidation effected to implement a recapitalization of SAVVIS (or similar transaction) in which no Person acquires more
than 50% of the combined voting power of SAVVIS’ then outstanding securities;
(D) the liquidation or dissolution of SAVVIS or the closing of a sale or disposition by SAVVIS of all or substantially all of its
assets.
For purposes of this paragraph, “Person” means any individual, entity or group within the meaning of Section 3(a)(9) of the Exchange Act, as
modified and used in Sections 13(d) and 14(d) thereof; however, a Person shall not include (aa) SAVVIS or any of its subsidiaries, (bb) a trustee or
other fiduciary holding securities under an employee benefit plan of the Company, (cc) an underwriter temporarily holding securities pursuant to an
offering of such securities, (dd) a corporation owned, directly or indirectly, by the shareholders of SAVVIS in substantially the same proportions as
their ownership of SAVVIS common stock, (ee) any person or entity or group acquiring securities of SAVVIS pursuant to an issuance of securities
approved by the Board, or (ff) any of the following entities or their affiliates: Welsh, Carson, Anderson & Stowe VIII L.P. and WCAS Management
Corporation.",[],unannotated,False,unannotated,,,segmentation_v3,unreviewed,legal_clause
9a5cb31024ad0a7a4916e4f122ebea4a,9a5cb31024ad0a7a4916e4f122ebea4a_clause_052,"(d) Definition of “Confidential Information.” For all purposes under this Agreement, “Confidential Information” shall mean any and all
information of the Company and its Affiliates that is not generally known by others with whom they compete or do business, or with whom
any of them plans to compete or do business and any and all information, publicly known in part or not, which, if disclosed by the Company or
its Affiliates would assist in competition against them. Confidential Information includes without limitation such information relating to
(i) trade secrets, the development, research, testing, manufacturing, marketing and financial activities of the Company and its Affiliates, (ii) the
Products, (iii) the costs, sources of supply, financial performance and strategic plans of the Company and its Affiliates, (iv) the identity and
special needs of the customers of the Company and its Affiliates and (v) client lists and the people and organizations with whom the Company
and its Affiliates have business relationships and the substance of those relationships. Confidential Information also includes any information
that the Company or any of its Affiliates have received, or may receive hereafter, belonging to customers or others with any understanding,
express or implied, that the information would not be disclosed.",[],unannotated,False,unannotated,,,segmentation_v3,unreviewed,legal_clause
9a5cb31024ad0a7a4916e4f122ebea4a,9a5cb31024ad0a7a4916e4f122ebea4a_clause_053,"(e) Definition of “Disability.” For all purposes under this Agreement, “Disability” shall mean the Executive becoming disabled during
his employment hereunder through any illness, injury, accident or condition of either a physical or psychological nature and, as a result, is
unable to perform substantially all",[],unannotated,False,unannotated,,,segmentation_v3,unreviewed,legal_clause
9a5cb31024ad0a7a4916e4f122ebea4a,9a5cb31024ad0a7a4916e4f122ebea4a_clause_054,"of his duties and responsibilities hereunder, notwithstanding the provision of any reasonable accommodation, for one hundred and eighty
(180) days during any period of three hundred and sixty-five (365) consecutive calendar days.",[],unannotated,False,unannotated,,,segmentation_v3,unreviewed,legal_clause
9a5cb31024ad0a7a4916e4f122ebea4a,9a5cb31024ad0a7a4916e4f122ebea4a_clause_055,"(f) Definition of “Good Reason.” For all purposes under this Agreement, “Good Reason” shall mean the occurrence of any of the
following events: (i) a change in the Executive’s position that materially reduces his or her authority and level of responsibility as an officer of
the Company (provided that it is understood that the Chief Executive Officer of SAVVIS as a matter of management flexibility may direct a
change in the Executive’s reporting relationships or job title or a transfer of the Executive to a different officer position and such change or
transfer shall be not deemed to result in a reduction in the Executive’s authority or level of responsibility unless it is so substantial that a
reasonable executive would feel compelled to resign under the circumstances), (ii) a material reduction in his or her level of compensation
(including base salary and target bonus) or (iii) a relocation of his or her employment more than fifty (50) miles from the metropolitan area in
which the Executive’s office is located at the time of resignation; provided, however, that in the case of the preceding clauses (i), (ii) and (iii),
Good Reason shall only exist if effected without the Executive’s consent and is not a result of a Company-wide or department-wide policy or
practice. Notwithstanding the foregoing, Good Reason shall only exist if (A) the Executive provides written notice to the Company within
ninety (90) days of the occurrence of the event or condition constituting Good Reason, (B) the Company is provided a period of thirty
(30) days to cure the event or condition giving rise to Good Reason (the “Cure Period”) and fails to do so prior to the end of the Cure Period,
and (C) the Executive terminates employment within thirty (30) days after the end of the Cure Period.",[],unannotated,False,unannotated,,,segmentation_v3,unreviewed,legal_clause
9a5cb31024ad0a7a4916e4f122ebea4a,9a5cb31024ad0a7a4916e4f122ebea4a_clause_056,"(g) Definition of “Intellectual Property.” For all purposes under this Agreement, “Intellectual Property” shall mean inventions,
discoveries, developments, methods, processes, compositions, works, concepts and ideas (whether or not patentable or copyrightable or
constituting trade secrets) conceived, made, created, developed or reduced to practice by the Executive (whether alone or with others, whether
or not during normal business hours or on or off Company premises) during the Executive’s employment and during the period of six
(6) months immediately following termination of his employment that relate to either the Products or any prospective activity of the Company
or any of its Affiliates or that make use of Confidential Information or any of the equipment or facilities of the Company or any of its
Affiliates.",[],unannotated,False,unannotated,,,segmentation_v3,unreviewed,legal_clause
9a5cb31024ad0a7a4916e4f122ebea4a,9a5cb31024ad0a7a4916e4f122ebea4a_clause_057,"(h) Definition of “Involuntary Termination.” For all purposes under this Agreement, “Involuntary Termination” shall mean termination of
employment under Section 4(a)(ii) or Section 4(a)(iv).",[],unannotated,False,unannotated,,,segmentation_v3,unreviewed,legal_clause
9a5cb31024ad0a7a4916e4f122ebea4a,9a5cb31024ad0a7a4916e4f122ebea4a_clause_058,"(i) Definition of “Person.” For all purposes under this Agreement, “Person” shall mean an individual, a corporation, a limited liability
company, an association, a partnership, an estate, a trust and any other entity or organization.",[],unannotated,False,unannotated,,,segmentation_v3,unreviewed,legal_clause
9a5cb31024ad0a7a4916e4f122ebea4a,9a5cb31024ad0a7a4916e4f122ebea4a_clause_059,"(j) Definition of “Products.” For all purposes under this Agreement, “Products” shall mean all products planned, researched, developed,
tested, manufactured, sold, licensed, leased or otherwise distributed or put into use by the Company or any of its Affiliates, together with all
services provided or planned by the Company or any of its Affiliates, during the Executive’s employment.",[],unannotated,False,unannotated,,,segmentation_v3,unreviewed,legal_clause
9a5cb31024ad0a7a4916e4f122ebea4a,9a5cb31024ad0a7a4916e4f122ebea4a_clause_060,"8.
Miscellaneous Provisions.",[],unannotated,False,unannotated,,,segmentation_v3,unreviewed,legal_clause
9a5cb31024ad0a7a4916e4f122ebea4a,9a5cb31024ad0a7a4916e4f122ebea4a_clause_061,"(a) Conflicts. If any provision of this Agreement conflicts with any other agreement, policy, plan, practice or other Company document,
then the provisions of this Agreement will control. This Agreement will supersede any prior agreement between the Executive and the
Company with respect to the subject matters contained herein and may be amended only by a writing signed by an officer of the Company
(other than the Executive).",[],unannotated,False,unannotated,,,segmentation_v3,unreviewed,legal_clause
9a5cb31024ad0a7a4916e4f122ebea4a,9a5cb31024ad0a7a4916e4f122ebea4a_clause_062,"(b) Notice. Notices and all other communications contemplated by this Agreement shall be in writing and shall be deemed to have been
duly given when personally delivered or when mailed by U.S. registered or certified mail, return receipt requested and postage prepaid or
deposited with an overnight courier, with shipping charges prepaid. In the case of the Executive, mailed notices shall be addressed to him or
her at the home address which he or she most recently communicated to the Company in writing. In the case of SAVVIS or the Company,
mailed notices shall be addressed to its corporate headquarters, and all notices shall be directed to the attention of SAVVIS’ Senior Vice
President and General Counsel.",[],unannotated,False,unannotated,,,segmentation_v3,unreviewed,legal_clause
9a5cb31024ad0a7a4916e4f122ebea4a,9a5cb31024ad0a7a4916e4f122ebea4a_clause_063,"(c) Waiver. No provision of this Agreement shall be modified, waived or discharged unless the modification, waiver or discharge is
agreed to in writing and signed by the Executive and by an authorized officer of the Company (other than the Executive). No waiver by either
party of any breach of, or of compliance with, any condition or provision of this Agreement by the other party shall be considered a waiver of
any other condition or provision or of the same condition or provision at another time.",[],unannotated,False,unannotated,,,segmentation_v3,unreviewed,legal_clause
9a5cb31024ad0a7a4916e4f122ebea4a,9a5cb31024ad0a7a4916e4f122ebea4a_clause_064,"(d) Severability. The invalidity or unenforceability of any provision or provisions of this Agreement shall not affect the validity or
enforceability of any other provision hereof, which shall remain in full force and effect.",[],unannotated,False,unannotated,,,segmentation_v3,unreviewed,legal_clause
9a5cb31024ad0a7a4916e4f122ebea4a,9a5cb31024ad0a7a4916e4f122ebea4a_clause_065,"(e) No Retention Rights. Nothing in this Agreement shall confer upon the Executive any right to continue in service for any period of
specific duration or to interfere with or otherwise restrict in any way the rights of the Company or any subsidiary of the Company or of the
Executive, which rights are hereby expressly reserved by each, to terminate his or her service at any time and for any reason, with or without
Cause and with or without notice.",[],unannotated,False,unannotated,,,segmentation_v3,unreviewed,legal_clause
9a5cb31024ad0a7a4916e4f122ebea4a,9a5cb31024ad0a7a4916e4f122ebea4a_clause_066,"(f) Choice of Law; Venue. The parties acknowledge that they each have, and will continue to have, substantial contacts with the State of
Missouri, where the Company has its headquarters. This Agreement has been drafted and negotiated in the State of Missouri. To ensure that
any disputes arising under this Agreement are resolved in accordance with the parties’ expectations, this Agreement shall be governed by and
construed under the laws of the State of Missouri and applicable federal laws. The substantive law (and statutes of limitations) of the State of
Missouri shall be applied to disputes arising under this Agreement, as the parties agree that their expectations with respect to the scope and
enforcement of this Agreement are based on Missouri law, and that Missouri law is therefore more applicable to such disputes. Should
Missouri law be found not to apply to this Agreement for any reason, the parties agree that the severance benefit described in Section 4 shall
not be payable, the provisions of Section 4 notwithstanding. Each party agrees that any proceeding relating to this Agreement shall be brought
in the state courts of Missouri located in St. Louis County or the federal courts of the District of Missouri, Eastern Division. Each party hereby
consents to personal jurisdiction in any such action brought in any such Missouri court, consents to service of process by the methods for
notice under Section 8(b) hereof made upon such party, and such party’s agent and waives any objection to venue in any such Missouri court
or to any claim that any such Missouri court is an inconvenient forum.",[],unannotated,False,unannotated,,,segmentation_v3,unreviewed,legal_clause
9a5cb31024ad0a7a4916e4f122ebea4a,9a5cb31024ad0a7a4916e4f122ebea4a_clause_067,"(g) Attorney’s Fees. In the event of any action by either party to enforce or interpret the terms of this Agreement, the prevailing party
with respect to any particular claim shall (in addition to other relief to which it or he may be awarded) be entitled to recover his or its
attorney’s fees in a reasonable amount incurred in connection with such claim.",[],unannotated,False,unannotated,,,segmentation_v3,unreviewed,legal_clause
9a5cb31024ad0a7a4916e4f122ebea4a,9a5cb31024ad0a7a4916e4f122ebea4a_clause_068,"(h) Successors. This Agreement and all rights of the parties hereunder shall inure to the benefit of, and be enforceable by, such parties’
personal or legal representatives, executors, administrators, successors, heirs and assigns, as applicable.",[],unannotated,False,unannotated,,,segmentation_v3,unreviewed,legal_clause
9a5cb31024ad0a7a4916e4f122ebea4a,9a5cb31024ad0a7a4916e4f122ebea4a_clause_069,"(i) Entire Agreement. This Agreement, together with the other agreements and any documents, instruments and certificates referred to
herein, constitutes the entire agreement among the parties hereto with respect to the subject matter hereof and supersedes any and all prior
discussions, negotiations, proposals, undertakings, understandings and agreements, whether written or oral, with respect to the subject matter
contained herein.",[],unannotated,False,unannotated,,,segmentation_v3,unreviewed,legal_clause
9a5cb31024ad0a7a4916e4f122ebea4a,9a5cb31024ad0a7a4916e4f122ebea4a_clause_070,"IN WITNESS WHEREOF, each of the parties has executed this Agreement, in the case of the Company by its duly authorized officer, as of the
day and year first above written.",[],unannotated,False,unannotated,,,segmentation_v3,unreviewed,legal_clause
9a5cb31024ad0a7a4916e4f122ebea4a,9a5cb31024ad0a7a4916e4f122ebea4a_clause_071,"SAVVIS, INC.",[],unannotated,False,unannotated,,,segmentation_v3,unreviewed,fragment
9a5cb31024ad0a7a4916e4f122ebea4a,9a5cb31024ad0a7a4916e4f122ebea4a_clause_072,"EXECUTIVE
By:

 By:

Name:",[],unannotated,False,unannotated,,,segmentation_v3,unreviewed,legal_clause
9a5cb31024ad0a7a4916e4f122ebea4a,9a5cb31024ad0a7a4916e4f122ebea4a_clause_073,"Name:
Title:",[],unannotated,False,unannotated,,,segmentation_v3,unreviewed,fragment
c58882f7f9c693e3f6c11d0f945f395e,c58882f7f9c693e3f6c11d0f945f395e_clause_002,"1. Agreement Not to Disclose Confidential Information. In the course of your employment with or provision of services to the Company,
you have and will have acquired and have had access to confidential or proprietary information about the Company, including but not limited to,
trade secrets, methods, models, passwords, access to computer files, financial information and records, computer software programs, agreements
and/or contracts between the Company and its vendors and suppliers, the Company’s merchandising, marketing and/or creative policies, practices,
concepts, strategies, and methods of operations, inventory, pricing and price change strategies, possible new product lines, future merchandise
designs, patterns, fabrication or fit information, internal policies, pricing policies and procedures, cost estimates, employee lists, training manuals,
financial or business projections, unannounced financial data such as sales, earnings or capital requirements, possible mergers, acquisitions or joint
ventures and information about or received from vendors and other companies with which the Company does business. The foregoing shall be
collectively referred to as “Confidential Information.” You are aware that the Confidential Information is not readily available to the public. You
agree that during your employment or provision of services and for a period of three (3) years thereafter, you will keep confidential and not disclose
the Confidential Information to anyone or use it for your own benefit or for the benefit of others, except in performing your duties as our employee
or agent. You agree that this restriction shall apply whether or not any such information is marked “confidential.”
All memoranda, disks, files, notes, records or other documents, whether in electronic form or hard copy (collectively, the “material”) compiled
by you or made available to you during your employment (whether or not the material contains confidential information) are the property of the
Company and shall be delivered to the Company on the termination of your employment or at any other time upon request. Except in connection
with your employment, you agree that you will not make or retain copies or excerpts of the material.",[],unannotated,False,unannotated,,,segmentation_v3,unreviewed,legal_clause
c58882f7f9c693e3f6c11d0f945f395e,c58882f7f9c693e3f6c11d0f945f395e_clause_003,"2. Agreement Not to Engage in Unfair Competition. You agree that your position with the Company requires and will continue to require
the performance of services which are special, unique, extraordinary and of an intellectual and/or artistic character and places you in a position of
confidence and trust with the Company. You further acknowledge that the rendering of services to the Company necessarily requires the disclosure
of confidential information and trade secrets of the Company. You agree that in the course of your employment with or rendering of services to the
Company, you will develop a personal acquaintanceship and relationship with the vendors and other business associates of the Company and
knowledge of their affairs and requirements. Consequently, you agree that it is reasonable and necessary for the protection of the goodwill and
business of the Company that you make the covenants contained herein. Accordingly, you agree that while you are in the Company’s employ and for
the period of twelve months after the termination of your employment, for any reason whatsoever (including “Good Reason,” as defined below), you
shall not directly or indirectly, except on behalf of the Company:
(a) render services to or accept employment, either directly as an employee or owner, or indirectly, as a paid or unpaid consultant or
independent contractor of any entity identified on Schedule A hereto (as may be updated by the Company and communicated to you from time
to time); or
(b) employ as an employee or retain as a consultant any person who is then or at any time during the preceding twelve months was an
employee of or consultant to the Company, or persuade or attempt to persuade any employee of or consultant to the Company to leave the
employ of the Company or to become employed as an employee or retained as a consultant by anyone other than the Company.",[],unannotated,False,unannotated,,,segmentation_v3,unreviewed,legal_clause
c58882f7f9c693e3f6c11d0f945f395e,c58882f7f9c693e3f6c11d0f945f395e_clause_004,"3. Termination Without Cause or For Good Reason. Should your employment be (a) terminated by the Company without “Cause,” as
defined below, or terminated by you for “Good Reason,” as defined below; and (b) the Company does not consent to waive any of the post-
employment restrictions contained in paragraph 2(a) above, and (c) you execute and deliver to Company a Separation Agreement and Release in a
form acceptable to the Company, and you do not revoke the Separation Agreement and Release, the Company will pay you a severance payment
equal to (i) a pro-rata portion of the bonus, if any, to which you would have otherwise been entitled as of the date of termination, to be paid, less all
applicable deductions, according to the Company’s normal bonus payment schedule (bonuses are generally paid in mid-April after the end of the
fiscal year); (ii) twelve (12) months of your then-current base salary, to be paid, less all applicable deductions, according to the Company’s normal
payroll practices for a period coextensive with the restricted period (twelve months); and (iii) during the restricted period, reimbursement for out-of-
pocket COBRA payments paid by you to continue your group health benefits, provided you submit relevant supporting documentation to the
Company evidencing such payments. Notwithstanding anything herein to the contrary, however, your right to receive the foregoing payments shall
terminate effective immediately upon the date that you become employed by another entity as an employee, consultant or otherwise, and you agree
to notify the Senior Vice-President of Human Resources in writing prior to the effective date of any such employment. If you fail to so notify the
Senior Vice-President of Human Resources, (a) you will forfeit your right to receive the payments described above (to the extent the payments were
not theretofore paid) and (b) the Company shall be entitled to recover any payments already made to you or on your behalf.
For purposes of this agreement, “Cause” shall mean gross incompetence; failure to comply with the Company’s policies including those
contained in the Company’s Code of Ethics and Business Practices; indictment, conviction or admission of any crime involving dishonesty or moral
turpitude; participation in any act of misconduct, insubordination or fraud against the Company; use of alcohol or drugs which interferes with your
performance of your duties or compromises the integrity or reputation of the Company; and excessive absence from work other than as a result of
disability. For purposes of this agreement, “Good Reason” shall mean either of the following: (i) any requirement by the Company that you report
directly to an individual other than an Executive Vice-President or functional equivalent or (ii) any action by the Company that results in a material
and continuing diminution in your duties or responsibilities, in each case without your consent and provided that the Company will have at least 30
days to remedy such situation. No payment will be required if the Company consents in its sole discretion to request by you to waive the post-
termination restrictions on your employment contained in paragraph 2(a) herein or if the conditions set forth in this Section 3 are otherwise not met.",[],unannotated,False,unannotated,,,segmentation_v3,unreviewed,legal_clause
c58882f7f9c693e3f6c11d0f945f395e,c58882f7f9c693e3f6c11d0f945f395e_clause_005,"4. Termination With Cause or Resignation of Employment Without Good Reason. If the Company terminates your employment and such
termination is for “Cause,” as defined above, or if you resign your employment for any reason other than for “Good Reason,” as defined above, then
the Company shall pay you all wages due through the termination date. In the event of termination for Cause or your resignation other than for Good
Reason, the Company will not pay any severance, and the restrictions contained in paragraph 2(a) above will remain in full force and effect unless
waived by the Company.",[],unannotated,False,unannotated,,,segmentation_v3,unreviewed,legal_clause
c58882f7f9c693e3f6c11d0f945f395e,c58882f7f9c693e3f6c11d0f945f395e_clause_006,"5. Term. The term of this agreement shall be three (3) years, beginning on the date signed by you, as set forth below, and terminating on the
third anniversary of such date. At the Company’s request upon or in advance of the termination of this agreement, you will enter into discussions to
extend the terms of this agreement or negotiate in good faith an agreement of similar effect.
Notwithstanding the foregoing, in the event that your employment terminates prior to the third anniversary, you shall remain subject to the
post-termination restrictions contained in Sections 1 and 2 hereof and shall be entitled to the severance payment contained in Section 3 hereof
provided that the terms and conditions applicable thereto have been satisfied.",[],unannotated,False,unannotated,,,segmentation_v3,unreviewed,legal_clause
c58882f7f9c693e3f6c11d0f945f395e,c58882f7f9c693e3f6c11d0f945f395e_clause_007,"6. Injunctive Relief. You agree that any actual or threatened breach by you of the covenants set forth in paragraphs 1 and 2 of this agreement
would result in irreparable harm to the Company for which monetary damages alone would be an insufficient remedy. Thus, although nothing in this
paragraph will prohibit the Company from pursuing any remedies available to it against you under applicable law (which shall be",[],unannotated,False,unannotated,,,segmentation_v3,unreviewed,legal_clause
c58882f7f9c693e3f6c11d0f945f395e,c58882f7f9c693e3f6c11d0f945f395e_clause_008,"cumulative with those remedies set forth herein), you specifically agree that, in the event of any threatened or actual breach of this agreement by
you, the Company shall be entitled to a temporary restraining order and, thereafter, a preliminary and permanent injunction and other equitable relief
including, without limitation, an equitable accounting of earnings, profits, and other benefits, from a court of competent jurisdiction, as well as
reimbursement from you for any attorneys’ fees and other costs incurred by the Company in obtaining such relief. No specification in this agreement
of any legal or equitable remedy shall be construed as a waiver or prohibition against pursuing any other legal or equitable remedies in the event of a
threatened or actual breach of this agreement by you.",[],unannotated,False,unannotated,,,segmentation_v3,unreviewed,legal_clause
c58882f7f9c693e3f6c11d0f945f395e,c58882f7f9c693e3f6c11d0f945f395e_clause_009,"7. Severability. If any provision of this agreement, or any part thereof, is found to be invalid or unenforceable, the same shall not affect the
remaining provisions, which shall be given full effect, without regard to the invalid portions. Moreover, if any one or more of the provisions
contained in this agreement shall be held to be excessively broad as to duration, scope, activity or subject, such provisions shall be construed by
limiting and reducing them so as to be enforceable to the maximum extent with applicable law.",[],unannotated,False,unannotated,,,segmentation_v3,unreviewed,legal_clause
c58882f7f9c693e3f6c11d0f945f395e,c58882f7f9c693e3f6c11d0f945f395e_clause_010,"8. At-Will Employment. This agreement is limited to the foregoing terms and shall not be construed to create any relationship between you
and the Company other than at-will employment for all purposes. This agreement supersedes all agreements concerning the subject matter hereof.",[],unannotated,False,unannotated,,,segmentation_v3,unreviewed,legal_clause
c58882f7f9c693e3f6c11d0f945f395e,c58882f7f9c693e3f6c11d0f945f395e_clause_011,"9. Governing Law. The terms of this agreement and all rights and obligations of the parties thereto including its enforcement shall be
interpreted and governed by the laws of the state of New York.",[],unannotated,False,unannotated,,,segmentation_v3,unreviewed,legal_clause
c58882f7f9c693e3f6c11d0f945f395e,c58882f7f9c693e3f6c11d0f945f395e_clause_012,AGREED TO AND ACCEPTED:,[],unannotated,False,unannotated,,,segmentation_v3,unreviewed,section_heading
c58882f7f9c693e3f6c11d0f945f395e,c58882f7f9c693e3f6c11d0f945f395e_clause_013,"Signature:

/s/ Libby Wadle",[],unannotated,False,unannotated,,,segmentation_v3,unreviewed,legal_clause
c58882f7f9c693e3f6c11d0f945f395e,c58882f7f9c693e3f6c11d0f945f395e_clause_014,"Print Name:

Libby Wadle
 Libby Wadle",[],unannotated,False,unannotated,,,segmentation_v3,unreviewed,legal_clause
c58882f7f9c693e3f6c11d0f945f395e,c58882f7f9c693e3f6c11d0f945f395e_clause_015,"Date:
8/8/06

SCHEDULE A TO NON-DISCLOSURE,
NON-SOLICITATION AND NON-COMPETITION AGREEMENT
Unless waived in writing by the Company, the post-termination restrictions on employment contained in paragraph 2(a) above shall apply to
employment with the following entities, as well as their parent and subsidiary companies:
A&F Brands
Ann Taylor
American Eagle Outfitters Brands
Armani Exchange
Barney’s
Brooks Brothers
Calvin Klein
Children’s Place
Coach
Cole Haan
Eddie Bauer
Gap Brands
Gymboree Brands
Limited Brands
Lucky Brand
LVMH
Ralph Lauren brands
Theory
Tommy Hilfiger
Urban Outfitters
Any retail apparel start-up operated by one of the above companies",[],unannotated,False,unannotated,,,segmentation_v3,unreviewed,legal_clause
d4566b17b742d10442e98756b95a2730,d4566b17b742d10442e98756b95a2730_clause_030,"(b)
Severability. If one or more of the provisions in this Agreement is deemed void by law, then the remaining provisions will continue in
full force and effect.",[],unannotated,False,unannotated,,,segmentation_v3,unreviewed,legal_clause
d4566b17b742d10442e98756b95a2730,d4566b17b742d10442e98756b95a2730_clause_031,"(c)
Successor and Assigns. This Agreement will be binding upon the successors and/or assignees of the Parties.",[],unannotated,False,unannotated,,,segmentation_v3,unreviewed,legal_clause
d4566b17b742d10442e98756b95a2730,d4566b17b742d10442e98756b95a2730_clause_032,"(d)
Headings. All headings used herein are intended for reference purposes only and shall not affect the interpretation or validity of this
Agreement.",[],unannotated,False,unannotated,,,segmentation_v3,unreviewed,legal_clause
d4566b17b742d10442e98756b95a2730,d4566b17b742d10442e98756b95a2730_clause_033,"11. Obligations. Neither party has an obligation under this Agreement to purchase any service or item from the other party. Neither party has an
obligation under this Agreement to offer for sale or license products using or incorporating the Confidential Information. Either party may, at its sole
discretion, offer products for sale or license using its own information but not the Confidential Information of the other and may modify or
discontinue sales at",[],unannotated,False,unannotated,,,segmentation_v3,unreviewed,legal_clause
d4566b17b742d10442e98756b95a2730,d4566b17b742d10442e98756b95a2730_clause_034,"2

any time. This Agreement shall not constitute, create, give effect to, or otherwise imply a joint venture, pooling arrangement, partnership, or formal
business organization of any kind, nor shall it constitute, create, give effect to, or otherwise imply an obligation or commitment on the part of either
party to submit a proposal to or perform a contract with the other party. Nothing herein shall be construed as providing for the sharing of profits or
losses arising out of the efforts of either or both parties. Neither party will be liable to the other party for any costs, expense, risks, or liabilities
arising out of the other party’s efforts in connection with this Agreement.",[],unannotated,False,unannotated,,,segmentation_v3,unreviewed,legal_clause
d4566b17b742d10442e98756b95a2730,d4566b17b742d10442e98756b95a2730_clause_035,"12. Entire Understanding. This Agreement contains the entire understanding between the Parties concerning the subject matter hereof, superseding
all prior contemporaneous communications, agreements and understandings between the Parties with respect to the disclosure and protection of
Confidential Information. The rights and obligations of the Parties shall be limited to those expressly set forth herein.",[],unannotated,False,unannotated,,,segmentation_v3,unreviewed,legal_clause
d4566b17b742d10442e98756b95a2730,d4566b17b742d10442e98756b95a2730_clause_036,"nStor Corporation, Inc.",[],unannotated,False,unannotated,,,segmentation_v3,unreviewed,legal_clause
d4566b17b742d10442e98756b95a2730,d4566b17b742d10442e98756b95a2730_clause_037,"Xyratex Technology Limited
/s/ Steve Aleshire",[],unannotated,False,unannotated,,,segmentation_v3,unreviewed,legal_clause
d4566b17b742d10442e98756b95a2730,d4566b17b742d10442e98756b95a2730_clause_038,"/s/ Matt Cornell
Authorized Signature",[],unannotated,False,unannotated,,,segmentation_v3,unreviewed,legal_clause
d4566b17b742d10442e98756b95a2730,d4566b17b742d10442e98756b95a2730_clause_039,Authorized Signature,[],unannotated,False,unannotated,,,segmentation_v3,unreviewed,legal_clause
d4566b17b742d10442e98756b95a2730,d4566b17b742d10442e98756b95a2730_clause_040,"Matt Cornell
Steve Aleshire",[],unannotated,False,unannotated,,,segmentation_v3,unreviewed,legal_clause
d4566b17b742d10442e98756b95a2730,d4566b17b742d10442e98756b95a2730_clause_041,"Print Name

Print Name",[],unannotated,False,unannotated,,,segmentation_v3,unreviewed,legal_clause
d4566b17b742d10442e98756b95a2730,d4566b17b742d10442e98756b95a2730_clause_042,"Executive VP – Storage Systems
COO",[],unannotated,False,unannotated,,,segmentation_v3,unreviewed,legal_clause
d4566b17b742d10442e98756b95a2730,d4566b17b742d10442e98756b95a2730_clause_043,"Title

Title
September 3, 2004",[],unannotated,False,unannotated,,,segmentation_v3,unreviewed,legal_clause
d4566b17b742d10442e98756b95a2730,d4566b17b742d10442e98756b95a2730_clause_044,"9/3/04
Date

Date

3",[],unannotated,False,unannotated,,,segmentation_v3,unreviewed,legal_clause
d714d261edc4d361e7d2ebabccaada50,d714d261edc4d361e7d2ebabccaada50_clause_008,"(ii) I understand that the Defend Trade Secrets Act provides that I may not be held criminally or civilly
liable under any Federal or state trade secret law for the disclosure of a trade secret that is made in confidence to a
Federal, state, or local government official, either directly or indirectly, or to an attorney, and solely for the purpose of
reporting or investigating a suspected violation of law; or that is made in a complaint or other document filed in a lawsuit
or other proceeding, if such filing is made under seal. In the event that I file a lawsuit for retaliation by any member of
the Company Group for reporting a suspected violation of law, I may disclose the trade secret to my attorney and use the
trade secret information in the court proceeding, if I file any document containing the trade secret under seal and do not
disclose the trade secret, except pursuant to court order.",[],unannotated,False,unannotated,,,segmentation_v3,unreviewed,legal_clause
d714d261edc4d361e7d2ebabccaada50,d714d261edc4d361e7d2ebabccaada50_clause_009,Section 2. Developments.,[],unannotated,False,unannotated,,,segmentation_v3,unreviewed,legal_clause
d714d261edc4d361e7d2ebabccaada50,d714d261edc4d361e7d2ebabccaada50_clause_010,"(a) Developments Retained and Licensed. I have attached hereto, as Schedule A, a list describing with
particularity all developments, original works of authorship, improvements, and trade secrets that I can demonstrate
were created or owned by me prior to the
A-2",[],unannotated,False,unannotated,,,segmentation_v3,unreviewed,legal_clause
d714d261edc4d361e7d2ebabccaada50,d714d261edc4d361e7d2ebabccaada50_clause_011,"commencement of my employment (collectively referred to as “Prior Developments”), which belong solely to me or
belong to me jointly with another, that relate in any way to any of the actual or proposed businesses, products, or
research and development of any member of the Company Group, and that are not assigned to the Company hereunder,
or if no such list is attached, I represent that there are no such Prior Developments. If, during any period during which I
perform or performed services for any member of the Company Group both before or after the date hereof (the
“Assignment Period”), whether as an officer, employee, director, independent contractor, consultant, or agent, or in any
other capacity, I incorporate (or have incorporated) into any member of the Company Group’s product or process a Prior
Development owned by me or in which I have an interest, I hereby grant each member of the Company Group, and each
member of the Company Group shall have, a non-exclusive, royalty-free, irrevocable, perpetual, transferable worldwide
license (with the right to sublicense) to make, have made, copy, modify, make derivative works of, use, sell, and
otherwise distribute such Prior Development as part of or in connection with such product or process.",[],unannotated,False,unannotated,,,segmentation_v3,unreviewed,legal_clause
d714d261edc4d361e7d2ebabccaada50,d714d261edc4d361e7d2ebabccaada50_clause_012,"(b) Assignment of Developments. I agree that I will, without additional compensation, promptly make full
written disclosure to the Company, and will hold in trust for the sole right and benefit of the Company all developments,
original works of authorship, inventions, concepts, know-how, improvements, trade secrets, and similar proprietary
rights, whether or not patentable or registrable under copyright or similar laws, which I may solely or jointly conceive
or develop or reduce to practice, or have solely or jointly conceived or developed or reduced to practice, or have caused
or may cause to be conceived or developed or reduced to practice, during the Assignment Period, whether or not during
regular working hours, provided they either (i) relate at the time of conception, development or reduction to practice to
the business of any member of the Company Group, or the actual or anticipated research or development of any
member of the Company Group; (ii) result from or relate to any work performed for any member of the Company
Group; or (iii) are developed through the use of equipment, supplies, or facilities of any member of the Company
Group, or any Confidential Information, or in consultation with personnel of any member of the Company Group
(collectively referred to as “Developments”). I further acknowledge that all Developments made by me (solely or jointly
with others) within the scope of and during the Assignment Period are “works made for hire” (to the greatest extent
permitted by applicable law) for which I am, in part, compensated by my salary, unless regulated otherwise by law, but
that, in the event any such Development is deemed not to be a work made for hire, I hereby assign to the Company, or
its designee, all my right, title, and interest throughout the world in and to any such Development. If any Developments
cannot be assigned, I hereby grant to each member of the Company Group an exclusive, assignable, irrevocable,
perpetual, worldwide, sublicenseable (through one or multiple tiers), royalty-free, unlimited license to use, make,
modify, sell, offer for sale, reproduce, distribute, create derivative works of, publicly perform, publicly display and
digitally perform and display such work in any media now known or hereafter known. Outside the scope of my service,
whether during or after my employment with any member of the Company Group, I agree not to (i) modify, adapt, alter,
translate, or create derivative works from any such work of authorship or (ii) merge any such work of authorship with
other Developments. To the extent rights related to paternity, integrity, disclosure and withdrawal (collectively, “Moral
Rights”) may not be assignable under applicable law and to the extent the
A-3",[],unannotated,False,unannotated,,,segmentation_v3,unreviewed,legal_clause
d714d261edc4d361e7d2ebabccaada50,d714d261edc4d361e7d2ebabccaada50_clause_013,"following is allowed by the laws in the various countries where Moral Rights exist, I hereby irrevocably waive such
Moral Rights and consent to any action of any member of the Company Group that would violate such Moral Rights in
the absence of such consent.",[],unannotated,False,unannotated,,,segmentation_v3,unreviewed,legal_clause
d714d261edc4d361e7d2ebabccaada50,d714d261edc4d361e7d2ebabccaada50_clause_014,"(c) Maintenance of Records. I agree to keep and maintain adequate and current written records of all
Developments made by me (solely or jointly with others) during the Assignment Period. The records may be in the
form of notes, sketches, drawings, flow charts, electronic data or recordings, and any other format. The records will be
available to and remain the sole property of any member of the Company Group at all times. I agree not to remove such
records from the Company’s place of business except as expressly permitted by Company Group policy, which may,
from time to time, be revised at the sole election of such member of the Company Group for the purpose of furthering
the business of such member of the Company Group.",[],unannotated,False,unannotated,,,segmentation_v3,unreviewed,legal_clause
d714d261edc4d361e7d2ebabccaada50,d714d261edc4d361e7d2ebabccaada50_clause_015,"(d) Intellectual Property Rights. I agree to assist the Company, or its designee, at the Company’s expense, in
every way to secure the rights of each member of the Company Group in the Developments and any copyrights, patents,
trademarks, service marks, database rights, domain names, mask work rights, moral rights, and other intellectual
property rights relating thereto in any and all countries, including the disclosure to the Company of all pertinent
information and data with respect thereto, the execution of all applications, specifications, oaths, assignments,
recordations, and all other instruments that the Company shall deem necessary in order to apply for, obtain, maintain,
and transfer such rights and in order to assign and convey to each member of the Company Group the sole and
exclusive right, title, and interest in and to such Developments, and any intellectual property and other proprietary rights
relating thereto. I further agree that my obligation to execute or cause to be executed, when it is in my power to do so,
any such instrument or papers shall continue after the Assignment Period until the expiration of the last such intellectual
property right to expire in any country of the world; provided, however, the Company shall reimburse me for my
reasonable expenses incurred in connection with carrying out the foregoing obligation. If the Company is unable
because of my mental or physical incapacity or unavailability for any other reason to secure my signature to apply for or
to pursue any application for any United States or foreign patents or copyright registrations covering Developments or
original works of authorship assigned to the Company as above, then I hereby irrevocably designate and appoint the
Company and its duly authorized officers and agents as my agent and attorney in fact to act for and in my behalf and
stead to execute and file any such applications or records and to do all other lawfully permitted acts to further the
application for, prosecution, issuance, maintenance, and transfer of letters patent or registrations thereon with the same
legal force and effect as if originally executed by me. I hereby waive and irrevocably quitclaim to the Company any and
all claims, of any nature whatsoever, that I now or hereafter have for past, present, or future infringement of any and all
proprietary rights assigned to the Company.",[],unannotated,False,unannotated,,,segmentation_v3,unreviewed,legal_clause
d714d261edc4d361e7d2ebabccaada50,d714d261edc4d361e7d2ebabccaada50_clause_016,"Section 3. Returning Company Group Documents.
I agree that, at the time of termination of my employment with the Company for any reason, I will deliver to the
Company (and will not keep in my possession, recreate, or deliver to
A-4",[],unannotated,False,unannotated,,,segmentation_v3,unreviewed,legal_clause
d714d261edc4d361e7d2ebabccaada50,d714d261edc4d361e7d2ebabccaada50_clause_017,"anyone else) any and all Confidential Information and all other documents, materials, information, and property
developed by me pursuant to my employment or otherwise belonging to the Company. I agree further that any property
situated on the Company’s premises and owned by the Company (or any other member of the Company Group),
including disks and other storage media, filing cabinets, and other work areas, is subject to inspection by personnel of
any member of the Company Group at any time with or without notice.",[],unannotated,False,unannotated,,,segmentation_v3,unreviewed,legal_clause
d714d261edc4d361e7d2ebabccaada50,d714d261edc4d361e7d2ebabccaada50_clause_018,"Section 4. Disclosure of Agreement.
As long as it remains in effect, I will disclose the existence of this Non-Interference Agreement to any
prospective employer, partner, co-venturer, investor, or lender prior to entering into an employment, partnership, or other
business relationship with such person or entity.",[],unannotated,False,unannotated,,,segmentation_v3,unreviewed,legal_clause
d714d261edc4d361e7d2ebabccaada50,d714d261edc4d361e7d2ebabccaada50_clause_019,Section 5. Restrictions on Interfering.,[],unannotated,False,unannotated,,,segmentation_v3,unreviewed,legal_clause
d714d261edc4d361e7d2ebabccaada50,d714d261edc4d361e7d2ebabccaada50_clause_020,"(a) Non-Competition. During the Employment Period and the Post-Termination Non-Compete Period, I shall
not, directly or indirectly, individually or on behalf of any person, company, enterprise, or entity, or as a sole proprietor,
partner, stockholder, director, officer, principal, agent, or executive, or in any other capacity or relationship, engage in
any Competitive Activities or own any securities (debt or equity) in any person, company, enterprise, or entity that is
engaged in Competitive Activities, within the United States or any other jurisdiction in which the Company Group is
actively engaged in business. Notwithstanding the foregoing, my ownership of securities of a public company engaged
in Competitive Activities not in excess of three percent (3%) of any class of such securities shall not be considered a
breach of the covenants set forth in this Section.",[],unannotated,False,unannotated,,,segmentation_v3,unreviewed,legal_clause
d714d261edc4d361e7d2ebabccaada50,d714d261edc4d361e7d2ebabccaada50_clause_021,"(b) Non-Interference. During the Employment Period and the Post-Termination Non-Interference Period, I shall
not, directly or indirectly for my own account or for the account of any other individual or entity, engage in Interfering
Activities.",[],unannotated,False,unannotated,,,segmentation_v3,unreviewed,legal_clause
d714d261edc4d361e7d2ebabccaada50,d714d261edc4d361e7d2ebabccaada50_clause_022,"(c) Definitions. For purposes of this Non-Interference Agreement :
(i) “Business Relation” shall mean any current or prospective client, customer, licensee, or other
business relation of any member of the Company Group, or any such relation that was a client, customer, licensee,
supplier, or other business relation within the six (6) month period prior to the expiration of the Employment Period, in
each case, to whom I provided services, or with whom I transacted business, or whose identity became known to me in
connection with my relationship with or employment by the Company Group.
(ii) “Competitive Activities” shall mean consumer health care related businesses, including the business
of acting as custodian or administrator for medical payment reimbursement accounts, including, but not limited to, health
savings accounts, flexible spending accounts and health reimbursement accounts or any business activities in which any
member of the Company Group is engaged (or has committed plans to engage) during the Employment Period.
A-5",[],unannotated,False,unannotated,,,segmentation_v3,unreviewed,legal_clause
d714d261edc4d361e7d2ebabccaada50,d714d261edc4d361e7d2ebabccaada50_clause_023,"(iii) “Interfering Activities” shall mean (A) encouraging, soliciting, or inducing, or in any manner
attempting to encourage, solicit, or induce, any Person employed by, or providing consulting services to, any member of
the Company Group to terminate such Person’s employment or services (or in the case of a consultant, materially
reducing such services) with any member of the Company Group; (B) hiring any individual who was employed by any
member of the Company Group within the six (6) month period prior to the date of such hiring; or (C) encouraging,
soliciting, or inducing, or in any manner attempting to encourage, solicit, or induce, any Business Relation to cease
doing business with or reduce the amount of business conducted with any member of the Company Group, or in any way
interfering with the relationship between any such Business Relation and any member of the Company Group.
(iv) “Person” shall mean any individual, corporation, partnership, limited liability company, joint
venture, association, joint‑stock company, trust (charitable or non-charitable), unincorporated organization, or other form
of business entity.
(v) “Post-Termination Non-Compete Period” shall mean the period commencing on the date of the
termination of the Employment Period for any reason and ending on the twelve (12) month anniversary of such date of
termination.
(vi) “Post-Termination Non-Interference Period” shall mean the period commencing on the date of the
termination of the Employment Period for any reason and ending on the twenty-four (24) month anniversary of such date
of termination.",[],unannotated,False,unannotated,,,segmentation_v3,unreviewed,legal_clause
d714d261edc4d361e7d2ebabccaada50,d714d261edc4d361e7d2ebabccaada50_clause_024,"(d) Non-Disparagement. I agree that during the Employment Period, and at all times thereafter, I will not make
any disparaging or defamatory comments regarding any member of the Company Group or its respective current or
former directors, officers, employees or shareholders in any respect or make any comments concerning any aspect of
my relationship with any member of the Company Group or any conduct or events which precipitated any termination
of my employment from any member of the Company Group. However, my obligations under this subparagraph (d)
shall not apply to disclosures required by applicable law, regulation, or order of a court or governmental agency.",[],unannotated,False,unannotated,,,segmentation_v3,unreviewed,legal_clause
d714d261edc4d361e7d2ebabccaada50,d714d261edc4d361e7d2ebabccaada50_clause_025,"Section 6. Reasonableness of Restrictions.
I acknowledge and recognize the highly competitive nature of the Company’s business, that access to
Confidential Information renders me special and unique within the Company’s industry, and that I will have the
opportunity to develop substantial relationships with existing and prospective clients, accounts, customers, consultants,
contractors, investors, and strategic partners of any member of the Company Group during the course of and as a result
of my employment with the Company. In light of the foregoing, I recognize and acknowledge that the restrictions and
limitations set forth in this Non-Interference Agreement are reasonable and valid in geographical and temporal scope and
in all other respects and are essential to protect the value of the business and assets of any member of the Company
Group. I acknowledge further that the restrictions and limitations set forth in this Non-Interference Agreement will not
materially interfere with my ability to earn a living following the termination of my employment with the
A-6",[],unannotated,False,unannotated,,,segmentation_v3,unreviewed,legal_clause
d714d261edc4d361e7d2ebabccaada50,d714d261edc4d361e7d2ebabccaada50_clause_026,"Company and that my ability to earn a livelihood without violating such restrictions is a material condition to my
employment with the Company.",[],unannotated,False,unannotated,,,segmentation_v3,unreviewed,legal_clause
d714d261edc4d361e7d2ebabccaada50,d714d261edc4d361e7d2ebabccaada50_clause_027,"Section 7. Independence; Severability; Blue Pencil.
Each of the rights enumerated in this Non-Interference Agreement shall be independent of the others and shall be
in addition to and not in lieu of any other rights and remedies available to any member of the Company Group at law or
in equity. If any of the provisions of this Non-Interference Agreement or any part of any of them is hereafter construed or
adjudicated to be invalid or unenforceable, the same shall not affect the remainder of this Non-Interference Agreement,
which shall be given full effect without regard to the invalid portions. If any of the covenants contained herein are held
to be invalid or unenforceable because of the duration of such provisions or the area or scope covered thereby, I agree
that the court making such determination shall have the power to reduce the duration, scope, and/or area of such
provision to the maximum and/or broadest duration, scope, and/or area permissible by law, and in its reduced form said
provision shall then be enforceable.",[],unannotated,False,unannotated,,,segmentation_v3,unreviewed,legal_clause
d714d261edc4d361e7d2ebabccaada50,d714d261edc4d361e7d2ebabccaada50_clause_028,"Section 8. Injunctive Relief.
I expressly acknowledge that any breach or threatened breach of any of the terms and/or conditions set forth in
this Non-Interference Agreement may result in substantial, continuing, and irreparable injury to the members of the
Company Group. Therefore, I hereby agree that, in addition to any other remedy that may be available to the Company,
any member of the Company Group shall be entitled to injunctive relief, specific performance, or other equitable relief
by a court of appropriate jurisdiction in the event of any breach or threatened breach of the terms of this Non-
Interference Agreement without the necessity of proving irreparable harm or injury as a result of such breach or
threatened breach. Notwithstanding any other provision to the contrary, I acknowledge and agree that the Post-
Termination Non-Compete Period, or Post-Termination Non-Interference Period, as applicable, shall be tolled during any
period of violation of any of the covenants in Section 5 hereof and during any other period required for litigation during
which the Company or any other member of the Company Group seeks to enforce such covenants against me if it is
ultimately determined that I was in breach of such covenants.",[],unannotated,False,unannotated,,,segmentation_v3,unreviewed,legal_clause
d714d261edc4d361e7d2ebabccaada50,d714d261edc4d361e7d2ebabccaada50_clause_029,"Section 9. Cooperation.
I agree that, following any termination of my employment, I will continue to provide reasonable cooperation to
the Company and/or any other member of the Company Group and its or their respective counsel in connection with any
investigation, administrative proceeding, or litigation relating to any matter that occurred during my employment in
which I was involved or of which I have knowledge. As a condition of such cooperation, the Company shall reimburse
me for reasonable out-of-pocket expenses incurred at the request of the Company with respect to my compliance with
this paragraph. I also agree that, in the event that I am subpoenaed by any person or entity (including, but not limited to,
any government agency) to give testimony or provide documents (in a deposition, court proceeding, or otherwise) that in
any way relates to my employment by the Company and/or any other member of the Company Group, I will give prompt
notice of such request to the Company and will make no disclosure until the Company
A-7",[],unannotated,False,unannotated,,,segmentation_v3,unreviewed,legal_clause
d714d261edc4d361e7d2ebabccaada50,d714d261edc4d361e7d2ebabccaada50_clause_030,"and/or the other member of the Company Group has had a reasonable opportunity to contest the right of the requesting
person or entity to such disclosure.",[],unannotated,False,unannotated,,,segmentation_v3,unreviewed,legal_clause
d714d261edc4d361e7d2ebabccaada50,d714d261edc4d361e7d2ebabccaada50_clause_031,Section 10. General Provisions.,[],unannotated,False,unannotated,,,segmentation_v3,unreviewed,legal_clause
d714d261edc4d361e7d2ebabccaada50,d714d261edc4d361e7d2ebabccaada50_clause_032,"(a) Governing Law, Venue and Jurisdiction. EXCEPT WHERE PREEMPTED BY FEDERAL LAW, THE",[],unannotated,False,unannotated,,,segmentation_v3,unreviewed,legal_clause
d714d261edc4d361e7d2ebabccaada50,d714d261edc4d361e7d2ebabccaada50_clause_033,"VALIDITY, INTERPRETATION, CONSTRUCTION, AND PERFORMANCE OF THIS NON-INTERFERENCE
AGREEMENT IS GOVERNED BY AND IS TO BE CONSTRUED UNDER THE LAWS OF THE STATE OF
DELAWARE APPLICABLE TO AGREEMENTS MADE AND TO BE PERFORMED IN THAT STATE, WITHOUT
REGARD TO CONFLICT OF LAWS RULES. ANY DISPUTE OR CLAIM ARISING OUT OF OR RELATING TO",[],unannotated,False,unannotated,,,segmentation_v3,unreviewed,legal_clause
d714d261edc4d361e7d2ebabccaada50,d714d261edc4d361e7d2ebabccaada50_clause_034,"THIS RELEASE OR CLAIM OF BREACH HEREOF SHALL BE BROUGHT EXCLUSIVELY IN THE UNITED
STATES DISTRICT COURT FOR THE DISTRICT OF DELAWARE, TO THE EXTENT FEDERAL JURISDICTION
EXISTS, AND IN ANY COURT SITTING IN SALT LAKE CITY, UTAH, BUT ONLY IN THE EVENT FEDERAL
JURISDICTION DOES NOT EXIST, AND ANY APPLICABLE APPELLATE COURTS. FURTHER, I HEREBY",[],unannotated,False,unannotated,,,segmentation_v3,unreviewed,legal_clause
d714d261edc4d361e7d2ebabccaada50,d714d261edc4d361e7d2ebabccaada50_clause_035,"WAIVE ANY RIGHT TO TRIAL BY JURY IN CONNECTION WITH ANY SUIT, ACTION, OR PROCEEDING
UNDER OR IN CONNECTION WITH THIS NON-INTERFERENCE AGREEMENT.",[],unannotated,False,unannotated,,,segmentation_v3,unreviewed,legal_clause
d714d261edc4d361e7d2ebabccaada50,d714d261edc4d361e7d2ebabccaada50_clause_036,"(b) Entire Agreement. This Non-Interference Agreement sets forth the entire agreement and understanding
between the Company and me relating to the subject matter herein and merges all prior discussions between us. No
modification or amendment to this Non-Interference Agreement, nor any waiver of any rights under this Non-
Interference Agreement, will be effective unless in writing signed by the party to be charged. Any subsequent change or
changes in my duties, obligations, rights, or compensation will not affect the validity or scope of this Non-Interference
Agreement.",[],unannotated,False,unannotated,,,segmentation_v3,unreviewed,legal_clause
d714d261edc4d361e7d2ebabccaada50,d714d261edc4d361e7d2ebabccaada50_clause_037,"(c) No Right of Continued Employment. I acknowledge and agree that nothing contained herein shall be
construed as granting me any right to continued employment by the Company, and the right of the Company to
terminate my employment at any time and for no reason or any reason, with or without cause, is specifically reserved.",[],unannotated,False,unannotated,,,segmentation_v3,unreviewed,legal_clause
d714d261edc4d361e7d2ebabccaada50,d714d261edc4d361e7d2ebabccaada50_clause_038,"(d) Successors and Assigns. This Non-Interference Agreement will be binding upon my heirs, executors,
administrators, and other legal representatives and will be for the benefit of the Company, its successors, and its assigns.
I expressly acknowledge and agree that this Non-Interference Agreement may be assigned by the Company without my
consent to any other member of the Company Group as well as any purchaser of all or substantially all of the assets or
stock of the Company or of any business or division of the Company for which I provide services, whether by purchase,
merger, or other similar corporate transaction, provided that the license granted pursuant to Section 2(a) may be
assigned to any third party by the Company without my consent.",[],unannotated,False,unannotated,,,segmentation_v3,unreviewed,legal_clause
d714d261edc4d361e7d2ebabccaada50,d714d261edc4d361e7d2ebabccaada50_clause_039,"(e) Survival. The provisions of this Non-Interference Agreement shall survive the termination of my
employment with the Company and/or the assignment of this Non-Interference Agreement by the Company to any
successor in interest or other assignee.
A-8",[],unannotated,False,unannotated,,,segmentation_v3,unreviewed,legal_clause
d714d261edc4d361e7d2ebabccaada50,d714d261edc4d361e7d2ebabccaada50_clause_040,"* * *
[Signature to appear on the following page.]
A-9",[],unannotated,False,unannotated,,,segmentation_v3,unreviewed,legal_clause
d714d261edc4d361e7d2ebabccaada50,d714d261edc4d361e7d2ebabccaada50_clause_041,"I, Edward R. Bloomberg, have executed this Confidentiality, Non-Interference, and Invention Assignment
Agreement on the date set forth below:
Date:",[],unannotated,False,unannotated,,,segmentation_v3,unreviewed,legal_clause
d714d261edc4d361e7d2ebabccaada50,d714d261edc4d361e7d2ebabccaada50_clause_042,"(Signature)
(Type/Print Name)
[Signature Page to Edward R. Bloomberg Non-Interference Agreement]",[],unannotated,False,unannotated,,,segmentation_v3,unreviewed,legal_clause
e52e4a136a4bb5c859dc6d056f47c743,e52e4a136a4bb5c859dc6d056f47c743_clause_000,"EX-10.3 6 exhibit10c.htm NON-COMPETITION AND NON-DISCLOSURE AGREEMENT
Exhibit 10.3",[],unannotated,False,unannotated,,,segmentation_v3,unreviewed,header
e52e4a136a4bb5c859dc6d056f47c743,e52e4a136a4bb5c859dc6d056f47c743_clause_001,"NON-COMPETITION AND NON-DISCLOSURE AGREEMENT
THIS NON-COMPETITION AND NON-DISCLOSURE AGREEMENT (“Agreement”) is made as of the ___ day of
__________________, 2005, by and between ENERGIZER HOLDINGS, INC., (hereinafter referred to as “ENERGIZER” and as defined in
Paragraph 11) and J. PATRICK MULCAHY (hereinafter referred to as “MR. MULCAHY”).",[],unannotated,False,unannotated,,,segmentation_v3,unreviewed,legal_clause
e52e4a136a4bb5c859dc6d056f47c743,e52e4a136a4bb5c859dc6d056f47c743_clause_002,"WHEREAS, MR. MULCAHY is an employee of ENERGIZER in a key leadership and strategic position;",[],unannotated,False,unannotated,,,segmentation_v3,unreviewed,legal_clause
e52e4a136a4bb5c859dc6d056f47c743,e52e4a136a4bb5c859dc6d056f47c743_clause_003,"WHEREAS, ENERGIZER and MR. MULCAHY acknowledge that, in MR. MULCAHY’s capacity as an employee of ENERGIZER,
MR. MULCAHY did contribute to and/or receive Confidential Information, and MR. MULCAHY acknowledges that ENERGIZER will suffer
irreparable harm if MR. MULCAHY, after having developed and/or created and/or becoming familiar with any such Confidential Information,
makes any unauthorized disclosure or communication of such Confidential Information to any third party or makes any use of such
Confidential Information wrongfully or in competition with ENERGIZER;",[],unannotated,False,unannotated,,,segmentation_v3,unreviewed,legal_clause
e52e4a136a4bb5c859dc6d056f47c743,e52e4a136a4bb5c859dc6d056f47c743_clause_004,"WHEREAS, MR. MULCAHY has indicated his interest in retiring; and",[],unannotated,False,unannotated,,,segmentation_v3,unreviewed,legal_clause
e52e4a136a4bb5c859dc6d056f47c743,e52e4a136a4bb5c859dc6d056f47c743_clause_005,"WHEREAS, ENERGIZER desires to receive from MR. MULCAHY a covenant not to engage (either directly or indirectly) in
competition with, or to solicit any client or account of, ENERGIZER; and",[],unannotated,False,unannotated,,,segmentation_v3,unreviewed,legal_clause
e52e4a136a4bb5c859dc6d056f47c743,e52e4a136a4bb5c859dc6d056f47c743_clause_006,"WHEREAS, ENERGIZER desires to receive from MR. MULCAHY a covenant not to disclose certain information relating to
ENERGIZER’s business; and",[],unannotated,False,unannotated,,,segmentation_v3,unreviewed,legal_clause
e52e4a136a4bb5c859dc6d056f47c743,e52e4a136a4bb5c859dc6d056f47c743_clause_007,"WHEREAS, ENERGIZER and MR. MULCAHY desire to confirm the terms and conditions of their agreements and understandings.
NOW, THEREFORE, in consideration of the foregoing, the mutual promises herein contained, and other good and valuable
consideration, the receipt and sufficiency of which are hereby acknowledged, and the parties hereto agree as follows:",[],unannotated,False,unannotated,,,segmentation_v3,unreviewed,legal_clause
e52e4a136a4bb5c859dc6d056f47c743,e52e4a136a4bb5c859dc6d056f47c743_clause_008,"1. Covenants Not to Compete or Disclose. MR. MULCAHY acknowledges that the services rendered to ENERGIZER in the
aforesaid capacity are of a special character which have a unique value to ENERGIZER, the loss of which cannot be adequately
compensated by damages in an action of law. MR. MULCAHY agrees that by virtue of his employment, he has gained a special and unique
understanding of ENERGIZER’s business in the formulation, processing, manufacturing, sale, and marketing of ENERGIZER’s battery and
battery related products and ENERGIZER’s wet-shave products, as well as other products formulated, processed, manufactured, sold, or
marketed by ENERGIZER during the tenure of MR. MULCAHY’s employment. MR. MULCAHY at all times recognizes and respects the
advantageous business relationship which exists between ENERGIZER and present and potential customers who have been made aware
of the products and services of ENERGIZER. MR. MULCAHY makes the covenants contained in this Agreement in view of (i) the unique
value of the services of MR. MULCAHY for which ENERGIZER has employed MR. MULCAHY; (ii) the Confidential Information obtained by
or disclosed to MR. MULCAHY as an employee of ENERGIZER; and (iii) ENERGIZER’s agreement to provide MR. MULCAHY with
consideration as provided herein.",[],unannotated,False,unannotated,,,segmentation_v3,unreviewed,legal_clause
e52e4a136a4bb5c859dc6d056f47c743,e52e4a136a4bb5c859dc6d056f47c743_clause_009,"2.

 Non-Competition.",[],unannotated,False,unannotated,,,segmentation_v3,unreviewed,legal_clause
e52e4a136a4bb5c859dc6d056f47c743,e52e4a136a4bb5c859dc6d056f47c743_clause_010,"a.

 MR. MULCAHY agrees that for a period of five (5) years after termination of MR. MULCAHY’s employment
-- i.e., from January 25, 2005 through January 25, 2010 -- (“the Non-Compete Period”), MR. MULCAHY will not compete
against ENERGIZER in ENERGIZER business.
b.",[],unannotated,False,unannotated,,,segmentation_v3,unreviewed,legal_clause
e52e4a136a4bb5c859dc6d056f47c743,e52e4a136a4bb5c859dc6d056f47c743_clause_011,"For purposes of this Agreement, “ENERGIZER business” shall mean any of the following business
activities: all aspects of manufacturing, marketing, distributing, consulting with regard to, and/or operating a facility for the
manufacturing, processing, marketing, or distribution of batteries, lighting products, rechargeable batteries, related battery and
lighting products, and wet-shave products. “ENERGIZER business” includes products and/or methods that presently are used,
were used, or are under development or consideration, whether or not completed, for use by ENERGIZER as of the date MR.
MULCAHY’s employment terminates.
c.",[],unannotated,False,unannotated,,,segmentation_v3,unreviewed,legal_clause
e52e4a136a4bb5c859dc6d056f47c743,e52e4a136a4bb5c859dc6d056f47c743_clause_012,"For purposes of this Agreement, to “compete” means to accept or begin employment with, advise, finance,
own (partially or in whole), consult with, or accept an assignment through an employer with any third party world wide in a
position involving or relating to ENERGIZER business.
d.",[],unannotated,False,unannotated,,,segmentation_v3,unreviewed,legal_clause
e52e4a136a4bb5c859dc6d056f47c743,e52e4a136a4bb5c859dc6d056f47c743_clause_013,"This Agreement does not preclude MR. MULCAHY from buying or selling shares of stock in any company
that is publicly listed and traded in any stock exchange or over-the-counter market. Provided, however, that MR. MULCAHY
may not use Confidential Information to engage in, or induce others to engage in, insider trading as prohibited by federal and
state securities laws.
MR. MULCAHY acknowledges and agrees that the foregoing restrictions are reasonable and necessary for the protection of the
goodwill and business of ENERGIZER and are enforceable in view of, among other things; (i) the narrow range of activities
prohibited, (ii) the national and international markets in which ENERGIZER operates, (iii) the Confidential Information to which MR.
MULCAHY had access during his employment, and (iv) MR. MULCAHY’s background and qualifications are such that the restrictions
will not impose an undue hardship on MR. MULCAHY nor unreasonably interfere with MR. MULCAHY’s ability to earn a livelihood.
The parties hereby acknowledge that the nature of the business conducted by ENERGIZER and the position of ENERGIZER in the",[],unannotated,False,unannotated,,,segmentation_v3,unreviewed,legal_clause
e52e4a136a4bb5c859dc6d056f47c743,e52e4a136a4bb5c859dc6d056f47c743_clause_014,"battery and wet-shave industry mandate the foregoing non-competition restriction for a substantial duration in order to protect and
preserve the competitive advantage and goodwill of ENERGIZER.",[],unannotated,False,unannotated,,,segmentation_v3,unreviewed,legal_clause
e52e4a136a4bb5c859dc6d056f47c743,e52e4a136a4bb5c859dc6d056f47c743_clause_015,"3.

 Non-Solicitation.",[],unannotated,False,unannotated,,,segmentation_v3,unreviewed,legal_clause
e52e4a136a4bb5c859dc6d056f47c743,e52e4a136a4bb5c859dc6d056f47c743_clause_016,"For the duration of the Non-Compete Period, MR. MULCAHY shall not (i)
induce or attempt to induce any employee of ENERGIZER to leave the employ of ENERGIZER or in any way interfere with the
relationship between ENERGIZER and its employees or (ii) induce or attempt to induce any customer, supplier, distributor, broker, or
other business relation of ENERGIZER to cease doing business with ENERGIZER, or in any way interfere with the relationship
between any customer, supplier, distributor, broker or other business relation and ENERGIZER.",[],unannotated,False,unannotated,,,segmentation_v3,unreviewed,legal_clause
e52e4a136a4bb5c859dc6d056f47c743,e52e4a136a4bb5c859dc6d056f47c743_clause_017,"4.

 Confidentiality of Information.
 MR. MULCAHY acknowledges that the information, observations and data relating to the formulation, processing,
manufacturing, sale and marketing of ENERGIZER's batteries, battery related products, and wet-shave products obtained by MR.
MULCAHY during the course of MR. MULCAHY’s employment with ENERGIZER (the ""Confidential Information"") are confidential and the
exclusive property of ENERGIZER. MR. MULCAHY agrees that he will not disclose to any unauthorized persons or use for MR.
MULCAHY’s own account or for the benefit of any third party (other than ENERGIZER) any of such Confidential Information without
ENERGIZER’s prior written consent, unless and to the extent that such Confidential Information becomes generally known to, and available
for use by, the public other than as a result of MR. MULCAHY’s acts or failure to act.
 For purposes of this Agreement, “Confidential Information” means all information with respect to the conduct or details of the
business and operations of ENERGIZER, including but not limited to current and planned information systems; the names, addresses or
particular desires or needs of its customers; the bounds of its markets; the prices charged for its services or products; its market share;
marketing strategies and promotional efforts in any market; product development, manufacturing processes, and research and development
projects; formulas, inventions and compilations of information, records or specifications; future product or market developments, financial
information, information regarding suppliers, and costs of raw materials and other supplies; financing programs, overhead distribution and
other expenses; conversion costs; contemplated, pending, or completed acquisitions; or personnel. MR. MULCAHY understands and
agrees that such “Confidential Information” is important, material and confidential, and that disclosure would gravely affect the successful
conduct of ENERGIZER’s businesses. The obligation to protect Confidential Information is on-going and does not expire upon the
termination of the parties’ contractual relationship.",[],unannotated,False,unannotated,,,segmentation_v3,unreviewed,legal_clause
e52e4a136a4bb5c859dc6d056f47c743,e52e4a136a4bb5c859dc6d056f47c743_clause_018,"5.

 Specific Performance. MR. MULCAHY acknowledges that irreparable injury will be caused to ENERGIZER by
any breach or threatened breach of any of the provisions of paragraphs 2 through 4 and MR. MULCAHY therefore agrees that, in the event
of any breach or threatened breach, ENERGIZER, in addition to all of the rights and remedies at law or in equity as may exist in its favor,
shall have the right, in a court of law or equity having jurisdiction, to enforce the specific performance of the foregoing provisions. In the
event of an action in a court of law or equity to enforce any provision of this Agreement, MR. MULCAHY shall be responsible for all
expenses incurred by ENERGIZER in connection therewith, including, but not limited to, ENERGIZER’s reasonable attorney’s fees and
costs.",[],unannotated,False,unannotated,,,segmentation_v3,unreviewed,legal_clause
e52e4a136a4bb5c859dc6d056f47c743,e52e4a136a4bb5c859dc6d056f47c743_clause_019,"6.

 Reasonableness of Restrictions. MR. MULCAHY has carefully read and considered the provisions of paragraphs
2, 3, and 4 hereof, and having done so, agrees that the restrictions set forth in such paragraphs (including, but not limited to, the time period
of the restriction set forth in paragraph 2 hereof) are fair and reasonable and required for the protection of the interests of ENERGIZER, its
officers, directors, and other employees.",[],unannotated,False,unannotated,,,segmentation_v3,unreviewed,legal_clause
e52e4a136a4bb5c859dc6d056f47c743,e52e4a136a4bb5c859dc6d056f47c743_clause_020,"7.

 Waiver. The failure by ENERGIZER to enforce at any time any of the provisions hereof or to require at any time
performance by MR. MULCAHY of any provisions hereof, shall in no way be construed to be a release of MR. MULCAHY or waiver of such
provisions or to affect the validity of this Agreement or any part hereof, or the right of ENERGIZER thereafter to enforce every such
provision in accordance with the terms of this Agreement.",[],unannotated,False,unannotated,,,segmentation_v3,unreviewed,legal_clause
e52e4a136a4bb5c859dc6d056f47c743,e52e4a136a4bb5c859dc6d056f47c743_clause_021,"8.

 Savings and Severability Clause.",[],unannotated,False,unannotated,,,segmentation_v3,unreviewed,legal_clause
e52e4a136a4bb5c859dc6d056f47c743,e52e4a136a4bb5c859dc6d056f47c743_clause_022,"(a) Nothing contained in this Agreement shall be construed to require the commission of any act contrary to law or to be
contrary to law, and whenever there is any conflict between any provision of this Agreement and any present or future statute, law,
government regulation or ordinance contrary to which the parties have no legal right to contract, the latter shall prevail, but in such event the
provisions of this Agreement affected shall be curtailed and restricted only to the extent necessary to bring them within legal requirements.",[],unannotated,False,unannotated,,,segmentation_v3,unreviewed,legal_clause
e52e4a136a4bb5c859dc6d056f47c743,e52e4a136a4bb5c859dc6d056f47c743_clause_023,"(b)

 If any provision of the covenants and agreements hereof above shall be held invalid or unenforceable
because of the scope of the territory or the actions thereby restricted, or the period of time within which such covenant or agreement is
operative, or for any other reason, it is the intent of the parties hereto that such provision shall be construed by limiting and reducing it, or, if
necessary eliminating it so that the provisions hereof shall be valid and enforceable to the extent compatible with applicable law as
determined by a court of competent jurisdiction.",[],unannotated,False,unannotated,,,segmentation_v3,unreviewed,legal_clause
e52e4a136a4bb5c859dc6d056f47c743,e52e4a136a4bb5c859dc6d056f47c743_clause_024,"9.

 Burden and Benefit. This Agreement shall be binding upon and shall inure to the benefit of the parties hereto and
their legal representatives, successors, and permitted assigns.",[],unannotated,False,unannotated,,,segmentation_v3,unreviewed,legal_clause
e52e4a136a4bb5c859dc6d056f47c743,e52e4a136a4bb5c859dc6d056f47c743_clause_025,"10.

 Governing Law. All questions pertaining to the validity, construction, execution, and performance of this
Agreement shall be construed in accordance with, and be governed by, the laws of the State of Missouri, without giving effect to the choice
of law principles thereof.",[],unannotated,False,unannotated,,,segmentation_v3,unreviewed,legal_clause
e52e4a136a4bb5c859dc6d056f47c743,e52e4a136a4bb5c859dc6d056f47c743_clause_026,"11.

 Energizer Defined. For purposes of this Agreement, the term “ENERGIZER” as used herein shall include
Energizer Holdings, Inc., Eveready Battery Company, Inc., Schick Manufacturing, Inc., all subsidiary and affiliated companies,
predecessors, and successors of the aforementioned, and all officers, directors, agents, and employees of any of the aforementioned.",[],unannotated,False,unannotated,,,segmentation_v3,unreviewed,legal_clause
e52e4a136a4bb5c859dc6d056f47c743,e52e4a136a4bb5c859dc6d056f47c743_clause_027,"12.

 Restricted Stock Equivalent Award",[],unannotated,False,unannotated,,,segmentation_v3,unreviewed,section_heading
e52e4a136a4bb5c859dc6d056f47c743,e52e4a136a4bb5c859dc6d056f47c743_clause_028,"(a) Grant. In exchange for signing this Agreement, MR. MULCAHY will receive a grant of 10,000 restricted common stock
equivalents (“Equivalents”) effective as of his termination date. This grant shall be pursuant to, and subject to the terms of, the Energizer
Holdings, Inc. 2000 Incentive Stock Plan (“the Plan”).",[],unannotated,False,unannotated,,,segmentation_v3,unreviewed,legal_clause
e52e4a136a4bb5c859dc6d056f47c743,e52e4a136a4bb5c859dc6d056f47c743_clause_029,"(b) Vesting and Payment. All restricted stock granted pursuant to this Agreement will vest January 25, 2010. At such time, each
vested Equivalent will convert into one share of ENERGIZER’s $.01 par value Common Stock, which will be issued to MR. MULCAHY.",[],unannotated,False,unannotated,,,segmentation_v3,unreviewed,legal_clause
e52e4a136a4bb5c859dc6d056f47c743,e52e4a136a4bb5c859dc6d056f47c743_clause_030,"(c) Dividends. At the time of payment of shares of Common Stock to MR. MULCAHY, as described in (b) above, MR. MULCAHY will
also receive an additional cash payment equal to the amount of dividends, if any, which would have been paid on the shares of Common
Stock issued to him if MR. MULCAHY had actually acquired those shares on the date of crediting of his Equivalents. No interest shall be
included in the calculation of such additional cash payment.",[],unannotated,False,unannotated,,,segmentation_v3,unreviewed,legal_clause
e52e4a136a4bb5c859dc6d056f47c743,e52e4a136a4bb5c859dc6d056f47c743_clause_031,"(d) Forfeiture. All unvested unrestricted stock equivalents credited to MR. MULCAHY will be forfeited upon a determination by the
Board of Directors of Energizer Holdings, Inc. that MR. MULCAHY has violated any provision of paragraph 2, 3, or 4 hereof.",[],unannotated,False,unannotated,,,segmentation_v3,unreviewed,legal_clause
e52e4a136a4bb5c859dc6d056f47c743,e52e4a136a4bb5c859dc6d056f47c743_clause_032,"(e) Acceleration. Notwithstanding anything in (b) above, all Equivalents credited to MR. MULCAHY will immediately vest, convert to
shares of Common Stock, and be paid to MR. MULCAHY, his designated beneficiary, or his legal representative, in accordance with the
terms of the Plan, in the event of:",[],unannotated,False,unannotated,,,segmentation_v3,unreviewed,legal_clause
e52e4a136a4bb5c859dc6d056f47c743,e52e4a136a4bb5c859dc6d056f47c743_clause_033,"(i)

 MR. MULCAHY’s death;
 (ii)",[],unannotated,False,unannotated,,,segmentation_v3,unreviewed,legal_clause
e52e4a136a4bb5c859dc6d056f47c743,e52e4a136a4bb5c859dc6d056f47c743_clause_034,"a declaration of MR. MULCAHY’s total and permanent disability; or
 (iii)",[],unannotated,False,unannotated,,,segmentation_v3,unreviewed,legal_clause
e52e4a136a4bb5c859dc6d056f47c743,e52e4a136a4bb5c859dc6d056f47c743_clause_035,"a Change of Control of ENERGIZER, which for purposes of this Agreement shall be deemed to occur
when (a) a person, as defined under the U.S. securities laws, acquires beneficial ownership of more than fifty percent (50%) of the
outstanding voting securities of ENERGIZER; or (b) the directors of ENERGIZER immediately before a business combination between
ENERGIZER and another entity, or a proxy contest for the election of directors, shall, as a result thereof, cease to constitute a majority of
the Board of Directors of Energizer Holdings, Inc. or any successor corporation. Notwithstanding the foregoing, however, a Change of
Control which is approved in advance by a majority of the Board of Directors of Energizer Holdings, Inc. shall not trigger acceleration as
described in this paragraph 12(e)(iii).",[],unannotated,False,unannotated,,,segmentation_v3,unreviewed,legal_clause
e52e4a136a4bb5c859dc6d056f47c743,e52e4a136a4bb5c859dc6d056f47c743_clause_036,"13.

 Notices. Any notices necessary or required to be given under this Agreement shall be sufficiently given if in
writing, and personally delivered or mailed by registered or certified mail, return receipt requested, postage prepaid, to the last known
addresses of the parties hereto, or to such other address or addresses as any of the parties shall have specified in writing to the other party
hereto.",[],unannotated,False,unannotated,,,segmentation_v3,unreviewed,legal_clause
e52e4a136a4bb5c859dc6d056f47c743,e52e4a136a4bb5c859dc6d056f47c743_clause_037,"14.

 Consent to Advise Third Parties. MR. MULCAHY agrees ENERGIZER may advise any third party that
ENERGIZER deems necessary of the existence of this Agreement and of its terms. MR. MULCAHY agrees that ENERGIZER shall have no
liability for so notifying any third party and hereby irrevocably waives any right to assert any such liability in the future.",[],unannotated,False,unannotated,,,segmentation_v3,unreviewed,legal_clause
e52e4a136a4bb5c859dc6d056f47c743,e52e4a136a4bb5c859dc6d056f47c743_clause_038,"15.

 Entire Agreement. This Agreement constitutes the entire agreement of the parties hereto with respect to the
matters contained herein, and no modification, amendment, or waiver of any of the provision of this Agreement shall be effective unless in
writing and signed by all parties hereto. This Agreement constitutes the only agreement between the parties hereto with respect to the
matters herein contained.",[],unannotated,False,unannotated,,,segmentation_v3,unreviewed,legal_clause
e52e4a136a4bb5c859dc6d056f47c743,e52e4a136a4bb5c859dc6d056f47c743_clause_039,"16.

 Modifications. No change or modification of this Agreement shall be valid unless the same is in writing and
signed by all the parties hereto. No waiver of any provision of this Agreement shall be valid unless in writing and signed by the party against
whom it is sought to be enforced.",[],unannotated,False,unannotated,,,segmentation_v3,unreviewed,legal_clause
e52e4a136a4bb5c859dc6d056f47c743,e52e4a136a4bb5c859dc6d056f47c743_clause_040,"17.

 Effect of MR. MULCAHY’s Signature. By the signing of this Agreement, MR. MULCAHY signifies that MR.
MULCAHY has fully read, completely understands, and voluntarily agrees with this Agreement consisting of six (6) pages and seventeen
(17) paragraphs and knowingly and voluntarily accepts all of its terms and conditions.",[],unannotated,False,unannotated,,,segmentation_v3,unreviewed,legal_clause
e52e4a136a4bb5c859dc6d056f47c743,e52e4a136a4bb5c859dc6d056f47c743_clause_041,"IN WITNESS WHEREOF, ENERGIZER and MR. MULCAHY have duly executed this Agreement as of the date first above written.
ENERGIZER HOLINGS, INC.
 J. PATRICK
MULCAHY
By:
___________________________
 ___________________________
Peter J. Conrad
Vice President
Human Resources
Date:___________________________ Date:______________________",[],unannotated,False,unannotated,,,segmentation_v3,unreviewed,legal_clause
e52e4a136a4bb5c859dc6d056f47c743,e52e4a136a4bb5c859dc6d056f47c743_clause_042,"Witness:____________________
 Date:______________________",[],unannotated,False,unannotated,,,segmentation_v3,unreviewed,legal_clause
f28c4f3d35a152dd415f9b255122cb38,f28c4f3d35a152dd415f9b255122cb38_clause_000,"EX-99.(E)(2) 3 dex99e2.htm CONFIDENTIALITY AGREEMENT
Exhibit (e)(2)
[ORTHOVITA LETTERHEAD]
January 18, 2011
Bryant Zanko
Vice President, Business Development
Stryker Corporation
2725 Fairfield Road
Kalamazoo, MI 49002
Dear Bryant:
You have requested information regarding Orthovita, Inc. (the “Company”, “us” or “we”) in connection with your consideration of a possible
negotiated transaction with the Company (a “Possible Transaction”). For purposes of this agreement, the term “Company” includes the Company
and its subsidiaries taken as a whole or any business or businesses thereof. In consideration of our furnishing you with the Evaluation Materials (as
defined below) you agree as follows:
Confidentiality of Evaluation Materials
You will treat confidentially any information (whether written or oral) that either we or our financial advisor, J.P. Morgan Securities LLC (the
“Financial Advisor”), or our other representatives furnish to you in connection with a Possible Transaction involving the Company, whether
furnished before or after the date of this agreement and regardless of the manner in which it is furnished, together with analyses, compilations,
studies or other documents prepared by you, or by your representatives (as defined hereinafter) which contain or otherwise reflect such information
or your review of, or interest in, the Company (collectively, the “Evaluation Materials”).
The term “Evaluation Materials” includes information furnished to you orally or in writing (whatever the form or storage medium) or gathered by
inspection, and regardless of whether such information is specifically identified as “confidential” including, but not limited to, all conversations,
meetings, negotiations, discussions, internal memoranda, documents and notes involving the Company and the Possible Transaction. The term
“Evaluation Materials” does not include information which (i) is or becomes generally available to you or the public other than as a result of a
disclosure by you or your representatives, (ii) was or becomes available to you on a non-confidential basis from a source other than the Company or
its representatives, provided that to your knowledge, after due inquiry, such source is not prohibited from disclosing such information to you by a
contractual, legal or fiduciary obligation to the Company or its representatives or (iii) is independently developed by you without violating your
obligations hereunder.",[],unannotated,False,unannotated,,,segmentation_v3,unreviewed,legal_clause
f28c4f3d35a152dd415f9b255122cb38,f28c4f3d35a152dd415f9b255122cb38_clause_001,"Use of Evaluation Materials
You will not use any of the Evaluation Materials for any purpose other than the exclusive purpose of evaluating a Possible Transaction. Except as
required by law, you and your representatives will keep the Evaluation Materials confidential; provided, however, that (i) such information may be
disclosed to those of your directors, officers, employees, affiliates, agents and representatives (including attorneys, accountants and financial
advisors), lenders and other sources of debt financing (collectively, “your representatives”) who need to know such information for the purpose of
evaluating a Possible Transaction between you and the Company (it being understood that your representatives shall be informed by you of the
confidential nature of such information and shall be directed by you to treat such information as confidential in accordance with this agreement and
shall be under obligations of confidentiality with respect to such information) and (ii) any other disclosure of such information may only be made if
the Company consents in writing prior to any such disclosure. Without limiting the generality of the foregoing, in the event that a Possible
Transaction is not consummated, neither you nor your representatives shall use any of the Evaluation Materials for any purpose. You will be
responsible for any breach of this agreement by you or your representatives.
You hereby acknowledge that the Company is a publicly traded company. You further hereby acknowledge that you are aware, and that you will
advise your representatives who are informed as to the matters which are the subject of this agreement, that the United States securities laws prohibit
any person who has received from an issuer material, non-public information from purchasing or selling securities of such issuer or from
communicating such information to any other person under circumstances in which it is reasonably foreseeable that such person is likely to purchase
or sell such securities.
If you become aware of any unauthorized disclosure or use of any Evaluation Materials, you hereby covenant to promptly notify the Company.
Moreover, upon the request of the Company, you shall cooperate in assisting the Company in terminating or preventing any third parties from
disseminating or using the Evaluation Materials.
In the event that you or any of your representatives receive a request or are required (by deposition, interrogatory, request for documents, subpoena,
civil investigative demand or similar process) to disclose all or any part of the Evaluation Materials, you or your representatives, as the case may be,
hereby agree to (i) immediately notify the Company of the existence, terms and circumstances surrounding such request, (ii) unless to the extent
legally impracticable, consult with the Company on the advisability of taking legally available steps to resist or narrow such request and (iii) unless
to the extent legally impracticable, afford the Company with the opportunity to seek a protective order or other appropriate remedy. If your or your
representatives’ counsel advises that you or your representatives are legally compelled to disclose the Evaluation Materials to any person, (i) you or
your representatives, as the case may be, may, without liability hereunder, disclose to such person only that portion of the Evaluation Materials
which your counsel advised you is legally required to be disclosed. You agree to cooperate with the Company, at the Company’s expense, to obtain
assurance that confidential treatment will be accorded such Evaluation Materials.",[],unannotated,False,unannotated,,,segmentation_v3,unreviewed,legal_clause
f28c4f3d35a152dd415f9b255122cb38,f28c4f3d35a152dd415f9b255122cb38_clause_002,"2

Non-Disclosure
The disclosure of your possible interest in a Possible Transaction could have a material adverse effect on the Company and its business if for any
reason an agreement of purchase and sale is not consummated or a disclosure is made prior to the closing of a Possible Transaction. Accordingly,
unless required by applicable law or regulatory authority, you agree that prior to the closing of a Possible Transaction, without the prior written
consent of the Company, you will not, and you will direct your representatives not to, disclose to any person the fact that the Evaluation Materials
have been made available to you, discussions or negotiations have taken or are taking place concerning a Possible Transaction between the Company
and you or any of the terms, conditions or other facts with respect to any such Possible Transaction, including the status thereof. The term “person”
as used in this agreement shall be broadly interpreted to include, without limitation, the media, any corporation or limited liability company, the
Company, governmental agency or body, stock exchange, partnership, association or individual.
Ownership and Return of Evaluation Materials
All Evaluation Materials disclosed by or on behalf of the Company shall be and shall remain in the property of the Company. Upon the Company’s
request, you shall promptly deliver to the Company or destroy all written Evaluation Materials without retaining, in whole or in part, any copies,
extracts or other reproductions (whatever the form or storage medium) of such materials, and shall certify the delivery or destruction, as applicable,
of all such materials in writing to the Company; provided that economic analyses, privileged communication with your counsel and other proprietary
documentation shall not be required to be delivered to the Company but shall be destroyed as set forth in this sentence and provided further that you
may retain one copy of the Evaluation Materials in a secure location within your Legal Department. Notwithstanding the return or destruction of the
Evaluation Materials, you and your representatives will continue to be bound by your obligations of confidentiality and other obligations hereunder.
No Unauthorized Contact or Solicitation
During the course of your evaluation, all inquiries and other communications are to be made directly to the Financial Advisor or employees or
representatives of the Company specified by the Financial Advisor. Accordingly, except as set forth in the preceding sentence, you agree not to
directly or indirectly contact or communicate with any executive or other employee of the Company (in their capacities as officers or employees of
the Company) concerning a Possible Transaction, or to seek any information in connection therewith from such person, without the express written
consent of the Financial Advisor. You also agree not to discuss with or offer to any third party any equity participation in a Possible Transaction or
any other form of joint acquisition by you and such third party without the prior written consent of the Company.
Without the Company’s prior written consent, you will not for a period of eighteen months after the date of this agreement directly or indirectly
solicit for employment any person who is now employed by the Company in an executive-level position, or any person who is now employed by the
Company in a management-level position at the Company’s headquarters in Malvern, Pennsylvania, provided that you are not prohibited from
employing any such person who contacts you on his or her own initiative and without any direct or indirect solicitation by you",[],unannotated,False,unannotated,,,segmentation_v3,unreviewed,legal_clause
f28c4f3d35a152dd415f9b255122cb38,f28c4f3d35a152dd415f9b255122cb38_clause_003,"3

and the term “solicit for employment” shall not be deemed to include general solicitations of employment not specifically directed toward employees
of the Company.
Standstill
You agree that until eighteen months after the date of this agreement, you will not without the prior approval of the Board of Directors of the
Company (i) acquire or make any proposal to acquire any securities or property of the Company or to acquire any ability to exercise voting or
dispositive power with respect to any securities of the Company, (ii) propose to enter into any merger or business combination involving the
Company or purchase a material portion of the assets of the Company, (iii) make or participate in any solicitation of proxies to vote, or seek to advise
or influence any person with respect to the voting of any securities of the Company, (iv) form, join or participate in a “group” (within the meaning of
Section 13(d)(3) of the Securities Exchange Act of 1934, as amended), with respect to any voting securities of the Company, (v) otherwise act or
seek to control or influence the management, Board of Directors or policies of the Company, (vi) disclose any intention, plan or arrangement
inconsistent with the foregoing or (vii) take any action which might require the Company to make a public announcement regarding the possibility of
a business combination or merger. You also agree during such period not to request the Company (or its directors, officers, employees, agents or
representatives) to amend or waive any provision of this paragraph unless specifically invited to do so by the Board of Directors of the Company.
Notwithstanding the restrictions in this paragraph, after the Company has announced that it has entered into a definitive written agreement with a
third party with respect to a business combination transaction that, if consummated, would result in a transfer of corporate control of the Company,
you may make an acquisition proposal to the Company’s Board of Directors.
No Representation or Warranty
You acknowledge and agree that none of the Company, the Financial Advisor, or any of their respective representatives or agents is making any
representation or warranty, expressed or implied, as to the accuracy or completeness of the Evaluation Materials, and none of the Company, the
Financial Advisor, or any of their respective representatives or agents, nor any of their respective officers, directors, employees, representatives,
stockholders, owners, affiliates, advisors or agents, will have any liability to you or any other person resulting from the use of Evaluation Materials
by you or any of your representatives. Furthermore, nothing contained herein shall constitute an obligation on the part of the Company, the Financial
Advisor, or any of their respective representatives or agents to provide Evaluation Materials or to update any Evaluation Materials provided
hereunder. Only those representations or warranties that are made to you in a definitive agreement for the Possible Transaction (“Definitive
Agreement”) when, as, and if it is executed, and subject to such limitations and restrictions as may be specified in such Definitive Agreement, will
have any legal effect. For purposes of this agreement, the term “Definitive Agreement” does not include an executed non-binding letter of intent or
any other non-binding written agreement, nor does it include any oral acceptance of an offer or bid by you.
You also acknowledge and agree that no contract or agreement providing for the sale of the Company or any interest in the Company shall be
deemed to exist between you and the Company unless and until a Definitive Agreement has been executed and delivered by you and each of the",[],unannotated,False,unannotated,,,segmentation_v3,unreviewed,legal_clause
f28c4f3d35a152dd415f9b255122cb38,f28c4f3d35a152dd415f9b255122cb38_clause_004,"4

other parties thereto, and you hereby waive, in advance, any claims (including, without limitation, breach of contract) in connection with the sale of
the Company or any interest in the Company unless and until a Definitive Agreement has been executed and delivered by you and each of the other
parties thereto. You also agree that unless and until a Definitive Agreement between the Company and you with respect to the acquisition of the
Company or any interest in the Company has been executed and delivered by you and each of the other parties thereto, there shall not be any legal
obligation of any kind whatsoever with respect to any such transaction by virtue of this agreement or any other written or oral expression with
respect to such transaction except, in the case of this agreement, for the matters specifically agreed to herein.
You further understand and agree that (i) the Company and the Financial Advisor shall be free to conduct any process for the sale of the Company or
any interest in the Company as they in their sole discretion shall determine (including, without limitation, negotiating with any prospective
counterparty and entering into a Definitive Agreement without prior notice to you or to any other person), (ii) any procedures relating to such sale
may be changed at any time without notice to you or any other person and (iii) you shall not have any claims whatsoever against the Company, the
Financial Advisor or any of their respective directors, officers, employees, stockholders, owners, affiliates, agents or representatives arising out of or
relating to a Possible Transaction involving the Company. You further understand and agree that the Company reserves the right, in its sole
discretion, to reject any and all proposals made by you or any of your representatives with regard to any Possible Transaction, and to terminate
discussions and negotiations with you at any time. Neither this paragraph nor any other provision in this agreement can be waived or amended
except by written consent of the Company, which consent shall specifically refer to this paragraph (or such provision) and explicitly make such
waiver or amendment.
Legal Remedy
You understand and agree that money damages would not be a sufficient remedy for any breach of this agreement by you or your representatives and
that the Company will be entitled to specific performance and injunctive relief as remedies for any such breach. Such remedies shall not be deemed
to be the exclusive remedies for a breach of this agreement by you or your representatives but shall be in addition to all other remedies available at
law or equity. In the event of litigation relating to this agreement, if a court of competent jurisdiction determines that you or your representatives
have breached this agreement, then you shall reimburse the Company for its reasonable legal fees and expenses incurred in connection with such
litigation, including any appeals therefrom. Similarly, if a court of competent jurisdiction determines that you and/or your representatives did not
breach this agreement, then the Company shall reimburse you and/or your representatives for your reasonable legal fees and expenses incurred in
connection with such litigation, including any appeals therefrom.
Other
This agreement constitutes the entire agreement between the parties hereto regarding the subject matter hereof. This agreement may be changed only
by a written agreement signed by the parties hereto or their authorized representatives.",[],unannotated,False,unannotated,,,segmentation_v3,unreviewed,legal_clause
f28c4f3d35a152dd415f9b255122cb38,f28c4f3d35a152dd415f9b255122cb38_clause_005,"5

To the extent that any Evaluation Material may include materials subject to the attorney-client privilege, work product doctrine or any other
applicable privilege concerning pending or threatened legal proceedings or governmental investigations, you and the Company understand and agree
that you and the Company have a commonality of interest with respect to such matters and it is the Company’s and your desire, intention and mutual
understanding that the sharing of such material is not intended to, and shall not, waive or diminish in any way the confidentiality of such material or
its continued protection under the attorney-client privilege, work product doctrine or other applicable privilege. All Evaluation Material provided
that is entitled to protection under the attorney-client privilege, work product doctrine or other applicable privilege shall remain entitled to such
protection under these privileges, this agreement, and under the joint defense doctrine.
If any term or provision of this agreement is held by a court of competent jurisdiction to be invalid, void or unenforceable, the remainder of the terms
and provisions of this agreement shall remain in full force and effect and shall in no way be affected, impaired or invalidated.
The parties understand and agree that no failure or delay by the other party in exercising any right, power or privilege under this agreement shall
operate as a waiver thereof nor shall any single or partial exercise thereof preclude any other or future exercise of any right, power or privilege
hereunder.
This agreement shall be governed by and construed in accordance with the laws of the State of New York. You also hereby irrevocably and
unconditionally consent to submit to the exclusive jurisdiction of the courts of the State of New York and the United States of America, in each case
located in the County of New York, for any actions, suits or proceedings arising out of or relating to this agreement and the transactions
contemplated hereby (and you agree not to commence any action, suit or proceeding relating thereto except in such courts, and further agree that
service of any process, summons, notice or document by U.S. registered mail to your address set forth above shall be effective service of process for
any action, suit or proceeding brought against you in any such court). You hereby irrevocably and unconditionally waive any objection to the laying
of venue of any action, suit or proceeding arising out of this agreement or the transactions contemplated hereby, in the courts of the State of New
York or the United States of America, in each case located in the County of New York, and hereby further irrevocably and unconditionally waive and
agree not to plead or claim in any such court that any such action, suit or proceeding brought in any such court has been brought in an inconvenient
forum.
This agreement shall terminate two years after the date hereof.",[],unannotated,False,unannotated,,,segmentation_v3,unreviewed,legal_clause
f28c4f3d35a152dd415f9b255122cb38,f28c4f3d35a152dd415f9b255122cb38_clause_006,"6

If you are in agreement with the foregoing, please sign and return one copy of this agreement, it being understood that all counterpart copies will
constitute but one agreement with respect to the subject matter of this letter.",[],unannotated,False,unannotated,,,segmentation_v3,unreviewed,legal_clause
f28c4f3d35a152dd415f9b255122cb38,f28c4f3d35a152dd415f9b255122cb38_clause_007,"Very truly yours,
ORTHOVITA, INC.
By: /s/ Antony Koblish
 Antony Koblish,
 President and Chief Executive Officer",[],unannotated,False,unannotated,,,segmentation_v3,unreviewed,legal_clause
f28c4f3d35a152dd415f9b255122cb38,f28c4f3d35a152dd415f9b255122cb38_clause_008,"Accepted and agreed to as of the date hereof;
Stryker Corporation
By: /s/ Bryant Zanko
 Bryant Zanko
 Vice President, Business Development",[],unannotated,False,unannotated,,,segmentation_v3,unreviewed,legal_clause
f28c4f3d35a152dd415f9b255122cb38,f28c4f3d35a152dd415f9b255122cb38_clause_009,"7

[ORTHOVITA, INC. LETTERHEAD]
February 25, 2011
Bryant Zanko
Vice President, Business Development
Stryker Corporation
2725 Fairfield Road
Kalamazoo, MI 49002
Dear Bryant:
Reference is made to that certain letter agreement dated as of January 18, 2011 (the “Agreement”) by and between Orthovita, Inc. (the “Company”)
and Stryker Corporation (“Stryker”) in connection with Stryker’s consideration of a possible negotiated transaction with the Company. Capitalized
terms used herein and not otherwise defined herein shall have the meanings given to them in the Agreement.
In order for Stryker to receive access to a substantial amount of diligence information regarding the Company as part of the next phase of the process
contemplated under the Agreement, the Company requires Stryker to amend the Agreement in order to extend the confidentiality period thereunder
applicable to trade secrets.
Accordingly, the sentence on the last page of the Agreement that states, “This agreement shall terminate two years after the date hereof,” is amended
and restated in its entirety to read as follows:
“This agreement shall terminate two years after the date hereof, provided that the obligations set forth under Use of Evaluation Materials
insofar as they relate to the use and disclosure of a trade secret shall continue for so long as such trade secret continues to be a trade secret as
defined under 18 U.S.C. §1839(3)(A), (B) (1996), and only if the Company identified the general subject matter of such trade secret to you in
writing prior to disclosure to you and gave you the opportunity to decline receipt of such trade secret. Neither the foregoing nor the restrictions
in this agreement applicable to trade secrets is intended to preclude you from using residual knowledge retained in intangible form in the
unaided memories of your directors, employees, contractors and advisors as a result of exposure to the Company’s Evaluation Material. The
Company acknowledges that you may have in conception or development technology that may be very similar or even identical to the
Company’s trade secrets disclosed as part of the Evaluation Material.”
Except as specifically provided herein all other terms and conditions of the Agreement shall remain unchanged and in full force and effect.",[],unannotated,False,unannotated,,,segmentation_v3,unreviewed,legal_clause
f28c4f3d35a152dd415f9b255122cb38,f28c4f3d35a152dd415f9b255122cb38_clause_010,"If you are in agreement with the foregoing, please sign and return one copy of this amendment to the Agreement, it being understood that all
counterpart copies will constitute but one agreement with respect to the subject matter of this letter.",[],unannotated,False,unannotated,,,segmentation_v3,unreviewed,legal_clause
f28c4f3d35a152dd415f9b255122cb38,f28c4f3d35a152dd415f9b255122cb38_clause_011,"Very truly yours,
ORTHOVITA, INC.
By: /s/ Antony Koblish
 Antony Koblish,
 President and Chief Executive Officer",[],unannotated,False,unannotated,,,segmentation_v3,unreviewed,legal_clause
f28c4f3d35a152dd415f9b255122cb38,f28c4f3d35a152dd415f9b255122cb38_clause_012,"Accepted and agreed to as of the date hereof:
Stryker Corporation
By: /s/ Bryant Zanko
 Bryant Zanko
 Vice President, Business Development",[],unannotated,False,unannotated,,,segmentation_v3,unreviewed,legal_clause
f28c4f3d35a152dd415f9b255122cb38,f28c4f3d35a152dd415f9b255122cb38_clause_013,"2

CONFIDENTIALITY AGREEMENT
THIS CONFIDENTIALITY AGREEMENT (“Agreement”) is made as of April 27, 2011 by and among Stryker Corporation, a Michigan
corporation (collectively with its subsidiaries and Affiliates, “Stryker”); King & Spalding LLP (“K&S”) and Lerner, David, Littenberg, Krumholz &
Mentlik LLP (“LDLKM”), counsel to Stryker (collectively, “the Stryker Advisors”); and Orthovita, Inc., a Pennsylvania corporation (collectively
with its subsidiaries and Affiliates, “Orthovita”) (all heretofore named parties are collectively referred to herein as the “Parties”).
RECITALS",[],unannotated,False,unannotated,,,segmentation_v3,unreviewed,legal_clause
f28c4f3d35a152dd415f9b255122cb38,f28c4f3d35a152dd415f9b255122cb38_clause_014,"WHEREAS, Stryker and Orthovita are exploring a possible business relationship, arrangement or transaction with each other (the “Possible
Transaction”);",[],unannotated,False,unannotated,,,segmentation_v3,unreviewed,legal_clause
f28c4f3d35a152dd415f9b255122cb38,f28c4f3d35a152dd415f9b255122cb38_clause_015,"WHEREAS, Stryker and Orthovita entered into a January 18, 2011 letter agreement relating to confidentiality, as amended February 25, 2011
(the “Existing Confidentiality Agreement”);",[],unannotated,False,unannotated,,,segmentation_v3,unreviewed,legal_clause
f28c4f3d35a152dd415f9b255122cb38,f28c4f3d35a152dd415f9b255122cb38_clause_016,"WHEREAS, Stryker has retained the Stryker Advisors to provide legal assistance in connection with the Possible Transaction (the
“Evaluation”);",[],unannotated,False,unannotated,,,segmentation_v3,unreviewed,legal_clause
f28c4f3d35a152dd415f9b255122cb38,f28c4f3d35a152dd415f9b255122cb38_clause_017,"WHEREAS, the Parties wish to facilitate the provision by Orthovita of information and materials to the Stryker Advisors, but also desire to
ensure that appropriate safeguards and restrictions are followed with respect to the transmittal of any such information and materials to the Stryker
Advisors.
NOW, THEREFORE, in consideration of the promises and the mutual covenants contained herein, and for other good and valuable
consideration, the receipt and sufficiency of which are hereby acknowledged, the Parties, intending to be legally bound, hereby agree as follows:",[],unannotated,False,unannotated,,,segmentation_v3,unreviewed,legal_clause
f28c4f3d35a152dd415f9b255122cb38,f28c4f3d35a152dd415f9b255122cb38_clause_018,"1. In order to permit Stryker to conduct the Evaluation, Orthovita or its employees, officers, or other representatives will provide to the Stryker
Advisors, orally, in writing, or by other means, the Trade Secret Information (as defined below). The Stryker Advisors agree that they will use the
Trade Secret Information only for the purposes of the Evaluation and will not share with Stryker or any other person any Trade Secret Information
except in accordance with the terms of this Agreement or as authorized in advance in writing by Orthovita or its representative.",[],unannotated,False,unannotated,,,segmentation_v3,unreviewed,legal_clause
f28c4f3d35a152dd415f9b255122cb38,f28c4f3d35a152dd415f9b255122cb38_clause_019,"2. As used in this agreement, the term “Trade Secret Information” means information or materials that have, are related to or reflecting
(A) collagen processing techniques pertaining to medical grade collagen, Vitagel, Vitastat and other hemostat products, (B) details of the
composition of, exact formulations of raw materials, quality assurance test release criteria and manufacturing processes for Vitoss, Vitoss BA, Vitoss
Foam Products, Vitoss Flowable Products, Vitoss Elemental, Vitoss BA Bimodal, Vitoss BA2X, Vitagel, Vitastat and BA PEEK, (C) exact method
of making combeite (heat-treated bioactive glass), (D) sileanation of bioactive",[],unannotated,False,unannotated,,,segmentation_v3,unreviewed,legal_clause
f28c4f3d35a152dd415f9b255122cb38,f28c4f3d35a152dd415f9b255122cb38_clause_020,"glass (currently used in Cortoss), (E) details of the Cortoss formulation and manufacturing process.
Trade Secret Information shall not include, however, information that (i) is or has been made available to Stryker by Orthovita or its representatives
(provided that this subsection (i) shall not apply to Trade Secret Information made available to Stryker by the Stryker Advisors), (ii) is or becomes
available to the public other than as a result of disclosure in breach of this Agreement, or (iii) is or becomes available to Stryker or the Stryker
Advisors from a source other than Orthovita or its representatives, provided that, to the best of Stryker’s or a Stryker Advisor’s knowledge, such
source is in lawful possession of such information and is not bound by any agreement with Orthovita to keep such information confidential, or
otherwise prohibited from transmitting such information to Stryker or any Stryker Advisor.",[],unannotated,False,unannotated,,,segmentation_v3,unreviewed,legal_clause
f28c4f3d35a152dd415f9b255122cb38,f28c4f3d35a152dd415f9b255122cb38_clause_021,"3. Nothing in this Agreement shall (i) prohibit the Stryker Advisors from conducting investigations based on the Trade Secret Information,
provided that no source of information under such investigation is known by Stryker or any Stryker Advisor, to the best of its knowledge, to be
bound by any agreement with Orthovita to keep such information confidential, and otherwise is not prohibited from transmitting such information to
Stryker or any Stryker Advisor, (ii) prohibit the Stryker Advisors from advising Stryker regarding the Stryker Advisors’ opinions based on their
investigations, and the general reasons for its opinions, about any matters for which the Stryker Advisors are engaged to advise Stryker, or
(iii) require the Stryker Advisors to obtain prior review or approval from Orthovita before rendering such opinions to Stryker.",[],unannotated,False,unannotated,,,segmentation_v3,unreviewed,legal_clause
f28c4f3d35a152dd415f9b255122cb38,f28c4f3d35a152dd415f9b255122cb38_clause_022,"4. The Stryker Advisors shall not disclose Trade Secret Information to any third party, including a third party consultant engaged to assist in
the Evaluation (a “Consultant”) unless, prior to any such disclosure, such Consultant agrees in writing to be bound by the terms of this Agreement,
the Stryker Advisors notify Orthovita of the identity of such Consultant and Orthovita approves in writing the disclosure of Trade Secret Information
to such Consultant.",[],unannotated,False,unannotated,,,segmentation_v3,unreviewed,legal_clause
f28c4f3d35a152dd415f9b255122cb38,f28c4f3d35a152dd415f9b255122cb38_clause_023,"5. To the extent that Stryker inadvertently receives information, whether oral or written, that it reasonably believes constitutes, contains, or
discloses Trade Secret Information, Stryker shall: (i) promptly report such receipt to Orthovita; and (ii) promptly turn over all originals and copies
(including all electronic copies in any media) of such Trade Secret Information, to the extent it is written, to Orthovita. If confirmed to be Trade
Secret Information, Stryker agrees to maintain such Trade Secret Information in confidence so long as it remains a trade secret. If not confirmed to
be Trade Secret Information, Orthovita shall return all materials turned over by Stryker to the extent that the Evaluation is ongoing.",[],unannotated,False,unannotated,,,segmentation_v3,unreviewed,legal_clause
f28c4f3d35a152dd415f9b255122cb38,f28c4f3d35a152dd415f9b255122cb38_clause_024,"6. Upon the request of Orthovita or its representative, and within two (2) weeks after such request (unless another time frame is agreed to in
writing by the Parties), the Stryker Advisors shall return all originals and copies of any Trade Secret Information (including all electronic copies in
any media) to Orthovita and shall destroy all notes, hard copies and electronic copies, that contain or disclose Trade Secret Information, and shall
certify as to such destruction to Orthovita in writing.",[],unannotated,False,unannotated,,,segmentation_v3,unreviewed,legal_clause
f28c4f3d35a152dd415f9b255122cb38,f28c4f3d35a152dd415f9b255122cb38_clause_025,"2

7. Each of Stryker and the Stryker Advisors acknowledges that money damages are an inadequate remedy for breach of this Agreement
because of the difficulty of ascertaining the amount of damage that may be suffered in the event that this Agreement is breached and other factors,
including irreparable injury to Orthovita. Therefore, Orthovita shall be entitled to such equitable relief as may be appropriate, including an injunction
and specific performance, in the event of any breach of the provisions of this Agreement by any other Party, in addition to all other remedies
available to Orthovita at law or in equity.
8.",[],unannotated,False,unannotated,,,segmentation_v3,unreviewed,legal_clause
f28c4f3d35a152dd415f9b255122cb38,f28c4f3d35a152dd415f9b255122cb38_clause_026,"(a)
This Agreement and all disputes or controversies arising out of or relating to or seeking to enforce this Agreement shall be governed by,
and construed in accordance with, the internal laws of the State of Delaware, without regard to the laws of any other jurisdiction that
might be applied because of the conflicts of laws principles.",[],unannotated,False,unannotated,,,segmentation_v3,unreviewed,legal_clause
f28c4f3d35a152dd415f9b255122cb38,f28c4f3d35a152dd415f9b255122cb38_clause_027,"(b)
TO THE EXTENT NOT PROHIBITED BY APPLICABLE LAW WHICH CANNOT BE WAIVED, THE PARTIES HERETO
HEREBY WAIVE AND COVENANT THAT THEY WILL NOT ASSERT (WHETHER AS PLAINTIFF, DEFENDANT OR
OTHERWISE) ANY RIGHT TO TRIAL BY JURY IN ANY FORUM IN RESPECT TO ANY CLAIM, CAUSE OF ACTION OR
SUIT (IN CONTRACT, TORT OR OTHERWISE) ARISING OUT OF OR BASED UPON THIS AGREEMENT OR THE SUBJECT
MATTER HEREOF. ANY PARTY HERETO MAY FILE AN ORIGINAL COUNTERPART OR A COPY OF THIS SECTION 8(b)",[],unannotated,False,unannotated,,,segmentation_v3,unreviewed,legal_clause
f28c4f3d35a152dd415f9b255122cb38,f28c4f3d35a152dd415f9b255122cb38_clause_028,"WITH ANY COURT AS WRITTEN EVIDENCE OF THE CONSENT OF EACH SUCH PARTY TO THE WAIVER OF ITS RIGHT
TO TRIAL BY JURY.",[],unannotated,False,unannotated,,,segmentation_v3,unreviewed,legal_clause
f28c4f3d35a152dd415f9b255122cb38,f28c4f3d35a152dd415f9b255122cb38_clause_029,"9. Nothing herein shall preclude the Stryker Advisors from disclosing any Trade Secret Information, to the extent required by applicable law or
valid subpoena provided that, with respect to each of the foregoing and: (i) the Stryker Advisors shall notify Orthovita of the existence, terms and
circumstances surrounding such disclosure as far in advance as is reasonably practicable and consult with Orthovita on the advisability of taking
steps available under applicable law to resist or narrow the scope of any such compelled disclosure, (ii) the Stryker Advisors shall reasonably
cooperate with Orthovita in taking any such steps to resist or narrow the scope of any such disclosure as may be requested by Orthovita, (iii) the
Stryker Advisors shall exercise their reasonable best efforts to provide such information on a confidential basis or obtain an order or other assurance
that confidential treatment will be accorded to such information, and (iv) the Stryker Advisors shall exercise their reasonable best efforts to permit
Orthovita or its counsel, at Orthovita’s expense, to attend all depositions and other proceedings pertaining to such disclosure.",[],unannotated,False,unannotated,,,segmentation_v3,unreviewed,legal_clause
f28c4f3d35a152dd415f9b255122cb38,f28c4f3d35a152dd415f9b255122cb38_clause_030,"10. The Parties hereby agree that this Agreement shall not be construed in any manner to be an obligation to proceed with the Proposed
Transaction.",[],unannotated,False,unannotated,,,segmentation_v3,unreviewed,legal_clause
f28c4f3d35a152dd415f9b255122cb38,f28c4f3d35a152dd415f9b255122cb38_clause_031,"11. Orthovita shall not use the disclosure of the Trade Secret Information to the Stryker Advisors to disqualify the Stryker Advisors from
representing Stryker in any matter.",[],unannotated,False,unannotated,,,segmentation_v3,unreviewed,legal_clause
f28c4f3d35a152dd415f9b255122cb38,f28c4f3d35a152dd415f9b255122cb38_clause_032,"3

12. This Agreement may be executed in one or more counterparts, each of which shall be deemed to be an original and all of which taken
together shall be deemed to constitute one and the same agreement.",[],unannotated,False,unannotated,,,segmentation_v3,unreviewed,legal_clause
f28c4f3d35a152dd415f9b255122cb38,f28c4f3d35a152dd415f9b255122cb38_clause_033,"13. All notices, demands or other communications to be given or delivered under or by reason of the provisions of this Agreement shall be in
writing and shall be deemed to have been duly given if (i) delivered personally to the recipient, (ii) sent to the recipient by reputable express courier
service (charges prepaid) or mailed to the recipient by certified or registered mail, return receipt requested and postage prepaid, or (iii) transmitted by
telecopy to the recipient with a confirmation copy to follow the next day to be delivered by overnight carrier. Date of service of such notice shall be
(A) the date such notice is personally delivered, (B) three days after the date of mailing if sent by certified or registered mail, (C) the next business
day after the date of delivery to the overnight courier if sent by overnight courier or (D) the next business day after the date of transmittal by
telecopy. Such notices, demands and other communications shall be sent to the addresses indicated below or to such other address or to the attention
of such other person as the recipient Party has specified by prior written notice to the sending Party.",[],unannotated,False,unannotated,,,segmentation_v3,unreviewed,legal_clause
f28c4f3d35a152dd415f9b255122cb38,f28c4f3d35a152dd415f9b255122cb38_clause_034,"(a)
if to Stryker, to
Stryker Corporation
325 Corporate Drive
Mahwah, NJ 07430
Attention: Legal Department, Stryker Orthopaedics
Facsimile: (201) 831-4704
with a copy to:
King & Spalding LLP
1700 Pennsylvania Avenue, NW
Washington, DC 20006
Attention: Pamela F. Forrest
Facsimile: (202) 626-3737
and to:
Lerner, David, Littenberg, Krumholz & Mentlik LLP
600 South Avenue West
Westfield, NJ 07090
Attention: Keith E. Gilman
Facsimile: (908) 654-7866",[],unannotated,False,unannotated,,,segmentation_v3,unreviewed,legal_clause
f28c4f3d35a152dd415f9b255122cb38,f28c4f3d35a152dd415f9b255122cb38_clause_035,"(b)
if to Orthovita, to:
Orthovita, Inc.
77 Great Valley Parkway
Malvern, PA 19355
Attention: General Counsel
Facsimile: (610) 640-2603",[],unannotated,False,unannotated,,,segmentation_v3,unreviewed,legal_clause
f28c4f3d35a152dd415f9b255122cb38,f28c4f3d35a152dd415f9b255122cb38_clause_036,"4

14.

(a)
No failure or delay by any Party in exercising any right, power or privilege hereunder will operate as a wavier thereof, nor will any
single or partial exercise thereof preclude any other or further exercise thereof or the exercise of any other right, power or privilege
hereunder.",[],unannotated,False,unannotated,,,segmentation_v3,unreviewed,legal_clause
f28c4f3d35a152dd415f9b255122cb38,f28c4f3d35a152dd415f9b255122cb38_clause_037,"(b)
This Agreement and the Existing Confidentiality Agreement (which shall remain in full force and effect) embody the entire agreement
and understanding of the Parties with respect to the subject matter hereof and supersede all prior discussions, negotiations, agreements
and understandings among the Parties with respect to the subject matter hereof and thereof.",[],unannotated,False,unannotated,,,segmentation_v3,unreviewed,legal_clause
f28c4f3d35a152dd415f9b255122cb38,f28c4f3d35a152dd415f9b255122cb38_clause_038,"(c)
This Agreement supplements but does not replace or supersede any prior agreements between the parties relating to the exchange of
confidential information in connection with the Possible Transaction, including the Existing Confidentiality Agreement.",[],unannotated,False,unannotated,,,segmentation_v3,unreviewed,legal_clause
f28c4f3d35a152dd415f9b255122cb38,f28c4f3d35a152dd415f9b255122cb38_clause_039,"(d)
This Agreement may be amended only by a writing signed by all Parties hereto.",[],unannotated,False,unannotated,,,segmentation_v3,unreviewed,legal_clause
f28c4f3d35a152dd415f9b255122cb38,f28c4f3d35a152dd415f9b255122cb38_clause_040,"(e)
No Party may assign this Agreement or any of its rights hereunder without the written consent of the other Parties, without the prior
express written approval of the other Parties. This Agreement shall be binding and inure to the benefit of the Parties, and their respective
successors and assigns.",[],unannotated,False,unannotated,,,segmentation_v3,unreviewed,legal_clause
f28c4f3d35a152dd415f9b255122cb38,f28c4f3d35a152dd415f9b255122cb38_clause_041,"15. For purposes of this Agreement, “Affiliate(s)” means, as to any person(s) or entity(ies), that directly or indirectly through on or more
intermediaries, controls, is controlled by, or is under common control with, person(s) or entity(ies). Each Party shall cause each of its controlled
Affiliates to comply with the terms of this Agreement as if such controlled Affiliate were a Party hereto.",[],unannotated,False,unannotated,,,segmentation_v3,unreviewed,legal_clause
f28c4f3d35a152dd415f9b255122cb38,f28c4f3d35a152dd415f9b255122cb38_clause_042,"16. If any portion or provision of this Agreement shall to any extent be declared illegal or unenforceable by a court of competent jurisdiction,
then the remainder of this Agreement, or the application of such portion or provision in circumstances other than those as to which it is so declared
illegal or unenforceable, shall not be affected thereby, and each portion and provision of this Agreement shall be valid and enforceable to the fullest
extent permitted by applicable law.",[],unannotated,False,unannotated,,,segmentation_v3,unreviewed,legal_clause
f28c4f3d35a152dd415f9b255122cb38,f28c4f3d35a152dd415f9b255122cb38_clause_043,"5

IN WITNESS WHEREOF, the Parties hereto have executed this Agreement as of the date first written above.",[],unannotated,False,unannotated,,,segmentation_v3,unreviewed,legal_clause
f28c4f3d35a152dd415f9b255122cb38,f28c4f3d35a152dd415f9b255122cb38_clause_044,STRYKER CORPORATION,[],unannotated,False,unannotated,,,segmentation_v3,unreviewed,section_heading
f28c4f3d35a152dd415f9b255122cb38,f28c4f3d35a152dd415f9b255122cb38_clause_045,"ORTHOVITA, INC.
By:
 /s/ Bryant Zanko",[],unannotated,False,unannotated,,,segmentation_v3,unreviewed,legal_clause
f28c4f3d35a152dd415f9b255122cb38,f28c4f3d35a152dd415f9b255122cb38_clause_046,"By:
 /s/ Antony Koblish
Name: Bryant Zanko",[],unannotated,False,unannotated,,,segmentation_v3,unreviewed,legal_clause
f28c4f3d35a152dd415f9b255122cb38,f28c4f3d35a152dd415f9b255122cb38_clause_047,"Name: Antony Koblish
Title: VP, Business Development",[],unannotated,False,unannotated,,,segmentation_v3,unreviewed,legal_clause
f28c4f3d35a152dd415f9b255122cb38,f28c4f3d35a152dd415f9b255122cb38_clause_048,Title: President and CEO,[],unannotated,False,unannotated,,,segmentation_v3,unreviewed,legal_clause
f28c4f3d35a152dd415f9b255122cb38,f28c4f3d35a152dd415f9b255122cb38_clause_049,KING & SPALDING LLP,[],unannotated,False,unannotated,,,segmentation_v3,unreviewed,section_heading
f28c4f3d35a152dd415f9b255122cb38,f28c4f3d35a152dd415f9b255122cb38_clause_050,"LERNER DAVID LITTENBERG
KRUMHOLZ & MENTLIK LLP
By:
 /s/ Pamela F. Forrest",[],unannotated,False,unannotated,,,segmentation_v3,unreviewed,legal_clause
f28c4f3d35a152dd415f9b255122cb38,f28c4f3d35a152dd415f9b255122cb38_clause_051,"By:
 /s/ Keith E. Gilman
Name: Pamela F. Forrest",[],unannotated,False,unannotated,,,segmentation_v3,unreviewed,legal_clause
f28c4f3d35a152dd415f9b255122cb38,f28c4f3d35a152dd415f9b255122cb38_clause_052,"Name: Keith E. Gilman
Title: Partner",[],unannotated,False,unannotated,,,segmentation_v3,unreviewed,legal_clause
f28c4f3d35a152dd415f9b255122cb38,f28c4f3d35a152dd415f9b255122cb38_clause_053,"Title: Partner

6

[ORTHOVITA, INC. LETTERHEAD]
May 8, 2011
Bryant Zanko
Vice President, Business Development
Stryker Corporation
2725 Fairfield Road
Kalamazoo, MI 49002
Dear Bryant:
Reference is made to that certain letter agreement dated as of January 18, 2011 by and between Orthovita, Inc. (the “Company”) and Stryker
Corporation (“Stryker”), as amended on February 25, 2011 (the “Agreement”). Capitalized terms used herein and not otherwise defined herein shall
have the meanings given to them in the Agreement.
Stryker has requested that Orthovita disclose certain trade secrets to certain of its employees (the “Stryker Trade Secret Recipients” as set forth
below) as part of the evaluation of a possible negotiated transaction between the parties. By execution and delivery of this letter, Stryker agrees that
the Stryker Trade Secret Recipients may receive access to the trade secrets described below, which trade secrets are included within the definition of
Evaluation Materials under the Agreement:
Information or materials that have, are related to or reflect processing techniques pertaining to pepsinized, soluable collagen and/or pepsinized,
soluable collagen in solution with thrombin.
The “Stryker Trade Secret Recipients” are: William Cymbaluk, Vice President of Clinical/Quality/Regulatory Affairs; Anthony Faucette, Sr.
Manager, Sterilization Sciences; Rod Parker, Sr. Clinical Sciences Manager; and Leisel Masson, Sr. Microbiologist.
Stryker further agrees that it shall inform the Stryker Trade Secret Recipients of the confidential nature of the trade secrets described herein and shall
be directed by Stryker, and shall have agreed or shall otherwise be bound by an obligation, to treat such information confidential in accordance with
the Agreement.
Except as specifically provided herein all other terms and conditions of the Agreement shall remain unchanged and in full force and effect.",[],unannotated,False,unannotated,,,segmentation_v3,unreviewed,legal_clause
f28c4f3d35a152dd415f9b255122cb38,f28c4f3d35a152dd415f9b255122cb38_clause_054,"If you are in agreement with the foregoing, please sign and return one copy of this letter.",[],unannotated,False,unannotated,,,segmentation_v3,unreviewed,legal_clause
f28c4f3d35a152dd415f9b255122cb38,f28c4f3d35a152dd415f9b255122cb38_clause_055,"Very truly yours,

ORTHOVITA, INC.
By: /s/ Antony Koblish",[],unannotated,False,unannotated,,,segmentation_v3,unreviewed,legal_clause
f28c4f3d35a152dd415f9b255122cb38,f28c4f3d35a152dd415f9b255122cb38_clause_056,"Antony Koblish,
President and Chief Executive Officer",[],unannotated,False,unannotated,,,segmentation_v3,unreviewed,legal_clause
f28c4f3d35a152dd415f9b255122cb38,f28c4f3d35a152dd415f9b255122cb38_clause_057,"Accepted and agreed to as of the date hereof:
Stryker Corporation
By: /s/ Bryant Zanko",[],unannotated,False,unannotated,,,segmentation_v3,unreviewed,legal_clause
f28c4f3d35a152dd415f9b255122cb38,f28c4f3d35a152dd415f9b255122cb38_clause_058,"Bryant Zanko
Vice President, Business Development",[],unannotated,False,unannotated,,,segmentation_v3,unreviewed,legal_clause
f28c4f3d35a152dd415f9b255122cb38,f28c4f3d35a152dd415f9b255122cb38_clause_059,2,[],unannotated,False,unannotated,,,segmentation_v3,unreviewed,fragment
